DATA;TOTAL_VENDA;CAIXA_VENDEDOR;COD_FORMA_PGTO;VALOR_CANCELADO;NUMERO_CUPOM_FISCAL
2017-02-01 00:00:00.000;149;UGB ;1;0;5698
2017-02-01 00:00:00.000;162;UGB ;1;0;5699
2017-02-01 00:00:00.000;124;UGB ;4;0;5700
2017-02-01 00:00:00.000;270;UGB ;1;0;5701
2017-02-01 00:00:00.000;284;UGB ;1;0;5702
2017-02-01 00:00:00.000;218;UGB ;3;0;5703
2017-02-01 00:00:00.000;269;UGB ;3;0;5704
2017-02-01 00:00:00.000;202;UGB ;4;0;5705
2017-02-01 00:00:00.000;309;UGB ;;0;5706
2017-02-01 00:00:00.000;311;UGB ;3;0;5707
2017-02-01 00:00:00.000;184;UGB ;;0;5708
2017-02-01 00:00:00.000;239;UGB ;1;0;5709
2017-02-01 00:00:00.000;135;UGB ;;0;5710
2017-02-01 00:00:00.000;225;UGB ;4;0;5711
2017-02-01 00:00:00.000;113;UGB ;1;0;5712
2017-03-01 00:00:00.000;204;UGB ;3;0;5713
2017-03-01 00:00:00.000;306;UGB ;4;0;5714
2017-03-01 00:00:00.000;142;UGB ;;0;5715
2017-03-01 00:00:00.000;303;UGB ;1;0;5716
2017-03-01 00:00:00.000;151;UGB ;3;0;5717
2017-03-01 00:00:00.000;288;UGB ;4;0;5718
2017-03-01 00:00:00.000;234;UGB ;;0;5719
2017-03-01 00:00:00.000;126;UGB ;1;0;5720
2017-03-01 00:00:00.000;216;UGB ;1;0;5721
2017-03-01 00:00:00.000;300;UGB ;4;0;5722
2017-03-01 00:00:00.000;218;UGB ;3;0;5723
2017-03-01 00:00:00.000;279;UGB ;4;0;5724
2017-03-01 00:00:00.000;290;UGB ;;0;5725
2017-03-01 00:00:00.000;272;UGB ;4;0;5726
2017-04-01 00:00:00.000;245;UGB ;4;0;5727
2017-04-01 00:00:00.000;234;UGB ;;0;5728
2017-04-01 00:00:00.000;117;UGB ;4;0;5729
2017-04-01 00:00:00.000;169;UGB ;;0;5730
2017-04-01 00:00:00.000;247;UGB ;;5200;5731
2017-04-01 00:00:00.000;230;UGB ;4;0;5732
2017-04-01 00:00:00.000;276;UGB ;4;0;5733
2017-04-01 00:00:00.000;119;UGB ;4;0;5734
2017-04-01 00:00:00.000;296;UGB ;4;0;5735
2017-04-01 00:00:00.000;178;UGB ;3;0;5736
2017-04-01 00:00:00.000;228;UGB ;1;0;5737
2017-04-01 00:00:00.000;245;UGB ;3;890;5738
2017-04-01 00:00:00.000;117;UGB ;4;756;5739
2017-04-01 00:00:00.000;199;UGB ;4;965;5740
2017-04-01 00:00:00.000;148;UGB ;4;0;5741
2017-04-01 00:00:00.000;252;UGB ;4;0;5742
2017-04-01 00:00:00.000;126;UGB ;;0;5743
2017-04-01 00:00:00.000;213;UGB ;4;0;5744
2017-04-01 00:00:00.000;128;UGB ;4;0;5745
2017-04-01 00:00:00.000;279;UGB ;4;0;5746
2017-04-01 00:00:00.000;195;UGB ;3;0;5747
2017-04-01 00:00:00.000;307;UGB ;;0;5748
2017-04-01 00:00:00.000;208;UGB ;1;0;5749
2017-04-01 00:00:00.000;137;UGB ;;0;5750
2017-04-01 00:00:00.000;271;UGB ;4;0;5751
2017-04-01 00:00:00.000;300;UGB ;;0;5752
2017-04-01 00:00:00.000;177;UGB ;4;122,7;5753
2017-04-01 00:00:00.000;282;UGB ;4;899,9;5754
2017-04-01 00:00:00.000;211;UGB ;4;988,3;5755
2017-04-01 00:00:00.000;230;UGB ;4;0;5756
2017-05-01 00:00:00.000;288;WAO ;1;0;5757
2017-05-01 00:00:00.000;138;WAO ;1;0;5758
2017-05-01 00:00:00.000;121;WAO ;4;0;5759
2017-05-01 00:00:00.000;259;WAO ;1;0;5760
2017-05-01 00:00:00.000;158;WAO ;;0;5761
2017-05-01 00:00:00.000;269;WAO ;4;0;5762
2017-05-01 00:00:00.000;242;WAO ;;0;5763
2017-05-01 00:00:00.000;228;WAO ;4;0;5764
2017-12-01 00:00:00.000;183;8080;1;0;5765
2017-12-01 00:00:00.000;233;8080;4;0;5766
2017-12-01 00:00:00.000;271;8080;4;0;5767
2017-12-01 00:00:00.000;261;8080;;0;5768
2017-12-01 00:00:00.000;188;8080;4;1500;5769
2017-12-01 00:00:00.000;168;8080;1;0;5770
2017-12-01 00:00:00.000;217;8080;1;0;5771
2017-12-01 00:00:00.000;263;8080;4;0;5772
2017-12-01 00:00:00.000;176;8080;4;0;5773
2017-12-01 00:00:00.000;228;8080;4;0;5774
2017-12-01 00:00:00.000;211;8080;1;0;5775
2017-12-01 00:00:00.000;150;8080;1;0;5776
2017-12-01 00:00:00.000;188;8080;4;0;5777
2017-12-01 00:00:00.000;204;8080;;0;5778
2017-12-01 00:00:00.000;209;8080;1;0;5779
2017-12-01 00:00:00.000;272;8080;4;0;5780
2017-12-01 00:00:00.000;225;8080;4;110,9;5781
2017-12-01 00:00:00.000;227;8080;1;112,9;5782
2017-12-01 00:00:00.000;215;8080;4;0;5783
2017-12-01 00:00:00.000;189;8080;1;0;5784
2017-12-01 00:00:00.000;226;8080;4;0;5785
2017-12-01 00:00:00.000;157;8080;4;0;5786
2017-12-01 00:00:00.000;218;8080;4;0;5787
2017-12-01 00:00:00.000;242;8080;4;0;5788
2017-12-01 00:00:00.000;279;8080;1;0;5789
2017-12-01 00:00:00.000;157;8080;1;0;5790
2017-12-01 00:00:00.000;137;8080;4;0;5791
2017-12-01 00:00:00.000;222;8080;1;0;5792
2017-12-01 00:00:00.000;129;8080;4;0;5793
2017-12-01 00:00:00.000;145;8080;4;0;5794
2017-12-01 00:00:00.000;176;8080;4;0;5795
2017-12-01 00:00:00.000;177;8080;4;0;5796
2017-12-01 00:00:00.000;145;8080;4;0;5797
2017-12-01 00:00:00.000;220;8080;4;0;5798
2017-12-01 00:00:00.000;284;8080;4;0;5799
2017-12-01 00:00:00.000;208;8080;4;0;5800
2017-12-01 00:00:00.000;265;8080;1;0;5801
2017-12-01 00:00:00.000;254;8080;1;0;5802
2017-12-01 00:00:00.000;142;8080;4;0;5803
2017-12-01 00:00:00.000;266;8080;1;0;5804
2017-12-01 00:00:00.000;284;8080;1;700;5805
2017-12-01 00:00:00.000;263;8080;4;0;5806
2017-12-01 00:00:00.000;203;8080;1;0;5807
2017-12-01 00:00:00.000;148;8080;4;0;5808
2017-12-01 00:00:00.000;223;8080;4;0;5809
2017-12-01 00:00:00.000;193;8080;4;0;5810
2017-12-01 00:00:00.000;248;8080;4;0;5811
2017-01-02 00:00:00.000;194;8080;4;0;5812
2017-01-02 00:00:00.000;187;8080;4;0;5813
2017-01-02 00:00:00.000;141;8080;1;0;5814
2017-01-02 00:00:00.000;142;8080;4;0;5815
2017-01-02 00:00:00.000;208;8080;4;0;5816
2017-01-02 00:00:00.000;294;8080;1;0;5817
2017-01-02 00:00:00.000;127;8080;1;0;5818
2017-01-02 00:00:00.000;284;8080;1;0;5819
2017-01-02 00:00:00.000;168;8080;;0;5820
2017-01-02 00:00:00.000;139;8080;4;0;5821
2017-01-02 00:00:00.000;144;8080;4;0;5822
2017-01-02 00:00:00.000;220;8080;4;0;5823
2017-01-02 00:00:00.000;283;8080;4;0;5824
2017-01-02 00:00:00.000;220;8080;4;0;5825
2017-01-02 00:00:00.000;193;8080;;0;5826
2017-01-02 00:00:00.000;258;8080;;0;5827
2017-02-02 00:00:00.000;202;UGB ;1;0;5828
2017-02-02 00:00:00.000;192;UGB ;4;0;5829
2017-02-02 00:00:00.000;113;UGB ;;0;5830
2017-02-02 00:00:00.000;239;UGB ;1;0;5831
2017-02-02 00:00:00.000;156;UGB ;1;0;5832
2017-02-02 00:00:00.000;270;UGB ;4;0;5833
2017-02-02 00:00:00.000;225;UGB ;3;0;5834
2017-02-02 00:00:00.000;186;UGB ;;0;5835
2017-02-02 00:00:00.000;134;UGB ;;0;5836
2017-02-02 00:00:00.000;238;UGB ;;0;5837
2017-02-02 00:00:00.000;303;UGB ;3;0;5838
2017-02-02 00:00:00.000;134;UGB ;1;0;5839
2017-02-02 00:00:00.000;208;UGB ;;0;5840
2017-02-02 00:00:00.000;196;UGB ;1;0;5841
2017-02-02 00:00:00.000;118;UGB ;1;0;5842
2017-02-02 00:00:00.000;174;UGB ;1;0;5843
2017-02-02 00:00:00.000;162;UGB ;1;0;5844
2017-02-02 00:00:00.000;258;UGB ;1;0;5845
2017-03-02 00:00:00.000;176;UGB ;1;0;5846
2017-03-02 00:00:00.000;311;UGB ;1;0;5847
2017-03-02 00:00:00.000;179;UGB ;4;0;5848
2017-03-02 00:00:00.000;129;UGB ;1;0;5849
2017-03-02 00:00:00.000;124;UGB ;4;0;5850
2017-03-02 00:00:00.000;197;UGB ;3;0;5851
2017-03-02 00:00:00.000;153;UGB ;4;0;5852
2017-03-02 00:00:00.000;130;UGB ;1;0;5853
2017-03-02 00:00:00.000;301;UGB ;4;0;5854
2017-03-02 00:00:00.000;112;UGB ;1;0;5855
2017-03-02 00:00:00.000;306;UGB ;;0;5856
2017-03-02 00:00:00.000;237;UGB ;3;0;5857
2017-03-02 00:00:00.000;191;UGB ;1;0;5858
2017-03-02 00:00:00.000;268;UGB ;3;0;5859
2017-03-02 00:00:00.000;174;UGB ;3;0;5860
2017-03-02 00:00:00.000;216;UGB ;;0;5861
2017-03-02 00:00:00.000;185;UGB ;4;0;5862
2017-03-02 00:00:00.000;227;UGB ;3;0;5863
2017-03-02 00:00:00.000;221;UGB ;;0;5864
2017-03-02 00:00:00.000;129;UGB ;1;0;5865
2017-03-02 00:00:00.000;281;UGB ;4;0;5866
2017-03-02 00:00:00.000;137;UGB ;3;0;5867
2017-03-02 00:00:00.000;224;UGB ;3;0;5868
2017-03-02 00:00:00.000;223;UGB ;4;0;5869
2017-03-02 00:00:00.000;286;UGB ;;0;5870
2017-03-02 00:00:00.000;242;UGB ;4;0;5871
2017-03-02 00:00:00.000;304;UGB ;4;0;5872
2017-03-02 00:00:00.000;130;UGB ;1;0;5873
2017-03-02 00:00:00.000;178;UGB ;3;0;5874
2017-03-02 00:00:00.000;148;UGB ;4;0;5875
2017-03-02 00:00:00.000;162;UGB ;4;0;5876
2017-03-02 00:00:00.000;160;UGB ;4;0;5877
2017-03-02 00:00:00.000;267;UGB ;3;0;5878
2017-03-02 00:00:00.000;189;UGB ;4;0;5879
2017-04-02 00:00:00.000;209;UGB ;3;0;5880
2017-04-02 00:00:00.000;301;UGB ;4;0;5881
2017-04-02 00:00:00.000;125;UGB ;4;0;5882
2017-04-02 00:00:00.000;225;UGB ;;0;5883
2017-04-02 00:00:00.000;160;UGB ;;0;5884
2017-04-02 00:00:00.000;141;UGB ;;0;5885
2017-04-02 00:00:00.000;291;UGB ;;0;5886
2017-04-02 00:00:00.000;271;UGB ;4;0;5887
2017-04-02 00:00:00.000;296;UGB ;1;0;5888
2017-04-02 00:00:00.000;201;UGB ;3;0;5889
2017-04-02 00:00:00.000;230;UGB ;4;0;5890
2017-04-02 00:00:00.000;297;UGB ;3;0;5891
2017-04-02 00:00:00.000;226;UGB ;4;0;5892
2017-05-02 00:00:00.000;136;WAO ;;0;5893
2017-05-02 00:00:00.000;249;WAO ;1;0;5894
2017-05-02 00:00:00.000;136;WAO ;4;0;5895
2017-05-02 00:00:00.000;193;WAO ;1;0;5896
2017-05-02 00:00:00.000;174;WAO ;1;0;5897
2017-05-02 00:00:00.000;295;WAO ;4;0;5898
2017-05-02 00:00:00.000;194;WAO ;4;0;5899
2017-05-02 00:00:00.000;151;WAO ;1;0;5900
2017-05-02 00:00:00.000;178;WAO ;3;0;5901
2017-12-02 00:00:00.000;183;8080;;235,7;5902
2017-12-02 00:00:00.000;236;8080;;101,5;5903
2017-12-02 00:00:00.000;186;8080;1;0;5904
2017-12-02 00:00:00.000;115;8080;;0;5905
2017-12-02 00:00:00.000;197;8080;4;0;5906
2017-12-02 00:00:00.000;147;8080;1;0;5907
2017-12-02 00:00:00.000;195;8080;;0;5908
2017-12-02 00:00:00.000;290;8080;4;0;5909
2017-12-02 00:00:00.000;203;8080;;0;5910
2017-12-02 00:00:00.000;282;8080;4;0;5911
2017-12-02 00:00:00.000;298;8080;1;0;5912
2017-12-02 00:00:00.000;144;8080;4;0;5913
2017-12-02 00:00:00.000;209;8080;4;1300;5914
2017-12-02 00:00:00.000;270;8080;1;900;5915
2017-12-02 00:00:00.000;219;8080;4;0;5916
2017-12-02 00:00:00.000;133;8080;3;0;5917
2017-12-02 00:00:00.000;244;8080;4;0;5918
2017-12-02 00:00:00.000;189;8080;1;0;5919
2017-12-02 00:00:00.000;291;8080;1;0;5920
2017-12-02 00:00:00.000;128;8080;3;0;5921
2017-12-02 00:00:00.000;255;8080;1;0;5922
2017-12-02 00:00:00.000;206;8080;3;0;5923
2017-12-02 00:00:00.000;286;8080;4;0;5924
2017-12-02 00:00:00.000;235;8080;4;0;5925
2017-12-02 00:00:00.000;153;8080;;0;5926
2017-12-02 00:00:00.000;191;8080;1;0;5927
2017-12-02 00:00:00.000;157;8080;;900;5928
2017-12-02 00:00:00.000;174;8080;1;0;5929
2017-12-02 00:00:00.000;206;8080;4;0;5930
2017-12-02 00:00:00.000;283;8080;4;0;5931
2017-12-02 00:00:00.000;211;8080;4;0;5932
2017-12-02 00:00:00.000;141;8080;4;0;5933
2017-12-02 00:00:00.000;216;8080;4;0;5934
2017-12-02 00:00:00.000;114;8080;3;0;5935
2017-12-02 00:00:00.000;287;8080;3;0;5936
2017-12-02 00:00:00.000;312;8080;4;0;5937
2017-12-02 00:00:00.000;125;8080;1;0;5938
2017-12-02 00:00:00.000;165;8080;4;0;5939
2017-12-02 00:00:00.000;302;8080;4;0;5940
2017-12-02 00:00:00.000;179;8080;4;0;5941
2017-12-02 00:00:00.000;213;8080;;0;5942
2017-12-02 00:00:00.000;120;8080;;0;5943
2017-12-02 00:00:00.000;152;8080;1;0;5944
2017-12-02 00:00:00.000;255;8080;4;0;5945
2017-12-02 00:00:00.000;268;8080;;0;5946
2017-12-02 00:00:00.000;299;8080;3;0;5947
2017-12-02 00:00:00.000;275;8080;3;0;5948
2017-12-02 00:00:00.000;311;8080;3;0;5949
2017-12-02 00:00:00.000;181;8080;1;0;5950
2017-12-02 00:00:00.000;277;8080;4;0;5951
2017-12-02 00:00:00.000;144;8080;;0;5952
2017-01-03 00:00:00.000;216;UGB ;1;0;5953
2017-01-03 00:00:00.000;205;UGB ;1;0;5954
2017-01-03 00:00:00.000;225;UGB ;1;0;5955
2017-01-03 00:00:00.000;302;UGB ;3;0;5956
2017-01-03 00:00:00.000;243;UGB ;3;0;5957
2017-01-03 00:00:00.000;209;UGB ;1;0;5958
2017-01-03 00:00:00.000;241;UGB ;4;0;5959
2017-01-03 00:00:00.000;179;UGB ;3;0;5960
2017-01-03 00:00:00.000;267;UGB ;4;0;5961
2017-01-03 00:00:00.000;169;UGB ;3;0;5962
2017-01-03 00:00:00.000;170;UGB ;1;0;5963
2017-01-03 00:00:00.000;169;UGB ;4;0;5964
2017-01-03 00:00:00.000;202;UGB ;;0;5965
2017-01-03 00:00:00.000;254;UGB ;;0;5966
2017-01-03 00:00:00.000;151;UGB ;;0;5967
2017-01-03 00:00:00.000;266;UGB ;1;0;5968
2017-01-03 00:00:00.000;211;UGB ;;0;5969
2017-01-03 00:00:00.000;161;UGB ;3;0;5970
2017-01-03 00:00:00.000;162;UGB ;1;0;5971
2017-01-03 00:00:00.000;223;UGB ;1;0;5972
2017-01-03 00:00:00.000;301;UGB ;;0;5973
2017-01-03 00:00:00.000;291;UGB ;3;0;5974
2017-01-03 00:00:00.000;173;UGB ;;0;5975
2017-01-03 00:00:00.000;220;UGB ;;69,15;5976
2017-02-03 00:00:00.000;115;UGB ;1;0;5977
2017-02-03 00:00:00.000;119;UGB ;1;0;5978
2017-02-03 00:00:00.000;197;UGB ;1;0;5979
2017-02-03 00:00:00.000;178;UGB ;1;0;5980
2017-02-03 00:00:00.000;184;UGB ;1;0;5981
2017-02-03 00:00:00.000;255;UGB ;1;0;5982
2017-02-03 00:00:00.000;191;UGB ;1;0;5983
2017-02-03 00:00:00.000;117;UGB ;3;0;5984
2017-02-03 00:00:00.000;276;UGB ;1;0;5985
2017-02-03 00:00:00.000;290;UGB ;4;0;5986
2017-02-03 00:00:00.000;234;UGB ;1;0;5987
2017-02-03 00:00:00.000;301;UGB ;;0;5988
2017-02-03 00:00:00.000;228;UGB ;1;0;5989
2017-02-03 00:00:00.000;133;UGB ;;0;5990
2017-02-03 00:00:00.000;240;UGB ;3;0;5991
2017-02-03 00:00:00.000;269;UGB ;;0;5992
2017-03-03 00:00:00.000;129;UGB ;1;0;5993
2017-03-03 00:00:00.000;165;UGB ;4;0;5994
2017-03-03 00:00:00.000;270;UGB ;4;0;5995
2017-03-03 00:00:00.000;236;UGB ;1;0;5996
2017-03-03 00:00:00.000;294;UGB ;4;0;5997
2017-03-03 00:00:00.000;301;UGB ;1;0;5998
2017-03-03 00:00:00.000;127;UGB ;1;0;5999
2017-03-03 00:00:00.000;263;UGB ;;0;6000
2017-03-03 00:00:00.000;156;UGB ;4;0;6001
2017-03-03 00:00:00.000;216;UGB ;;0;6002
2017-03-03 00:00:00.000;133;UGB ;4;0;6003
2017-03-03 00:00:00.000;304;UGB ;1;0;6004
2017-03-03 00:00:00.000;277;UGB ;3;0;6005
2017-03-03 00:00:00.000;153;UGB ;3;0;6006
2017-03-03 00:00:00.000;200;UGB ;3;0;6007
2017-03-03 00:00:00.000;186;UGB ;1;0;6008
2017-03-03 00:00:00.000;143;UGB ;;0;6009
2017-03-03 00:00:00.000;183;UGB ;;0;6010
2017-03-03 00:00:00.000;298;UGB ;3;0;6011
2017-03-03 00:00:00.000;273;UGB ;1;0;6012
2017-03-03 00:00:00.000;165;UGB ;3;0;6013
2017-03-03 00:00:00.000;223;UGB ;;0;6014
2017-03-03 00:00:00.000;182;UGB ;;0;6015
2017-03-03 00:00:00.000;213;UGB ;4;0;6016
2017-03-03 00:00:00.000;272;UGB ;3;0;6017
2017-03-03 00:00:00.000;147;UGB ;;0;6018
2017-03-03 00:00:00.000;223;UGB ;4;0;6019
2017-03-03 00:00:00.000;243;UGB ;;0;6020
2017-03-03 00:00:00.000;127;UGB ;;0;6021
2017-03-03 00:00:00.000;246;UGB ;1;0;6022
2017-03-03 00:00:00.000;255;UGB ;;0;6023
2017-03-03 00:00:00.000;113;UGB ;4;0;6024
2017-03-03 00:00:00.000;121;UGB ;1;0;6025
2017-03-03 00:00:00.000;218;UGB ;1;0;6026
2017-04-03 00:00:00.000;190;UGB ;4;0;6027
2017-04-03 00:00:00.000;115;UGB ;3;0;6028
2017-04-03 00:00:00.000;242;UGB ;;0;6029
2017-04-03 00:00:00.000;169;UGB ;4;0;6030
2017-04-03 00:00:00.000;164;UGB ;1;0;6031
2017-04-03 00:00:00.000;154;UGB ;1;33,9;6032
2017-04-03 00:00:00.000;190;UGB ;1;0;6033
2017-04-03 00:00:00.000;247;UGB ;3;0;6034
2017-04-03 00:00:00.000;203;UGB ;1;0;6035
2017-04-03 00:00:00.000;124;UGB ;4;0;6036
2017-04-03 00:00:00.000;123;UGB ;3;0;6037
2017-04-03 00:00:00.000;121;UGB ;1;0;6038
2017-04-03 00:00:00.000;143;UGB ;3;0;6039
2017-04-03 00:00:00.000;249;UGB ;3;0;6040
2017-04-03 00:00:00.000;278;UGB ;4;0;6041
2017-04-03 00:00:00.000;207;UGB ;1;0;6042
2017-04-03 00:00:00.000;169;UGB ;4;0;6043
2017-04-03 00:00:00.000;168;UGB ;3;0;6044
2017-04-03 00:00:00.000;165;UGB ;3;0;6045
2017-04-03 00:00:00.000;307;UGB ;4;0;6046
2017-04-03 00:00:00.000;301;UGB ;4;0;6047
2017-04-03 00:00:00.000;189;UGB ;1;0;6048
2017-04-03 00:00:00.000;269;UGB ;1;0;6049
2017-04-03 00:00:00.000;149;UGB ;3;0;6050
2017-04-03 00:00:00.000;218;UGB ;3;0;6051
2017-04-03 00:00:00.000;128;UGB ;1;0;6052
2017-04-03 00:00:00.000;305;UGB ;;0;6053
2017-04-03 00:00:00.000;159;UGB ;1;0;6054
2017-04-03 00:00:00.000;238;UGB ;4;0;6055
2017-05-03 00:00:00.000;215;WAO ;4;0;6056
2017-05-03 00:00:00.000;242;WAO ;1;0;6057
2017-05-03 00:00:00.000;261;WAO ;1;0;6058
2017-05-03 00:00:00.000;301;WAO ;1;0;6059
2017-05-03 00:00:00.000;270;WAO ;1;0;6060
2017-05-03 00:00:00.000;197;WAO ;4;0;6061
2017-05-03 00:00:00.000;206;WAO ;1;0;6062
2017-05-03 00:00:00.000;294;WAO ;3;0;6063
2017-05-03 00:00:00.000;298;WAO ;4;0;6064
2017-05-03 00:00:00.000;218;WAO ;4;0;6065
2017-05-03 00:00:00.000;213;WAO ;1;0;6066
2017-05-03 00:00:00.000;118;WAO ;;0;6067
2017-05-03 00:00:00.000;136;WAO ;3;0;6068
2017-05-03 00:00:00.000;241;WAO ;;0;6069
2017-05-03 00:00:00.000;256;WAO ;;0;6070
2017-05-03 00:00:00.000;298;WAO ;;0;6071
2017-05-03 00:00:00.000;177;WAO ;4;0;6072
2017-11-03 00:00:00.000;291;8080;1;28,9;6073
2017-11-03 00:00:00.000;264;8080;4;49,9;6074
2017-11-03 00:00:00.000;208;8080;3;0;6075
2017-11-03 00:00:00.000;312;8080;3;0;6076
2017-11-03 00:00:00.000;111;8080;4;47,9;6077
2017-11-03 00:00:00.000;196;8080;;0;6078
2017-11-03 00:00:00.000;132;8080;;0;6079
2017-11-03 00:00:00.000;263;8080;1;46,9;6080
2017-11-03 00:00:00.000;137;8080;1;86,6;6081
2017-11-03 00:00:00.000;200;8080;1;0;6082
2017-11-03 00:00:00.000;194;8080;4;0;6083
2017-11-03 00:00:00.000;194;8080;3;0;6084
2017-11-03 00:00:00.000;111;8080;1;0;6085
2017-11-03 00:00:00.000;194;8080;;0;6086
2017-11-03 00:00:00.000;283;8080;;0;6087
2017-11-03 00:00:00.000;278;8080;4;0;6088
2017-11-03 00:00:00.000;265;8080;4;0;6089
2017-11-03 00:00:00.000;115;8080;1;0;6090
2017-11-03 00:00:00.000;201;8080;1;0;6091
2017-11-03 00:00:00.000;131;8080;1;0;6092
2017-11-03 00:00:00.000;285;8080;;0;6093
2017-11-03 00:00:00.000;289;8080;;0;6094
2017-11-03 00:00:00.000;112;8080;4;0;6095
2017-11-03 00:00:00.000;215;8080;;0;6096
2017-11-03 00:00:00.000;112;8080;;0;6097
2017-11-03 00:00:00.000;291;8080;4;0;6098
2017-11-03 00:00:00.000;262;8080;;0;6099
2017-11-03 00:00:00.000;299;8080;4;0;6100
2017-12-03 00:00:00.000;246;8080;4;0;6101
2017-12-03 00:00:00.000;142;8080;1;0;6102
2017-12-03 00:00:00.000;211;8080;1;28,9;6103
2017-12-03 00:00:00.000;256;8080;;84,8;6104
2017-12-03 00:00:00.000;302;8080;1;0;6105
2017-12-03 00:00:00.000;216;8080;1;18,9;6106
2017-12-03 00:00:00.000;301;8080;1;0;6107
2017-12-03 00:00:00.000;125;8080;1;0;6108
2017-12-03 00:00:00.000;154;8080;1;0;6109
2017-12-03 00:00:00.000;216;8080;1;0;6110
2017-12-03 00:00:00.000;251;8080;1;0;6111
2017-12-03 00:00:00.000;242;8080;1;113,6;6112
2017-12-03 00:00:00.000;290;8080;1;84,8;6113
2017-12-03 00:00:00.000;203;8080;1;0;6114
2017-12-03 00:00:00.000;153;8080;4;0;6115
2017-12-03 00:00:00.000;243;8080;4;0;6116
2017-12-03 00:00:00.000;305;8080;1;0;6117
2017-12-03 00:00:00.000;120;8080;3;0;6118
2017-12-03 00:00:00.000;281;8080;4;0;6119
2017-12-03 00:00:00.000;192;8080;1;0;6120
2017-12-03 00:00:00.000;129;8080;1;0;6121
2017-12-03 00:00:00.000;204;8080;;0;6122
2017-12-03 00:00:00.000;276;8080;1;0;6123
2017-12-03 00:00:00.000;308;8080;1;0;6124
2017-12-03 00:00:00.000;293;8080;1;0;6125
2017-12-03 00:00:00.000;263;8080;4;0;6126
2017-12-03 00:00:00.000;241;8080;4;0;6127
2017-12-03 00:00:00.000;293;8080;1;0;6128
2017-12-03 00:00:00.000;232;8080;4;0;6129
2017-12-03 00:00:00.000;125;8080;1;0;6130
2017-12-03 00:00:00.000;231;8080;4;0;6131
2017-12-03 00:00:00.000;202;8080;1;0;6132
2017-12-03 00:00:00.000;283;8080;1;0;6133
2017-12-03 00:00:00.000;162;8080;4;0;6134
2017-12-03 00:00:00.000;144;8080;4;0;6135
2017-12-03 00:00:00.000;245;8080;4;0;6136
2017-12-03 00:00:00.000;136;8080;4;0;6137
2017-12-03 00:00:00.000;123;8080;1;0;6138
2017-12-03 00:00:00.000;246;8080;1;0;6139
2017-12-03 00:00:00.000;123;8080;4;0;6140
2017-12-03 00:00:00.000;311;8080;1;0;6141
2017-12-03 00:00:00.000;161;8080;4;0;6142
2017-12-03 00:00:00.000;144;8080;1;0;6143
2017-12-03 00:00:00.000;144;8080;1;0;6144
2017-12-03 00:00:00.000;279;8080;4;0;6145
2017-12-03 00:00:00.000;288;8080;4;0;6146
2017-12-03 00:00:00.000;249;8080;4;0;6147
2017-12-03 00:00:00.000;191;8080;3;0;6148
2017-12-03 00:00:00.000;193;8080;1;0;6149
2017-12-03 00:00:00.000;303;8080;3;0;6150
2017-12-03 00:00:00.000;263;8080;;0;6151
2017-12-03 00:00:00.000;205;8080;4;0;6152
2017-12-03 00:00:00.000;170;8080;4;0;6153
2017-12-03 00:00:00.000;128;8080;1;0;6154
2017-12-03 00:00:00.000;298;8080;1;0;6155
2017-12-03 00:00:00.000;191;8080;1;0;6156
2017-12-03 00:00:00.000;257;8080;3;0;6157
2017-12-03 00:00:00.000;292;8080;1;0;6158
2017-12-03 00:00:00.000;126;8080;4;0;6159
2017-12-03 00:00:00.000;132;8080;4;0;6160
2017-12-03 00:00:00.000;169;8080;4;0;6161
2017-12-03 00:00:00.000;251;8080;4;0;6162
2017-12-03 00:00:00.000;215;8080;1;0;6163
2017-12-03 00:00:00.000;205;8080;4;0;6164
2017-12-03 00:00:00.000;292;8080;4;0;6165
2017-12-03 00:00:00.000;243;8080;4;0;6166
2017-12-03 00:00:00.000;213;8080;4;0;6167
2017-12-03 00:00:00.000;220;8080;4;0;6168
2017-12-03 00:00:00.000;111;8080;4;0;6169
2017-12-03 00:00:00.000;240;8080;4;0;6170
2017-12-03 00:00:00.000;148;8080;4;0;6171
2017-12-03 00:00:00.000;293;8080;1;0;6172
2017-12-03 00:00:00.000;266;8080;3;0;6173
2017-12-03 00:00:00.000;238;8080;4;0;6174
2017-12-03 00:00:00.000;172;8080;;0;6175
2017-12-03 00:00:00.000;245;8080;1;0;6176
2017-12-03 00:00:00.000;260;8080;3;0;6177
2017-12-03 00:00:00.000;177;8080;4;0;6178
2017-12-03 00:00:00.000;227;8080;1;0;6179
2017-12-03 00:00:00.000;247;8080;1;0;6180
2017-12-03 00:00:00.000;116;8080;4;0;6181
2017-12-03 00:00:00.000;181;8080;4;0;6182
2017-12-03 00:00:00.000;141;8080;1;0;6183
2017-12-03 00:00:00.000;189;8080;4;0;6184
2017-12-03 00:00:00.000;169;8080;4;0;6185
2017-12-03 00:00:00.000;210;8080;3;0;6186
2017-12-03 00:00:00.000;127;8080;1;0;6187
2017-01-04 00:00:00.000;176;UGB ;4;0;6188
2017-01-04 00:00:00.000;152;UGB ;1;0;6189
2017-01-04 00:00:00.000;115;UGB ;1;0;6190
2017-01-04 00:00:00.000;153;UGB ;;0;6191
2017-01-04 00:00:00.000;295;UGB ;;0;6192
2017-01-04 00:00:00.000;206;UGB ;;0;6193
2017-01-04 00:00:00.000;129;UGB ;1;0;6194
2017-01-04 00:00:00.000;173;UGB ;1;0;6195
2017-01-04 00:00:00.000;299;UGB ;1;0;6196
2017-01-04 00:00:00.000;162;UGB ;4;0;6197
2017-01-04 00:00:00.000;261;UGB ;1;0;6198
2017-01-04 00:00:00.000;268;UGB ;4;0;6199
2017-01-04 00:00:00.000;167;UGB ;4;0;6200
2017-01-04 00:00:00.000;256;UGB ;4;0;6201
2017-01-04 00:00:00.000;294;UGB ;;0;6202
2017-01-04 00:00:00.000;193;UGB ;;0;6203
2017-01-04 00:00:00.000;212;UGB ;4;0;6204
2017-01-04 00:00:00.000;194;UGB ;4;0;6205
2017-01-04 00:00:00.000;251;UGB ;1;0;6206
2017-01-04 00:00:00.000;205;UGB ;1;0;6207
2017-01-04 00:00:00.000;138;UGB ;4;0;6208
2017-01-04 00:00:00.000;306;UGB ;3;0;6209
2017-02-04 00:00:00.000;235;UGB ;4;0;6210
2017-02-04 00:00:00.000;148;UGB ;4;0;6211
2017-02-04 00:00:00.000;113;UGB ;1;0;6212
2017-02-04 00:00:00.000;219;UGB ;;0;6213
2017-02-04 00:00:00.000;229;UGB ;3;0;6214
2017-02-04 00:00:00.000;300;UGB ;4;0;6215
2017-02-04 00:00:00.000;260;UGB ;4;0;6216
2017-02-04 00:00:00.000;158;UGB ;4;0;6217
2017-02-04 00:00:00.000;292;UGB ;1;0;6218
2017-02-04 00:00:00.000;142;UGB ;4;0;6219
2017-02-04 00:00:00.000;120;UGB ;4;0;6220
2017-02-04 00:00:00.000;202;UGB ;1;0;6221
2017-02-04 00:00:00.000;198;UGB ;4;0;6222
2017-02-04 00:00:00.000;137;UGB ;1;0;6223
2017-02-04 00:00:00.000;215;UGB ;4;0;6224
2017-02-04 00:00:00.000;141;UGB ;4;0;6225
2017-02-04 00:00:00.000;136;UGB ;1;0;6226
2017-02-04 00:00:00.000;291;UGB ;1;0;6227
2017-02-04 00:00:00.000;225;UGB ;;0;6228
2017-02-04 00:00:00.000;189;UGB ;4;0;6229
2017-02-04 00:00:00.000;220;UGB ;1;0;6230
2017-02-04 00:00:00.000;137;UGB ;1;0;6231
2017-02-04 00:00:00.000;301;UGB ;4;0;6232
2017-02-04 00:00:00.000;223;UGB ;4;0;6233
2017-02-04 00:00:00.000;235;UGB ;;0;6234
2017-02-04 00:00:00.000;227;UGB ;;0;6235
2017-02-04 00:00:00.000;234;UGB ;1;0;6236
2017-02-04 00:00:00.000;283;UGB ;4;0;6237
2017-02-04 00:00:00.000;308;UGB ;1;0;6238
2017-02-04 00:00:00.000;157;UGB ;;0;6239
2017-02-04 00:00:00.000;229;UGB ;4;0;6240
2017-02-04 00:00:00.000;297;UGB ;1;0;6241
2017-02-04 00:00:00.000;124;UGB ;1;0;6242
2017-02-04 00:00:00.000;200;UGB ;;0;6243
2017-02-04 00:00:00.000;279;UGB ;1;0;6244
2017-02-04 00:00:00.000;210;UGB ;;0;6245
2017-02-04 00:00:00.000;285;UGB ;1;0;6246
2017-03-04 00:00:00.000;186;UGB ;4;0;6247
2017-03-04 00:00:00.000;180;UGB ;4;0;6248
2017-03-04 00:00:00.000;233;UGB ;;0;6249
2017-03-04 00:00:00.000;121;UGB ;4;0;6250
2017-03-04 00:00:00.000;148;UGB ;4;0;6251
2017-03-04 00:00:00.000;167;UGB ;;0;6252
2017-03-04 00:00:00.000;171;UGB ;4;0;6253
2017-03-04 00:00:00.000;244;UGB ;4;0;6254
2017-03-04 00:00:00.000;291;UGB ;;0;6255
2017-03-04 00:00:00.000;267;UGB ;4;0;6256
2017-03-04 00:00:00.000;153;UGB ;1;0;6257
2017-03-04 00:00:00.000;112;UGB ;1;0;6258
2017-03-04 00:00:00.000;209;UGB ;4;0;6259
2017-03-04 00:00:00.000;230;UGB ;1;0;6260
2017-03-04 00:00:00.000;301;UGB ;1;0;6261
2017-03-04 00:00:00.000;230;UGB ;4;0;6262
2017-03-04 00:00:00.000;180;UGB ;4;0;6263
2017-03-04 00:00:00.000;191;UGB ;4;0;6264
2017-03-04 00:00:00.000;162;UGB ;;0;6265
2017-03-04 00:00:00.000;126;UGB ;1;0;6266
2017-03-04 00:00:00.000;242;UGB ;;0;6267
2017-03-04 00:00:00.000;286;UGB ;;0;6268
2017-03-04 00:00:00.000;281;UGB ;;0;6269
2017-03-04 00:00:00.000;263;UGB ;4;0;6270
2017-03-04 00:00:00.000;279;UGB ;1;0;6271
2017-03-04 00:00:00.000;236;UGB ;;0;6272
2017-03-04 00:00:00.000;146;UGB ;4;0;6273
2017-03-04 00:00:00.000;279;UGB ;4;0;6274
2017-03-04 00:00:00.000;273;UGB ;4;0;6275
2017-03-04 00:00:00.000;197;UGB ;1;0;6276
2017-03-04 00:00:00.000;119;UGB ;1;0;6277
2017-03-04 00:00:00.000;298;UGB ;1;0;6278
2017-03-04 00:00:00.000;295;UGB ;1;0;6279
2017-03-04 00:00:00.000;271;UGB ;;0;6280
2017-03-04 00:00:00.000;306;UGB ;;0;6281
2017-03-04 00:00:00.000;194;UGB ;4;0;6282
2017-03-04 00:00:00.000;194;UGB ;1;0;6283
2017-03-04 00:00:00.000;168;UGB ;;0;6284
2017-04-04 00:00:00.000;157;UGB ;4;0;6285
2017-04-04 00:00:00.000;167;UGB ;4;0;6286
2017-04-04 00:00:00.000;217;UGB ;4;0;6287
2017-04-04 00:00:00.000;136;UGB ;1;0;6288
2017-04-04 00:00:00.000;238;UGB ;1;0;6289
2017-04-04 00:00:00.000;280;UGB ;4;0;6290
2017-04-04 00:00:00.000;141;UGB ;;73,8;6291
2017-04-04 00:00:00.000;131;UGB ;;0;6292
2017-04-04 00:00:00.000;115;UGB ;4;0;6293
2017-04-04 00:00:00.000;142;UGB ;1;0;6294
2017-04-04 00:00:00.000;276;UGB ;4;0;6295
2017-04-04 00:00:00.000;310;UGB ;1;0;6296
2017-05-04 00:00:00.000;162;WAO ;4;0;6297
2017-05-04 00:00:00.000;219;WAO ;1;0;6298
2017-05-04 00:00:00.000;252;WAO ;1;0;6299
2017-05-04 00:00:00.000;304;WAO ;4;0;6300
2017-05-04 00:00:00.000;181;WAO ;;0;6301
2017-05-04 00:00:00.000;276;WAO ;4;0;6302
2017-05-04 00:00:00.000;244;WAO ;4;0;6303
2017-05-04 00:00:00.000;244;WAO ;1;0;6304
2017-05-04 00:00:00.000;133;WAO ;1;0;6305
2017-05-04 00:00:00.000;252;WAO ;1;0;6306
2017-05-04 00:00:00.000;294;WAO ;4;0;6307
2017-05-04 00:00:00.000;262;WAO ;4;0;6308
2017-05-04 00:00:00.000;127;WAO ;4;0;6309
2017-05-04 00:00:00.000;294;WAO ;4;0;6310
2017-05-04 00:00:00.000;228;WAO ;4;0;6311
2017-05-04 00:00:00.000;185;WAO ;4;0;6312
2017-05-04 00:00:00.000;209;WAO ;4;0;6313
2017-05-04 00:00:00.000;121;WAO ;4;0;6314
2017-05-04 00:00:00.000;260;WAO ;1;0;6315
2017-05-04 00:00:00.000;132;WAO ;4;0;6316
2017-05-04 00:00:00.000;296;WAO ;;0;6317
2017-05-04 00:00:00.000;159;WAO ;;0;6318
2017-05-04 00:00:00.000;183;WAO ;4;0;6319
2017-05-04 00:00:00.000;150;WAO ;4;0;6320
2017-05-04 00:00:00.000;142;WAO ;4;0;6321
2017-11-04 00:00:00.000;256;8080;;0;6322
2017-11-04 00:00:00.000;123;8080;1;0;6323
2017-11-04 00:00:00.000;231;8080;1;0;6324
2017-11-04 00:00:00.000;221;8080;4;0;6325
2017-11-04 00:00:00.000;229;8080;1;0;6326
2017-11-04 00:00:00.000;248;8080;4;0;6327
2017-11-04 00:00:00.000;141;8080;4;0;6328
2017-11-04 00:00:00.000;239;8080;1;0;6329
2017-11-04 00:00:00.000;174;8080;1;0;6330
2017-11-04 00:00:00.000;179;8080;4;0;6331
2017-11-04 00:00:00.000;135;8080;1;0;6332
2017-11-04 00:00:00.000;261;8080;1;0;6333
2017-11-04 00:00:00.000;280;8080;1;0;6334
2017-11-04 00:00:00.000;115;8080;4;0;6335
2017-11-04 00:00:00.000;192;8080;4;0;6336
2017-11-04 00:00:00.000;180;8080;4;0;6337
2017-11-04 00:00:00.000;223;8080;1;0;6338
2017-11-04 00:00:00.000;211;8080;1;0;6339
2017-11-04 00:00:00.000;248;8080;4;0;6340
2017-11-04 00:00:00.000;147;8080;4;0;6341
2017-11-04 00:00:00.000;149;8080;;0;6342
2017-11-04 00:00:00.000;169;8080;;0;6343
2017-11-04 00:00:00.000;135;8080;;0;6344
2017-11-04 00:00:00.000;157;8080;4;0;6345
2017-12-04 00:00:00.000;111;8080;;0;6346
2017-12-04 00:00:00.000;304;8080;1;0;6347
2017-12-04 00:00:00.000;179;8080;4;0;6348
2017-12-04 00:00:00.000;263;8080;4;0;6349
2017-12-04 00:00:00.000;290;8080;1;0;6350
2017-12-04 00:00:00.000;308;8080;4;0;6351
2017-12-04 00:00:00.000;201;8080;3;0;6352
2017-12-04 00:00:00.000;127;8080;4;62,9;6353
2017-12-04 00:00:00.000;147;8080;1;0;6354
2017-12-04 00:00:00.000;158;8080;4;0;6355
2017-12-04 00:00:00.000;125;8080;4;0;6356
2017-12-04 00:00:00.000;196;8080;1;0;6357
2017-12-04 00:00:00.000;160;8080;3;0;6358
2017-12-04 00:00:00.000;128;8080;4;0;6359
2017-12-04 00:00:00.000;171;8080;1;0;6360
2017-12-04 00:00:00.000;121;8080;4;0;6361
2017-12-04 00:00:00.000;242;8080;3;0;6362
2017-12-04 00:00:00.000;260;8080;1;0;6363
2017-12-04 00:00:00.000;275;8080;;0;6364
2017-12-04 00:00:00.000;225;8080;4;0;6365
2017-12-04 00:00:00.000;270;8080;1;0;6366
2017-12-04 00:00:00.000;156;8080;4;0;6367
2017-12-04 00:00:00.000;273;8080;1;0;6368
2017-12-04 00:00:00.000;173;8080;;0;6369
2017-12-04 00:00:00.000;141;8080;1;0;6370
2017-12-04 00:00:00.000;226;8080;4;0;6371
2017-12-04 00:00:00.000;121;8080;4;0;6372
2017-12-04 00:00:00.000;289;8080;3;0;6373
2017-12-04 00:00:00.000;258;8080;1;0;6374
2017-12-04 00:00:00.000;193;8080;1;0;6375
2017-12-04 00:00:00.000;300;8080;3;0;6376
2017-12-04 00:00:00.000;304;8080;4;0;6377
2017-12-04 00:00:00.000;260;8080;4;0;6378
2017-12-04 00:00:00.000;263;8080;4;0;6379
2017-12-04 00:00:00.000;293;8080;4;0;6380
2017-12-04 00:00:00.000;264;8080;1;0;6381
2017-12-04 00:00:00.000;183;8080;1;0;6382
2017-12-04 00:00:00.000;240;8080;4;0;6383
2017-12-04 00:00:00.000;251;8080;;0;6384
2017-12-04 00:00:00.000;159;8080;1;0;6385
2017-12-04 00:00:00.000;111;8080;4;0;6386
2017-12-04 00:00:00.000;221;8080;1;0;6387
2017-12-04 00:00:00.000;134;8080;3;0;6388
2017-12-04 00:00:00.000;282;8080;3;0;6389
2017-12-04 00:00:00.000;181;8080;1;0;6390
2017-12-04 00:00:00.000;229;8080;4;0;6391
2017-12-04 00:00:00.000;256;8080;4;0;6392
2017-12-04 00:00:00.000;217;8080;1;0;6393
2017-12-04 00:00:00.000;255;8080;4;0;6394
2017-12-04 00:00:00.000;168;8080;4;0;6395
2017-12-04 00:00:00.000;308;8080;4;0;6396
2017-12-04 00:00:00.000;223;8080;1;0;6397
2017-01-05 00:00:00.000;229;UGB ;1;0;6398
2017-01-05 00:00:00.000;133;UGB ;;0;6399
2017-01-05 00:00:00.000;289;UGB ;4;0;6400
2017-01-05 00:00:00.000;247;UGB ;1;0;6401
2017-01-05 00:00:00.000;256;UGB ;4;0;6402
2017-01-05 00:00:00.000;163;UGB ;;0;6403
2017-01-05 00:00:00.000;229;UGB ;;0;6404
2017-01-05 00:00:00.000;182;UGB ;1;0;6405
2017-01-05 00:00:00.000;279;UGB ;1;0;6406
2017-01-05 00:00:00.000;213;UGB ;;0;6407
2017-01-05 00:00:00.000;194;UGB ;;0;6408
2017-01-05 00:00:00.000;266;UGB ;;0;6409
2017-01-05 00:00:00.000;207;UGB ;;0;6410
2017-01-05 00:00:00.000;246;UGB ;;0;6411
2017-01-05 00:00:00.000;294;UGB ;4;0;6412
2017-02-05 00:00:00.000;139;UGB ;;0;6413
2017-02-05 00:00:00.000;167;UGB ;4;0;6414
2017-02-05 00:00:00.000;302;UGB ;1;0;6415
2017-02-05 00:00:00.000;232;UGB ;4;0;6416
2017-02-05 00:00:00.000;171;UGB ;4;0;6417
2017-02-05 00:00:00.000;303;UGB ;;0;6418
2017-02-05 00:00:00.000;182;UGB ;1;0;6419
2017-02-05 00:00:00.000;276;UGB ;4;0;6420
2017-02-05 00:00:00.000;254;UGB ;;0;6421
2017-02-05 00:00:00.000;213;UGB ;;0;6422
2017-02-05 00:00:00.000;147;UGB ;;0;6423
2017-02-05 00:00:00.000;220;UGB ;;0;6424
2017-02-05 00:00:00.000;202;UGB ;1;0;6425
2017-03-05 00:00:00.000;150;UGB ;4;0;6426
2017-03-05 00:00:00.000;224;UGB ;4;0;6427
2017-03-05 00:00:00.000;234;UGB ;;0;6428
2017-03-05 00:00:00.000;219;UGB ;;0;6429
2017-03-05 00:00:00.000;163;UGB ;4;0;6430
2017-03-05 00:00:00.000;118;UGB ;1;0;6431
2017-03-05 00:00:00.000;244;UGB ;4;0;6432
2017-03-05 00:00:00.000;205;UGB ;1;0;6433
2017-03-05 00:00:00.000;228;UGB ;3;0;6434
2017-03-05 00:00:00.000;190;UGB ;1;0;6435
2017-04-05 00:00:00.000;221;UGB ;1;0;6436
2017-04-05 00:00:00.000;269;UGB ;1;0;6437
2017-04-05 00:00:00.000;260;UGB ;1;0;6438
2017-04-05 00:00:00.000;273;UGB ;4;0;6439
2017-04-05 00:00:00.000;153;UGB ;4;0;6440
2017-04-05 00:00:00.000;149;UGB ;1;0;6441
2017-04-05 00:00:00.000;220;UGB ;3;71,8;6442
2017-04-05 00:00:00.000;161;UGB ;;0;6443
2017-04-05 00:00:00.000;216;UGB ;3;0;6444
2017-04-05 00:00:00.000;185;UGB ;1;0;6445
2017-04-05 00:00:00.000;312;UGB ;1;0;6446
2017-04-05 00:00:00.000;184;UGB ;4;0;6447
2017-05-05 00:00:00.000;157;WAO ;4;0;6448
2017-05-05 00:00:00.000;141;WAO ;4;0;6449
2017-05-05 00:00:00.000;297;WAO ;4;0;6450
2017-05-05 00:00:00.000;139;WAO ;4;0;6451
2017-05-05 00:00:00.000;260;WAO ;;0;6452
2017-05-05 00:00:00.000;113;WAO ;4;0;6453
2017-05-05 00:00:00.000;304;WAO ;1;0;6454
2017-05-05 00:00:00.000;120;WAO ;1;0;6455
2017-05-05 00:00:00.000;293;WAO ;;0;6456
2017-05-05 00:00:00.000;116;WAO ;1;0;6457
2017-05-05 00:00:00.000;236;WAO ;4;0;6458
2017-05-05 00:00:00.000;291;WAO ;3;0;6459
2017-05-05 00:00:00.000;215;WAO ;4;0;6460
2017-05-05 00:00:00.000;129;WAO ;4;0;6461
2017-05-05 00:00:00.000;151;WAO ;1;0;6462
2017-05-05 00:00:00.000;212;WAO ;;0;6463
2017-05-05 00:00:00.000;296;WAO ;;0;6464
2017-05-05 00:00:00.000;120;WAO ;;0;6465
2017-11-05 00:00:00.000;281;8080;4;0;6466
2017-11-05 00:00:00.000;220;8080;1;0;6467
2017-11-05 00:00:00.000;307;8080;4;0;6468
2017-11-05 00:00:00.000;296;8080;;0;6469
2017-11-05 00:00:00.000;166;8080;1;0;6470
2017-11-05 00:00:00.000;208;8080;4;0;6471
2017-11-05 00:00:00.000;125;8080;4;0;6472
2017-11-05 00:00:00.000;260;8080;4;0;6473
2017-11-05 00:00:00.000;218;8080;1;0;6474
2017-11-05 00:00:00.000;111;8080;4;0;6475
2017-11-05 00:00:00.000;186;8080;4;0;6476
2017-11-05 00:00:00.000;285;8080;;0;6477
2017-11-05 00:00:00.000;312;8080;4;0;6478
2017-11-05 00:00:00.000;118;8080;4;0;6479
2017-11-05 00:00:00.000;239;8080;1;0;6480
2017-11-05 00:00:00.000;293;8080;1;0;6481
2017-11-05 00:00:00.000;136;8080;1;0;6482
2017-11-05 00:00:00.000;118;8080;4;0;6483
2017-11-05 00:00:00.000;281;8080;4;0;6484
2017-11-05 00:00:00.000;219;8080;4;0;6485
2017-11-05 00:00:00.000;156;8080;1;0;6486
2017-11-05 00:00:00.000;132;8080;4;0;6487
2017-11-05 00:00:00.000;211;8080;4;0;6488
2017-11-05 00:00:00.000;227;8080;4;0;6489
2017-11-05 00:00:00.000;181;8080;1;0;6490
2017-11-05 00:00:00.000;193;8080;;0;6491
2017-11-05 00:00:00.000;204;8080;4;0;6492
2017-11-05 00:00:00.000;218;8080;4;0;6493
2017-11-05 00:00:00.000;203;8080;1;0;6494
2017-11-05 00:00:00.000;280;8080;4;0;6495
2017-11-05 00:00:00.000;297;8080;4;0;6496
2017-11-05 00:00:00.000;208;8080;4;0;6497
2017-11-05 00:00:00.000;301;8080;4;0;6498
2017-11-05 00:00:00.000;220;8080;4;0;6499
2017-11-05 00:00:00.000;199;8080;1;0;6500
2017-11-05 00:00:00.000;211;8080;1;0;6501
2017-11-05 00:00:00.000;257;8080;1;0;6502
2017-11-05 00:00:00.000;284;8080;1;0;6503
2017-11-05 00:00:00.000;163;8080;4;0;6504
2017-11-05 00:00:00.000;248;8080;4;0;6505
2017-11-05 00:00:00.000;134;8080;;0;6506
2017-11-05 00:00:00.000;191;8080;4;0;6507
2017-11-05 00:00:00.000;232;8080;;0;6508
2017-11-05 00:00:00.000;111;8080;1;0;6509
2017-11-05 00:00:00.000;303;8080;1;0;6510
2017-12-05 00:00:00.000;186;8080;1;0;6511
2017-12-05 00:00:00.000;195;8080;4;0;6512
2017-12-05 00:00:00.000;283;8080;1;0;6513
2017-12-05 00:00:00.000;187;8080;4;0;6514
2017-12-05 00:00:00.000;222;8080;4;0;6515
2017-12-05 00:00:00.000;124;8080;3;0;6516
2017-12-05 00:00:00.000;207;8080;1;0;6517
2017-12-05 00:00:00.000;127;8080;1;0;6518
2017-12-05 00:00:00.000;227;8080;;0;6519
2017-12-05 00:00:00.000;170;8080;4;0;6520
2017-12-05 00:00:00.000;277;8080;4;0;6521
2017-12-05 00:00:00.000;243;8080;1;0;6522
2017-12-05 00:00:00.000;122;8080;4;0;6523
2017-12-05 00:00:00.000;173;8080;1;0;6524
2017-12-05 00:00:00.000;261;8080;4;0;6525
2017-12-05 00:00:00.000;118;8080;1;0;6526
2017-12-05 00:00:00.000;188;8080;1;0;6527
2017-12-05 00:00:00.000;142;8080;3;0;6528
2017-12-05 00:00:00.000;217;8080;4;0;6529
2017-12-05 00:00:00.000;135;8080;1;0;6530
2017-12-05 00:00:00.000;260;8080;1;0;6531
2017-12-05 00:00:00.000;177;8080;1;0;6532
2017-12-05 00:00:00.000;214;8080;1;0;6533
2017-12-05 00:00:00.000;283;8080;4;0;6534
2017-12-05 00:00:00.000;303;8080;4;0;6535
2017-12-05 00:00:00.000;294;8080;1;0;6536
2017-12-05 00:00:00.000;164;8080;3;0;6537
2017-12-05 00:00:00.000;277;8080;1;0;6538
2017-12-05 00:00:00.000;126;8080;4;0;6539
2017-12-05 00:00:00.000;305;8080;4;0;6540
2017-12-05 00:00:00.000;129;8080;4;0;6541
2017-12-05 00:00:00.000;195;8080;4;0;6542
2017-12-05 00:00:00.000;186;8080;3;0;6543
2017-12-05 00:00:00.000;261;8080;4;0;6544
2017-12-05 00:00:00.000;271;8080;3;0;6545
2017-12-05 00:00:00.000;267;8080;1;0;6546
2017-12-05 00:00:00.000;244;8080;1;0;6547
2017-12-05 00:00:00.000;258;8080;3;0;6548
2017-12-05 00:00:00.000;239;8080;4;0;6549
2017-12-05 00:00:00.000;211;8080;3;0;6550
2017-12-05 00:00:00.000;283;8080;3;0;6551
2017-12-05 00:00:00.000;145;8080;3;0;6552
2017-12-05 00:00:00.000;221;8080;3;0;6553
2017-12-05 00:00:00.000;211;8080;1;0;6554
2017-12-05 00:00:00.000;248;8080;1;0;6555
2017-12-05 00:00:00.000;308;8080;4;0;6556
2017-12-05 00:00:00.000;209;8080;1;0;6557
2017-12-05 00:00:00.000;269;8080;1;0;6558
2017-12-05 00:00:00.000;226;8080;1;0;6559
2017-12-05 00:00:00.000;289;8080;;0;6560
2017-12-05 00:00:00.000;196;8080;3;0;6561
2017-12-05 00:00:00.000;298;8080;4;0;6562
2017-12-05 00:00:00.000;235;8080;3;0;6563
2017-12-05 00:00:00.000;308;8080;1;0;6564
2017-12-05 00:00:00.000;295;8080;3;0;6565
2017-12-05 00:00:00.000;149;8080;1;0;6566
2017-01-06 00:00:00.000;243;UGB ;1;0;6567
2017-01-06 00:00:00.000;159;UGB ;;0;6568
2017-01-06 00:00:00.000;215;UGB ;;0;6569
2017-01-06 00:00:00.000;277;UGB ;;0;6570
2017-01-06 00:00:00.000;114;UGB ;4;0;6571
2017-01-06 00:00:00.000;234;UGB ;;0;6572
2017-01-06 00:00:00.000;253;UGB ;;0;6573
2017-01-06 00:00:00.000;249;UGB ;;0;6574
2017-01-06 00:00:00.000;296;UGB ;1;0;6575
2017-01-06 00:00:00.000;307;UGB ;;0;6576
2017-01-06 00:00:00.000;256;UGB ;;0;6577
2017-01-06 00:00:00.000;311;UGB ;1;0;6578
2017-01-06 00:00:00.000;152;UGB ;;0;6579
2017-01-06 00:00:00.000;146;UGB ;1;0;6580
2017-01-06 00:00:00.000;270;UGB ;;0;6581
2017-01-06 00:00:00.000;171;UGB ;1;0;6582
2017-01-06 00:00:00.000;191;UGB ;4;0;6583
2017-01-06 00:00:00.000;177;UGB ;;0;6584
2017-01-06 00:00:00.000;275;UGB ;3;0;6585
2017-02-06 00:00:00.000;247;UGB ;1;0;6586
2017-02-06 00:00:00.000;263;UGB ;1;0;6587
2017-02-06 00:00:00.000;246;UGB ;3;0;6588
2017-02-06 00:00:00.000;190;UGB ;1;0;6589
2017-02-06 00:00:00.000;141;UGB ;1;0;6590
2017-02-06 00:00:00.000;232;UGB ;1;0;6591
2017-02-06 00:00:00.000;166;UGB ;4;0;6592
2017-02-06 00:00:00.000;124;UGB ;4;0;6593
2017-02-06 00:00:00.000;170;UGB ;1;0;6594
2017-02-06 00:00:00.000;160;UGB ;3;0;6595
2017-02-06 00:00:00.000;250;UGB ;4;0;6596
2017-02-06 00:00:00.000;232;UGB ;;0;6597
2017-02-06 00:00:00.000;158;UGB ;;0;6598
2017-02-06 00:00:00.000;233;UGB ;;0;6599
2017-02-06 00:00:00.000;155;UGB ;4;0;6600
2017-02-06 00:00:00.000;238;UGB ;4;0;6601
2017-02-06 00:00:00.000;276;UGB ;;0;6602
2017-02-06 00:00:00.000;172;UGB ;;0;6603
2017-02-06 00:00:00.000;278;UGB ;4;0;6604
2017-02-06 00:00:00.000;289;UGB ;;0;6605
2017-02-06 00:00:00.000;281;UGB ;3;0;6606
2017-02-06 00:00:00.000;160;UGB ;4;0;6607
2017-02-06 00:00:00.000;171;UGB ;4;0;6608
2017-03-06 00:00:00.000;209;UGB ;3;0;6609
2017-03-06 00:00:00.000;292;UGB ;3;0;6610
2017-03-06 00:00:00.000;284;UGB ;1;0;6611
2017-03-06 00:00:00.000;149;UGB ;3;0;6612
2017-03-06 00:00:00.000;130;UGB ;1;0;6613
2017-03-06 00:00:00.000;268;UGB ;4;37,9;6614
2017-03-06 00:00:00.000;119;UGB ;4;37,9;6615
2017-03-06 00:00:00.000;299;UGB ;4;37,9;6616
2017-03-06 00:00:00.000;216;UGB ;4;0;6617
2017-03-06 00:00:00.000;167;UGB ;4;0;6618
2017-03-06 00:00:00.000;173;UGB ;;0;6619
2017-03-06 00:00:00.000;147;UGB ;;0;6620
2017-03-06 00:00:00.000;236;UGB ;;0;6621
2017-03-06 00:00:00.000;177;UGB ;1;0;6622
2017-03-06 00:00:00.000;296;UGB ;4;0;6623
2017-03-06 00:00:00.000;274;UGB ;;0;6624
2017-03-06 00:00:00.000;164;UGB ;3;0;6625
2017-04-06 00:00:00.000;217;UGB ;3;0;6626
2017-04-06 00:00:00.000;214;UGB ;1;0;6627
2017-04-06 00:00:00.000;194;UGB ;1;0;6628
2017-04-06 00:00:00.000;229;UGB ;3;0;6629
2017-04-06 00:00:00.000;301;UGB ;1;0;6630
2017-04-06 00:00:00.000;265;UGB ;4;0;6631
2017-04-06 00:00:00.000;122;UGB ;1;0;6632
2017-04-06 00:00:00.000;249;UGB ;1;0;6633
2017-04-06 00:00:00.000;145;UGB ;3;0;6634
2017-04-06 00:00:00.000;255;UGB ;3;0;6635
2017-04-06 00:00:00.000;177;UGB ;3;0;6636
2017-04-06 00:00:00.000;148;UGB ;4;0;6637
2017-04-06 00:00:00.000;301;UGB ;1;0;6638
2017-04-06 00:00:00.000;181;UGB ;3;0;6639
2017-04-06 00:00:00.000;155;UGB ;3;0;6640
2017-04-06 00:00:00.000;280;UGB ;4;0;6641
2017-04-06 00:00:00.000;269;UGB ;4;0;6642
2017-04-06 00:00:00.000;235;UGB ;1;0;6643
2017-04-06 00:00:00.000;244;UGB ;;0;6644
2017-04-06 00:00:00.000;188;UGB ;1;0;6645
2017-04-06 00:00:00.000;171;UGB ;1;0;6646
2017-04-06 00:00:00.000;282;UGB ;1;0;6647
2017-04-06 00:00:00.000;297;UGB ;1;0;6648
2017-04-06 00:00:00.000;257;UGB ;;0;6649
2017-04-06 00:00:00.000;247;UGB ;;0;6650
2017-05-06 00:00:00.000;262;WAO ;1;0;6651
2017-05-06 00:00:00.000;248;WAO ;1;0;6652
2017-05-06 00:00:00.000;213;WAO ;1;0;6653
2017-05-06 00:00:00.000;310;WAO ;3;0;6654
2017-05-06 00:00:00.000;277;WAO ;4;0;6655
2017-11-06 00:00:00.000;164;8080;3;0;6656
2017-11-06 00:00:00.000;217;8080;1;0;6657
2017-11-06 00:00:00.000;190;8080;1;0;6658
2017-11-06 00:00:00.000;179;8080;1;0;6659
2017-11-06 00:00:00.000;135;8080;;0;6660
2017-11-06 00:00:00.000;219;8080;;0;6661
2017-11-06 00:00:00.000;253;8080;3;0;6662
2017-11-06 00:00:00.000;312;8080;4;0;6663
2017-11-06 00:00:00.000;198;8080;1;0;6664
2017-11-06 00:00:00.000;220;8080;3;0;6665
2017-11-06 00:00:00.000;237;8080;;0;6666
2017-11-06 00:00:00.000;167;8080;;0;6667
2017-11-06 00:00:00.000;192;8080;1;0;6668
2017-11-06 00:00:00.000;137;8080;4;0;6669
2017-11-06 00:00:00.000;235;8080;;0;6670
2017-11-06 00:00:00.000;243;8080;;0;6671
2017-11-06 00:00:00.000;147;8080;3;0;6672
2017-11-06 00:00:00.000;190;8080;3;0;6673
2017-11-06 00:00:00.000;151;8080;;0;6674
2017-11-06 00:00:00.000;141;8080;;0;6675
2017-12-06 00:00:00.000;181;8080;4;0;6676
2017-12-06 00:00:00.000;158;8080;1;0;6677
2017-12-06 00:00:00.000;115;8080;3;0;6678
2017-12-06 00:00:00.000;305;8080;1;0;6679
2017-12-06 00:00:00.000;223;8080;;112,7;6680
2017-12-06 00:00:00.000;174;8080;;0;6681
2017-12-06 00:00:00.000;250;8080;4;0;6682
2017-12-06 00:00:00.000;160;8080;1;0;6683
2017-12-06 00:00:00.000;229;8080;1;0;6684
2017-12-06 00:00:00.000;218;8080;4;0;6685
2017-12-06 00:00:00.000;117;8080;4;0;6686
2017-12-06 00:00:00.000;162;8080;4;0;6687
2017-12-06 00:00:00.000;208;8080;4;0;6688
2017-12-06 00:00:00.000;155;8080;1;0;6689
2017-12-06 00:00:00.000;287;8080;1;0;6690
2017-12-06 00:00:00.000;158;8080;4;0;6691
2017-12-06 00:00:00.000;251;8080;3;0;6692
2017-12-06 00:00:00.000;188;8080;;0;6693
2017-12-06 00:00:00.000;153;8080;4;0;6694
2017-12-06 00:00:00.000;207;8080;3;0;6695
2017-12-06 00:00:00.000;126;8080;3;0;6696
2017-12-06 00:00:00.000;126;8080;3;0;6697
2017-12-06 00:00:00.000;131;8080;4;33,9;6698
2017-12-06 00:00:00.000;190;8080;1;0;6699
2017-12-06 00:00:00.000;163;8080;4;0;6700
2017-12-06 00:00:00.000;138;UGB ;1;31,9;6701
2017-12-06 00:00:00.000;208;UGB ;4;0;6702
2017-12-06 00:00:00.000;295;UGB ;1;0;6703
2017-12-06 00:00:00.000;172;UGB ;4;0;6704
2017-12-06 00:00:00.000;256;8080;4;0;6705
2017-12-06 00:00:00.000;292;8080;4;0;6706
2017-12-06 00:00:00.000;282;8080;4;0;6707
2017-12-06 00:00:00.000;218;8080;1;0;6708
2017-12-06 00:00:00.000;209;8080;4;0;6709
2017-12-06 00:00:00.000;264;8080;1;0;6710
2017-12-06 00:00:00.000;266;8080;1;0;6711
2017-12-06 00:00:00.000;135;8080;4;0;6712
2017-12-06 00:00:00.000;206;8080;4;0;6713
2017-12-06 00:00:00.000;304;8080;1;0;6714
2017-12-06 00:00:00.000;212;8080;1;0;6715
2017-12-06 00:00:00.000;220;8080;1;0;6716
2017-12-06 00:00:00.000;229;8080;1;0;6717
2017-12-06 00:00:00.000;255;8080;1;0;6718
2017-12-06 00:00:00.000;256;8080;4;0;6719
2017-12-06 00:00:00.000;122;8080;1;0;6720
2017-12-06 00:00:00.000;177;8080;4;0;6721
2017-12-06 00:00:00.000;236;8080;1;0;6722
2017-12-06 00:00:00.000;115;8080;1;0;6723
2017-12-06 00:00:00.000;281;8080;4;0;6724
2017-12-06 00:00:00.000;132;8080;1;0;6725
2017-12-06 00:00:00.000;242;8080;4;0;6726
2017-12-06 00:00:00.000;288;8080;4;0;6727
2017-12-06 00:00:00.000;286;8080;4;0;6728
2017-12-06 00:00:00.000;157;8080;3;0;6729
2017-12-06 00:00:00.000;112;8080;4;0;6730
2017-12-06 00:00:00.000;157;8080;4;0;6731
2017-12-06 00:00:00.000;259;8080;;0;6732
2017-12-06 00:00:00.000;127;8080;1;0;6733
2017-12-06 00:00:00.000;219;8080;1;0;6734
2017-12-06 00:00:00.000;196;8080;3;0;6735
2017-12-06 00:00:00.000;235;8080;4;0;6736
2017-12-06 00:00:00.000;251;8080;3;0;6737
2017-12-06 00:00:00.000;295;8080;3;0;6738
2017-12-06 00:00:00.000;303;8080;1;0;6739
2017-12-06 00:00:00.000;292;8080;1;0;6740
2017-12-06 00:00:00.000;312;8080;;0;6741
2017-12-06 00:00:00.000;116;8080;;0;6742
2017-12-06 00:00:00.000;274;8080;4;0;6743
2017-01-07 00:00:00.000;125;UGB ;1;0;6744
2017-01-07 00:00:00.000;218;UGB ;4;0;6745
2017-01-07 00:00:00.000;216;UGB ;1;0;6746
2017-01-07 00:00:00.000;159;UGB ;4;0;6747
2017-01-07 00:00:00.000;263;UGB ;3;0;6748
2017-01-07 00:00:00.000;136;UGB ;1;0;6749
2017-01-07 00:00:00.000;172;UGB ;1;0;6750
2017-01-07 00:00:00.000;248;UGB ;1;0;6751
2017-01-07 00:00:00.000;142;UGB ;3;0;6752
2017-01-07 00:00:00.000;143;UGB ;4;0;6753
2017-01-07 00:00:00.000;265;UGB ;3;0;6754
2017-01-07 00:00:00.000;195;UGB ;4;0;6755
2017-01-07 00:00:00.000;263;UGB ;4;0;6756
2017-01-07 00:00:00.000;157;UGB ;;0;6757
2017-01-07 00:00:00.000;283;UGB ;4;0;6758
2017-01-07 00:00:00.000;296;UGB ;1;0;6759
2017-01-07 00:00:00.000;279;UGB ;4;0;6760
2017-01-07 00:00:00.000;215;UGB ;4;0;6761
2017-01-07 00:00:00.000;232;UGB ;1;0;6762
2017-01-07 00:00:00.000;249;UGB ;4;0;6763
2017-01-07 00:00:00.000;152;UGB ;4;0;6764
2017-01-07 00:00:00.000;134;UGB ;;0;6765
2017-01-07 00:00:00.000;253;UGB ;4;0;6766
2017-01-07 00:00:00.000;260;UGB ;;0;6767
2017-01-07 00:00:00.000;274;UGB ;1;0;6768
2017-01-07 00:00:00.000;246;UGB ;4;0;6769
2017-01-07 00:00:00.000;311;UGB ;;0;6770
2017-01-07 00:00:00.000;300;UGB ;4;0;6771
2017-01-07 00:00:00.000;221;UGB ;;0;6772
2017-01-07 00:00:00.000;204;UGB ;;0;6773
2017-01-07 00:00:00.000;226;UGB ;4;0;6774
2017-01-07 00:00:00.000;181;UGB ;1;0;6775
2017-01-07 00:00:00.000;155;UGB ;;0;6776
2017-01-07 00:00:00.000;128;UGB ;;0;6777
2017-01-07 00:00:00.000;136;UGB ;1;0;6778
2017-02-07 00:00:00.000;278;UGB ;1;0;6779
2017-02-07 00:00:00.000;131;UGB ;;0;6780
2017-02-07 00:00:00.000;163;UGB ;4;0;6781
2017-02-07 00:00:00.000;201;UGB ;;0;6782
2017-02-07 00:00:00.000;184;UGB ;1;0;6783
2017-02-07 00:00:00.000;283;UGB ;;0;6784
2017-02-07 00:00:00.000;215;UGB ;3;0;6785
2017-03-07 00:00:00.000;275;UGB ;;0;6786
2017-03-07 00:00:00.000;234;UGB ;4;0;6787
2017-03-07 00:00:00.000;301;UGB ;3;0;6788
2017-03-07 00:00:00.000;247;UGB ;4;0;6789
2017-03-07 00:00:00.000;286;UGB ;4;0;6790
2017-03-07 00:00:00.000;169;UGB ;4;0;6791
2017-03-07 00:00:00.000;303;UGB ;1;0;6792
2017-03-07 00:00:00.000;217;UGB ;4;0;6793
2017-03-07 00:00:00.000;129;UGB ;;0;6794
2017-03-07 00:00:00.000;242;UGB ;4;0;6795
2017-03-07 00:00:00.000;291;UGB ;1;0;6796
2017-03-07 00:00:00.000;194;UGB ;4;0;6797
2017-03-07 00:00:00.000;129;UGB ;4;0;6798
2017-03-07 00:00:00.000;306;UGB ;;0;6799
2017-03-07 00:00:00.000;217;UGB ;4;0;6800
2017-03-07 00:00:00.000;184;UGB ;1;0;6801
2017-03-07 00:00:00.000;168;UGB ;4;0;6802
2017-03-07 00:00:00.000;114;UGB ;;0;6803
2017-03-07 00:00:00.000;207;UGB ;;0;6804
2017-03-07 00:00:00.000;199;UGB ;1;0;6805
2017-03-07 00:00:00.000;241;UGB ;;0;6806
2017-04-07 00:00:00.000;184;UGB ;1;0;6807
2017-04-07 00:00:00.000;184;UGB ;3;0;6808
2017-04-07 00:00:00.000;134;UGB ;1;0;6809
2017-04-07 00:00:00.000;283;UGB ;1;0;6810
2017-04-07 00:00:00.000;223;UGB ;4;0;6811
2017-04-07 00:00:00.000;249;UGB ;1;0;6812
2017-04-07 00:00:00.000;163;UGB ;4;0;6813
2017-04-07 00:00:00.000;115;UGB ;3;0;6814
2017-04-07 00:00:00.000;244;UGB ;4;0;6815
2017-04-07 00:00:00.000;135;UGB ;1;0;6816
2017-04-07 00:00:00.000;233;UGB ;4;0;6817
2017-04-07 00:00:00.000;194;UGB ;1;0;6818
2017-04-07 00:00:00.000;257;UGB ;4;0;6819
2017-04-07 00:00:00.000;194;UGB ;;0;6820
2017-04-07 00:00:00.000;181;UGB ;;0;6821
2017-04-07 00:00:00.000;306;UGB ;;0;6822
2017-05-07 00:00:00.000;112;WAO ;1;0;6823
2017-05-07 00:00:00.000;231;WAO ;4;0;6824
2017-05-07 00:00:00.000;238;WAO ;4;0;6825
2017-05-07 00:00:00.000;240;WAO ;1;0;6826
2017-05-07 00:00:00.000;198;WAO ;1;0;6827
2017-11-07 00:00:00.000;253;8080;4;0;6828
2017-11-07 00:00:00.000;298;8080;4;0;6829
2017-11-07 00:00:00.000;274;8080;;0;6830
2017-11-07 00:00:00.000;220;8080;1;0;6831
2017-11-07 00:00:00.000;302;8080;3;0;6832
2017-11-07 00:00:00.000;122;8080;4;0;6833
2017-11-07 00:00:00.000;255;8080;1;0;6834
2017-11-07 00:00:00.000;174;8080;;0;6835
2017-11-07 00:00:00.000;115;8080;4;0;6836
2017-11-07 00:00:00.000;131;8080;1;0;6837
2017-11-07 00:00:00.000;301;8080;;0;6838
2017-11-07 00:00:00.000;247;8080;4;0;6839
2017-11-07 00:00:00.000;137;8080;1;0;6840
2017-11-07 00:00:00.000;309;8080;1;0;6841
2017-11-07 00:00:00.000;251;8080;;0;6842
2017-11-07 00:00:00.000;151;8080;;0;6843
2017-11-07 00:00:00.000;246;8080;1;0;6844
2017-11-07 00:00:00.000;118;8080;4;0;6845
2017-11-07 00:00:00.000;244;8080;;0;6846
2017-12-07 00:00:00.000;153;8080;1;0;6847
2017-12-07 00:00:00.000;202;8080;1;0;6848
2017-12-07 00:00:00.000;136;8080;1;0;6849
2017-12-07 00:00:00.000;282;8080;1;0;6850
2017-12-07 00:00:00.000;257;8080;;0;6851
2017-12-07 00:00:00.000;293;8080;3;0;6852
2017-12-07 00:00:00.000;155;8080;4;0;6853
2017-12-07 00:00:00.000;232;8080;1;0;6854
2017-12-07 00:00:00.000;147;8080;;0;6855
2017-12-07 00:00:00.000;191;8080;4;0;6856
2017-12-07 00:00:00.000;277;8080;;0;6857
2017-12-07 00:00:00.000;210;8080;3;0;6858
2017-12-07 00:00:00.000;236;8080;1;0;6859
2017-12-07 00:00:00.000;195;8080;4;0;6860
2017-12-07 00:00:00.000;230;8080;4;0;6861
2017-12-07 00:00:00.000;176;8080;4;0;6862
2017-12-07 00:00:00.000;205;8080;3;0;6863
2017-12-07 00:00:00.000;196;8080;1;0;6864
2017-12-07 00:00:00.000;231;8080;4;0;6865
2017-12-07 00:00:00.000;300;8080;4;0;6866
2017-12-07 00:00:00.000;142;8080;1;0;6867
2017-12-07 00:00:00.000;133;8080;;0;6868
2017-12-07 00:00:00.000;229;8080;4;0;6869
2017-12-07 00:00:00.000;138;8080;1;0;6870
2017-12-07 00:00:00.000;159;8080;1;0;6871
2017-12-07 00:00:00.000;182;8080;1;0;6872
2017-12-07 00:00:00.000;136;8080;4;0;6873
2017-12-07 00:00:00.000;221;8080;4;0;6874
2017-12-07 00:00:00.000;164;8080;1;0;6875
2017-12-07 00:00:00.000;214;8080;3;0;6876
2017-12-07 00:00:00.000;258;8080;4;0;6877
2017-12-07 00:00:00.000;207;8080;4;0;6878
2017-12-07 00:00:00.000;271;8080;4;0;6879
2017-12-07 00:00:00.000;214;8080;1;0;6880
2017-12-07 00:00:00.000;169;8080;4;0;6881
2017-12-07 00:00:00.000;278;8080;1;0;6882
2017-12-07 00:00:00.000;179;8080;4;0;6883
2017-12-07 00:00:00.000;166;8080;4;0;6884
2017-12-07 00:00:00.000;188;8080;4;0;6885
2017-12-07 00:00:00.000;136;8080;1;0;6886
2017-12-07 00:00:00.000;130;8080;4;0;6887
2017-12-07 00:00:00.000;115;8080;3;0;6888
2017-12-07 00:00:00.000;289;8080;1;0;6889
2017-12-07 00:00:00.000;250;8080;4;0;6890
2017-12-07 00:00:00.000;229;8080;1;0;6891
2017-12-07 00:00:00.000;155;8080;4;0;6892
2017-12-07 00:00:00.000;256;8080;1;0;6893
2017-12-07 00:00:00.000;281;8080;;0;6894
2017-12-07 00:00:00.000;227;8080;1;0;6895
2017-12-07 00:00:00.000;238;8080;1;0;6896
2017-12-07 00:00:00.000;137;8080;4;0;6897
2017-12-07 00:00:00.000;177;8080;1;0;6898
2017-12-07 00:00:00.000;171;8080;4;0;6899
2017-12-07 00:00:00.000;222;8080;1;0;6900
2017-12-07 00:00:00.000;136;8080;4;0;6901
2017-12-07 00:00:00.000;297;8080;4;0;6902
2017-12-07 00:00:00.000;187;8080;4;0;6903
2017-12-07 00:00:00.000;272;8080;1;0;6904
2017-12-07 00:00:00.000;161;8080;;0;6905
2017-12-07 00:00:00.000;155;8080;;0;6906
2017-12-07 00:00:00.000;194;8080;1;0;6907
2017-12-07 00:00:00.000;161;8080;4;0;6908
2017-12-07 00:00:00.000;209;8080;1;0;6909
2017-12-07 00:00:00.000;157;8080;4;0;6910
2017-12-07 00:00:00.000;158;8080;1;0;6911
2017-12-07 00:00:00.000;288;8080;1;0;6912
2017-12-07 00:00:00.000;199;8080;1;0;6913
2017-12-07 00:00:00.000;198;8080;4;0;6914
2017-12-07 00:00:00.000;118;8080;4;0;6915
2017-12-07 00:00:00.000;127;8080;4;0;6916
2017-12-07 00:00:00.000;214;8080;4;0;6917
2017-12-07 00:00:00.000;305;8080;4;0;6918
2017-12-07 00:00:00.000;265;8080;1;0;6919
2017-12-07 00:00:00.000;198;8080;1;0;6920
2017-12-07 00:00:00.000;162;8080;1;0;6921
2017-01-08 00:00:00.000;235;UGB ;4;0;6922
2017-01-08 00:00:00.000;176;UGB ;1;0;6923
2017-01-08 00:00:00.000;307;UGB ;4;0;6924
2017-01-08 00:00:00.000;111;UGB ;;0;6925
2017-01-08 00:00:00.000;282;UGB ;3;0;6926
2017-01-08 00:00:00.000;191;UGB ;1;0;6927
2017-01-08 00:00:00.000;152;UGB ;;0;6928
2017-01-08 00:00:00.000;285;UGB ;1;0;6929
2017-01-08 00:00:00.000;187;UGB ;4;0;6930
2017-01-08 00:00:00.000;171;UGB ;4;0;6931
2017-01-08 00:00:00.000;159;UGB ;1;0;6932
2017-01-08 00:00:00.000;154;UGB ;;0;6933
2017-01-08 00:00:00.000;239;UGB ;;0;6934
2017-01-08 00:00:00.000;159;UGB ;;0;6935
2017-01-08 00:00:00.000;183;UGB ;;0;6936
2017-01-08 00:00:00.000;149;UGB ;;0;6937
2017-01-08 00:00:00.000;237;UGB ;4;0;6938
2017-01-08 00:00:00.000;169;UGB ;4;0;6939
2017-02-08 00:00:00.000;180;UGB ;1;0;6940
2017-02-08 00:00:00.000;143;UGB ;1;0;6941
2017-02-08 00:00:00.000;306;UGB ;4;0;6942
2017-02-08 00:00:00.000;178;UGB ;1;0;6943
2017-02-08 00:00:00.000;238;UGB ;;0;6944
2017-02-08 00:00:00.000;168;UGB ;4;0;6945
2017-02-08 00:00:00.000;266;UGB ;1;0;6946
2017-02-08 00:00:00.000;286;UGB ;1;0;6947
2017-02-08 00:00:00.000;279;UGB ;;0;6948
2017-02-08 00:00:00.000;305;UGB ;;0;6949
2017-02-08 00:00:00.000;169;UGB ;;0;6950
2017-02-08 00:00:00.000;221;UGB ;;0;6951
2017-02-08 00:00:00.000;227;UGB ;4;0;6952
2017-02-08 00:00:00.000;118;UGB ;;0;6953
2017-03-08 00:00:00.000;139;UGB ;4;0;6954
2017-03-08 00:00:00.000;147;UGB ;1;0;6955
2017-03-08 00:00:00.000;294;UGB ;4;0;6956
2017-03-08 00:00:00.000;301;UGB ;4;0;6957
2017-03-08 00:00:00.000;210;UGB ;4;0;6958
2017-03-08 00:00:00.000;243;UGB ;4;0;6959
2017-03-08 00:00:00.000;142;UGB ;3;0;6960
2017-03-08 00:00:00.000;159;UGB ;4;0;6961
2017-03-08 00:00:00.000;277;UGB ;4;0;6962
2017-03-08 00:00:00.000;111;UGB ;3;0;6963
2017-03-08 00:00:00.000;300;UGB ;4;0;6964
2017-03-08 00:00:00.000;292;UGB ;4;0;6965
2017-03-08 00:00:00.000;220;UGB ;;0;6966
2017-03-08 00:00:00.000;139;UGB ;1;0;6967
2017-04-08 00:00:00.000;279;UGB ;1;0;6968
2017-04-08 00:00:00.000;241;UGB ;;0;6969
2017-04-08 00:00:00.000;308;UGB ;4;0;6970
2017-04-08 00:00:00.000;171;UGB ;4;0;6971
2017-04-08 00:00:00.000;232;UGB ;4;0;6972
2017-04-08 00:00:00.000;118;UGB ;3;0;6973
2017-04-08 00:00:00.000;287;UGB ;;0;6974
2017-04-08 00:00:00.000;193;UGB ;1;0;6975
2017-04-08 00:00:00.000;254;UGB ;4;0;6976
2017-04-08 00:00:00.000;251;UGB ;1;0;6977
2017-04-08 00:00:00.000;206;UGB ;4;0;6978
2017-04-08 00:00:00.000;292;UGB ;3;0;6979
2017-04-08 00:00:00.000;211;UGB ;1;0;6980
2017-04-08 00:00:00.000;145;UGB ;3;0;6981
2017-04-08 00:00:00.000;188;UGB ;1;0;6982
2017-04-08 00:00:00.000;261;UGB ;1;0;6983
2017-04-08 00:00:00.000;304;UGB ;1;0;6984
2017-04-08 00:00:00.000;117;UGB ;1;0;6985
2017-04-08 00:00:00.000;219;UGB ;1;0;6986
2017-04-08 00:00:00.000;242;UGB ;3;0;6987
2017-04-08 00:00:00.000;179;UGB ;1;0;6988
2017-04-08 00:00:00.000;273;UGB ;3;0;6989
2017-04-08 00:00:00.000;285;UGB ;1;0;6990
2017-04-08 00:00:00.000;113;UGB ;;0;6991
2017-04-08 00:00:00.000;273;UGB ;1;0;6992
2017-04-08 00:00:00.000;269;UGB ;1;0;6993
2017-04-08 00:00:00.000;194;UGB ;4;0;6994
2017-04-08 00:00:00.000;124;UGB ;1;0;6995
2017-04-08 00:00:00.000;121;UGB ;1;0;6996
2017-04-08 00:00:00.000;253;UGB ;3;0;6997
2017-04-08 00:00:00.000;209;UGB ;;0;6998
2017-04-08 00:00:00.000;157;UGB ;3;0;6999
2017-04-08 00:00:00.000;226;UGB ;;0;7000
2017-04-08 00:00:00.000;173;UGB ;4;0;7001
2017-04-08 00:00:00.000;111;UGB ;1;0;7002
2017-04-08 00:00:00.000;219;UGB ;1;0;7003
2017-04-08 00:00:00.000;312;UGB ;1;0;7004
2017-04-08 00:00:00.000;132;UGB ;4;0;7005
2017-04-08 00:00:00.000;217;UGB ;3;0;7006
2017-04-08 00:00:00.000;188;UGB ;4;0;7007
2017-05-08 00:00:00.000;136;WAO ;3;0;7008
2017-05-08 00:00:00.000;183;WAO ;3;0;7009
2017-05-08 00:00:00.000;138;WAO ;1;0;7010
2017-05-08 00:00:00.000;274;WAO ;1;0;7011
2017-05-08 00:00:00.000;172;WAO ;3;0;7012
2017-05-08 00:00:00.000;203;WAO ;1;0;7013
2017-05-08 00:00:00.000;232;WAO ;3;0;7014
2017-05-08 00:00:00.000;157;WAO ;1;0;7015
2017-05-08 00:00:00.000;235;WAO ;;0;7016
2017-05-08 00:00:00.000;268;WAO ;3;0;7017
2017-05-08 00:00:00.000;188;WAO ;1;0;7018
2017-05-08 00:00:00.000;209;WAO ;1;0;7019
2017-05-08 00:00:00.000;253;WAO ;1;0;7020
2017-05-08 00:00:00.000;172;WAO ;4;0;7021
2017-05-08 00:00:00.000;143;WAO ;4;0;7022
2017-05-08 00:00:00.000;303;WAO ;4;0;7023
2017-05-08 00:00:00.000;129;WAO ;;0;7024
2017-11-08 00:00:00.000;210;8080;4;0;7025
2017-11-08 00:00:00.000;211;8080;4;0;7026
2017-11-08 00:00:00.000;191;8080;4;0;7027
2017-11-08 00:00:00.000;271;8080;3;0;7028
2017-11-08 00:00:00.000;177;8080;3;0;7029
2017-11-08 00:00:00.000;216;8080;;0;7030
2017-11-08 00:00:00.000;114;8080;4;0;7031
2017-11-08 00:00:00.000;225;8080;1;0;7032
2017-11-08 00:00:00.000;192;8080;3;0;7033
2017-11-08 00:00:00.000;252;8080;4;0;7034
2017-11-08 00:00:00.000;277;8080;1;0;7035
2017-11-08 00:00:00.000;154;8080;4;0;7036
2017-11-08 00:00:00.000;187;8080;1;0;7037
2017-11-08 00:00:00.000;146;8080;1;0;7038
2017-11-08 00:00:00.000;298;8080;3;0;7039
2017-11-08 00:00:00.000;215;8080;1;0;7040
2017-11-08 00:00:00.000;309;8080;1;0;7041
2017-11-08 00:00:00.000;287;8080;;0;7042
2017-11-08 00:00:00.000;166;8080;1;0;7043
2017-11-08 00:00:00.000;205;8080;;0;7044
2017-11-08 00:00:00.000;266;8080;;0;7045
2017-11-08 00:00:00.000;167;8080;4;0;7046
2017-12-08 00:00:00.000;163;8080;4;0;7047
2017-12-08 00:00:00.000;135;8080;1;0;7048
2017-12-08 00:00:00.000;223;8080;1;0;7049
2017-12-08 00:00:00.000;164;8080;1;0;7050
2017-12-08 00:00:00.000;304;8080;3;0;7051
2017-12-08 00:00:00.000;125;8080;1;0;7052
2017-12-08 00:00:00.000;124;8080;4;0;7053
2017-12-08 00:00:00.000;140;8080;1;0;7054
2017-12-08 00:00:00.000;129;8080;1;0;7055
2017-12-08 00:00:00.000;147;8080;1;0;7056
2017-12-08 00:00:00.000;117;8080;1;0;7057
2017-12-08 00:00:00.000;293;8080;1;0;7058
2017-12-08 00:00:00.000;232;8080;1;0;7059
2017-12-08 00:00:00.000;215;8080;1;0;7060
2017-12-08 00:00:00.000;270;8080;4;0;7061
2017-12-08 00:00:00.000;288;8080;4;0;7062
2017-12-08 00:00:00.000;146;8080;4;0;7063
2017-12-08 00:00:00.000;127;8080;4;0;7064
2017-12-08 00:00:00.000;232;8080;1;0;7065
2017-12-08 00:00:00.000;254;8080;4;0;7066
2017-12-08 00:00:00.000;294;8080;4;0;7067
2017-12-08 00:00:00.000;308;8080;4;0;7068
2017-12-08 00:00:00.000;251;8080;4;0;7069
2017-12-08 00:00:00.000;231;8080;;0;7070
2017-12-08 00:00:00.000;155;8080;3;0;7071
2017-12-08 00:00:00.000;187;8080;4;0;7072
2017-12-08 00:00:00.000;130;8080;;0;7073
2017-12-08 00:00:00.000;189;8080;4;0;7074
2017-12-08 00:00:00.000;150;8080;1;0;7075
2017-12-08 00:00:00.000;246;8080;1;0;7076
2017-12-08 00:00:00.000;165;8080;3;0;7077
2017-12-08 00:00:00.000;124;8080;4;0;7078
2017-12-08 00:00:00.000;118;8080;1;0;7079
2017-12-08 00:00:00.000;120;8080;1;0;7080
2017-12-08 00:00:00.000;129;8080;4;0;7081
2017-12-08 00:00:00.000;228;8080;1;0;7082
2017-12-08 00:00:00.000;174;8080;4;0;7083
2017-12-08 00:00:00.000;147;8080;1;0;7084
2017-12-08 00:00:00.000;142;8080;3;0;7085
2017-12-08 00:00:00.000;257;8080;1;0;7086
2017-12-08 00:00:00.000;226;8080;1;0;7087
2017-12-08 00:00:00.000;249;8080;3;0;7088
2017-12-08 00:00:00.000;159;8080;3;0;7089
2017-12-08 00:00:00.000;114;8080;1;0;7090
2017-12-08 00:00:00.000;125;8080;1;0;7091
2017-12-08 00:00:00.000;224;8080;1;0;7092
2017-12-08 00:00:00.000;221;8080;1;0;7093
2017-12-08 00:00:00.000;283;8080;4;0;7094
2017-12-08 00:00:00.000;305;8080;1;0;7095
2017-12-08 00:00:00.000;261;8080;3;0;7096
2017-12-08 00:00:00.000;306;8080;4;0;7097
2017-12-08 00:00:00.000;181;8080;3;0;7098
2017-12-08 00:00:00.000;221;8080;4;0;7099
2017-12-08 00:00:00.000;209;8080;1;0;7100
2017-12-08 00:00:00.000;193;8080;1;0;7101
2017-12-08 00:00:00.000;282;8080;4;0;7102
2017-12-08 00:00:00.000;146;8080;3;0;7103
2017-12-08 00:00:00.000;239;8080;3;0;7104
2017-12-08 00:00:00.000;256;8080;4;0;7105
2017-12-08 00:00:00.000;269;8080;4;0;7106
2017-12-08 00:00:00.000;113;8080;4;0;7107
2017-12-08 00:00:00.000;196;8080;1;0;7108
2017-12-08 00:00:00.000;191;8080;4;0;7109
2017-12-08 00:00:00.000;164;8080;1;0;7110
2017-12-08 00:00:00.000;181;8080;4;0;7111
2017-12-08 00:00:00.000;277;8080;1;0;7112
2017-12-08 00:00:00.000;210;8080;3;0;7113
2017-12-08 00:00:00.000;262;8080;4;0;7114
2017-12-08 00:00:00.000;282;8080;4;0;7115
2017-12-08 00:00:00.000;197;8080;4;0;7116
2017-12-08 00:00:00.000;219;8080;4;0;7117
2017-12-08 00:00:00.000;271;8080;1;0;7118
2017-12-08 00:00:00.000;159;8080;3;0;7119
2017-12-08 00:00:00.000;137;8080;1;0;7120
2017-12-08 00:00:00.000;303;8080;4;0;7121
2017-12-08 00:00:00.000;184;8080;1;0;7122
2017-12-08 00:00:00.000;116;8080;4;0;7123
2017-12-08 00:00:00.000;235;8080;1;0;7124
2017-12-08 00:00:00.000;190;8080;4;0;7125
2017-12-08 00:00:00.000;137;8080;;0;7126
2017-12-08 00:00:00.000;178;8080;4;0;7127
2017-12-08 00:00:00.000;293;8080;1;0;7128
2017-12-08 00:00:00.000;236;8080;1;0;7129
2017-12-08 00:00:00.000;149;8080;3;0;7130
2017-12-08 00:00:00.000;303;8080;3;0;7131
2017-12-08 00:00:00.000;208;8080;;0;7132
2017-12-08 00:00:00.000;271;8080;4;0;7133
2017-12-08 00:00:00.000;261;8080;1;0;7134
2017-12-08 00:00:00.000;192;8080;1;0;7135
2017-12-08 00:00:00.000;112;8080;4;0;7136
2017-12-08 00:00:00.000;287;8080;3;0;7137
2017-12-08 00:00:00.000;196;8080;4;0;7138
2017-12-08 00:00:00.000;293;8080;;0;7139
2017-12-08 00:00:00.000;221;8080;4;0;7140
2017-12-08 00:00:00.000;263;8080;4;0;7141
2017-01-09 00:00:00.000;136;UGB ;4;0;7142
2017-01-09 00:00:00.000;185;UGB ;4;0;7143
2017-01-09 00:00:00.000;265;UGB ;4;0;7144
2017-01-09 00:00:00.000;261;UGB ;3;0;7145
2017-01-09 00:00:00.000;200;UGB ;3;0;7146
2017-01-09 00:00:00.000;203;UGB ;4;0;7147
2017-01-09 00:00:00.000;266;UGB ;;0;7148
2017-01-09 00:00:00.000;241;UGB ;;0;7149
2017-01-09 00:00:00.000;157;UGB ;3;0;7150
2017-01-09 00:00:00.000;133;UGB ;4;0;7151
2017-01-09 00:00:00.000;157;UGB ;1;0;7152
2017-01-09 00:00:00.000;182;UGB ;4;0;7153
2017-01-09 00:00:00.000;125;UGB ;;0;7154
2017-01-09 00:00:00.000;289;UGB ;;0;7155
2017-01-09 00:00:00.000;251;UGB ;4;0;7156
2017-01-09 00:00:00.000;282;UGB ;1;0;7157
2017-01-09 00:00:00.000;248;UGB ;3;0;7158
2017-02-09 00:00:00.000;214;UGB ;1;0;7159
2017-02-09 00:00:00.000;192;UGB ;3;0;7160
2017-02-09 00:00:00.000;266;UGB ;1;0;7161
2017-02-09 00:00:00.000;174;UGB ;3;0;7162
2017-02-09 00:00:00.000;199;UGB ;1;0;7163
2017-02-09 00:00:00.000;237;UGB ;3;0;7164
2017-02-09 00:00:00.000;169;UGB ;1;0;7165
2017-02-09 00:00:00.000;249;UGB ;3;0;7166
2017-02-09 00:00:00.000;198;UGB ;3;0;7167
2017-02-09 00:00:00.000;172;UGB ;1;0;7168
2017-02-09 00:00:00.000;297;UGB ;1;0;7169
2017-02-09 00:00:00.000;128;UGB ;1;0;7170
2017-02-09 00:00:00.000;256;UGB ;1;0;7171
2017-02-09 00:00:00.000;127;UGB ;1;0;7172
2017-02-09 00:00:00.000;236;UGB ;1;0;7173
2017-02-09 00:00:00.000;199;UGB ;3;0;7174
2017-02-09 00:00:00.000;208;UGB ;3;0;7175
2017-02-09 00:00:00.000;228;UGB ;4;0;7176
2017-02-09 00:00:00.000;243;UGB ;;0;7177
2017-02-09 00:00:00.000;162;UGB ;1;0;7178
2017-02-09 00:00:00.000;199;UGB ;;0;7179
2017-02-09 00:00:00.000;197;UGB ;;0;7180
2017-02-09 00:00:00.000;312;UGB ;;0;7181
2017-02-09 00:00:00.000;122;UGB ;1;0;7182
2017-02-09 00:00:00.000;133;UGB ;4;0;7183
2017-03-09 00:00:00.000;143;UGB ;4;0;7184
2017-03-09 00:00:00.000;228;UGB ;4;0;7185
2017-03-09 00:00:00.000;121;UGB ;3;0;7186
2017-03-09 00:00:00.000;231;UGB ;3;0;7187
2017-03-09 00:00:00.000;230;UGB ;1;0;7188
2017-03-09 00:00:00.000;205;UGB ;4;0;7189
2017-03-09 00:00:00.000;158;UGB ;3;0;7190
2017-03-09 00:00:00.000;244;UGB ;4;0;7191
2017-03-09 00:00:00.000;174;UGB ;1;0;7192
2017-03-09 00:00:00.000;228;UGB ;1;0;7193
2017-03-09 00:00:00.000;204;UGB ;4;0;7194
2017-03-09 00:00:00.000;276;UGB ;1;0;7195
2017-03-09 00:00:00.000;214;UGB ;4;0;7196
2017-03-09 00:00:00.000;186;UGB ;1;0;7197
2017-03-09 00:00:00.000;166;UGB ;;0;7198
2017-04-09 00:00:00.000;159;WAO ;1;0;7199
2017-04-09 00:00:00.000;256;WAO ;3;0;7200
2017-04-09 00:00:00.000;186;WAO ;4;0;7201
2017-04-09 00:00:00.000;213;WAO ;4;0;7202
2017-04-09 00:00:00.000;274;WAO ;1;0;7203
2017-04-09 00:00:00.000;171;WAO ;1;0;7204
2017-04-09 00:00:00.000;181;WAO ;;0;7205
2017-04-09 00:00:00.000;235;WAO ;4;0;7206
2017-04-09 00:00:00.000;232;WAO ;4;0;7207
2017-04-09 00:00:00.000;182;WAO ;1;0;7208
2017-04-09 00:00:00.000;169;WAO ;1;0;7209
2017-04-09 00:00:00.000;177;WAO ;3;0;7210
2017-04-09 00:00:00.000;252;WAO ;3;0;7211
2017-04-09 00:00:00.000;249;WAO ;3;0;7212
2017-04-09 00:00:00.000;132;WAO ;;0;7213
2017-04-09 00:00:00.000;114;WAO ;3;0;7214
2017-04-09 00:00:00.000;156;WAO ;4;0;7215
2017-04-09 00:00:00.000;280;WAO ;4;0;7216
2017-04-09 00:00:00.000;223;WAO ;3;0;7217
2017-04-09 00:00:00.000;309;WAO ;;0;7218
2017-04-09 00:00:00.000;277;WAO ;1;0;7219
2017-04-09 00:00:00.000;151;WAO ;1;0;7220
2017-04-09 00:00:00.000;248;WAO ;;0;7221
2017-04-09 00:00:00.000;159;WAO ;;0;7222
2017-11-09 00:00:00.000;241;8080;4;0;7223
2017-11-09 00:00:00.000;301;8080;3;0;7224
2017-11-09 00:00:00.000;255;8080;4;0;7225
2017-11-09 00:00:00.000;158;8080;4;0;7226
2017-11-09 00:00:00.000;271;8080;1;0;7227
2017-11-09 00:00:00.000;293;8080;4;0;7228
2017-11-09 00:00:00.000;211;8080;3;0;7229
2017-11-09 00:00:00.000;128;8080;3;0;7230
2017-11-09 00:00:00.000;191;8080;;0;7231
2017-11-09 00:00:00.000;195;8080;1;0;7232
2017-11-09 00:00:00.000;154;8080;4;0;7233
2017-11-09 00:00:00.000;217;8080;;0;7234
2017-11-09 00:00:00.000;116;8080;4;0;7235
2017-11-09 00:00:00.000;140;8080;4;0;7236
2017-11-09 00:00:00.000;141;8080;1;0;7237
2017-11-09 00:00:00.000;207;8080;;0;7238
2017-11-09 00:00:00.000;194;8080;1;0;7239
2017-11-09 00:00:00.000;192;8080;;0;7240
2017-11-09 00:00:00.000;301;8080;1;0;7241
2017-11-09 00:00:00.000;219;8080;1;0;7242
2017-11-09 00:00:00.000;204;8080;;0;7243
2017-11-09 00:00:00.000;198;8080;;0;7244
2017-11-09 00:00:00.000;228;8080;;0;7245
2017-11-09 00:00:00.000;214;8080;;0;7246
2017-11-09 00:00:00.000;305;8080;;0;7247
2017-11-09 00:00:00.000;172;8080;;0;7248
2017-12-09 00:00:00.000;275;8080;1;0;7249
2017-12-09 00:00:00.000;185;8080;1;0;7250
2017-12-09 00:00:00.000;293;8080;;0;7251
2017-12-09 00:00:00.000;302;8080;1;0;7252
2017-12-09 00:00:00.000;138;8080;3;0;7253
2017-12-09 00:00:00.000;226;8080;1;0;7254
2017-12-09 00:00:00.000;291;8080;3;0;7255
2017-12-09 00:00:00.000;113;8080;4;0;7256
2017-12-09 00:00:00.000;181;8080;1;0;7257
2017-12-09 00:00:00.000;219;8080;1;0;7258
2017-12-09 00:00:00.000;203;8080;1;0;7259
2017-12-09 00:00:00.000;130;8080;;0;7260
2017-12-09 00:00:00.000;136;8080;1;0;7261
2017-12-09 00:00:00.000;309;8080;4;0;7262
2017-12-09 00:00:00.000;253;8080;1;0;7263
2017-12-09 00:00:00.000;128;8080;3;0;7264
2017-12-09 00:00:00.000;269;8080;4;0;7265
2017-12-09 00:00:00.000;172;8080;3;0;7266
2017-12-09 00:00:00.000;221;8080;1;0;7267
2017-12-09 00:00:00.000;175;8080;4;0;7268
2017-12-09 00:00:00.000;258;8080;1;0;7269
2017-12-09 00:00:00.000;191;8080;1;0;7270
2017-12-09 00:00:00.000;307;8080;1;0;7271
2017-12-09 00:00:00.000;215;8080;4;0;7272
2017-12-09 00:00:00.000;251;8080;3;0;7273
2017-12-09 00:00:00.000;268;8080;4;0;7274
2017-12-09 00:00:00.000;289;8080;1;0;7275
2017-12-09 00:00:00.000;214;8080;1;0;7276
2017-12-09 00:00:00.000;142;8080;4;0;7277
2017-12-09 00:00:00.000;200;8080;1;0;7278
2017-12-09 00:00:00.000;275;8080;4;0;7279
2017-12-09 00:00:00.000;224;8080;1;0;7280
2017-12-09 00:00:00.000;210;8080;4;0;7281
2017-12-09 00:00:00.000;161;8080;4;0;7282
2017-12-09 00:00:00.000;191;8080;3;0;7283
2017-12-09 00:00:00.000;207;8080;1;0;7284
2017-12-09 00:00:00.000;274;8080;4;0;7285
2017-12-09 00:00:00.000;225;8080;1;0;7286
2017-12-09 00:00:00.000;297;8080;4;0;7287
2017-12-09 00:00:00.000;196;8080;4;0;7288
2017-12-09 00:00:00.000;162;8080;1;0;7289
2017-12-09 00:00:00.000;272;8080;1;0;7290
2017-12-09 00:00:00.000;168;8080;4;0;7291
2017-12-09 00:00:00.000;184;8080;4;0;7292
2017-12-09 00:00:00.000;188;8080;4;0;7293
2017-12-09 00:00:00.000;141;8080;4;0;7294
2017-12-09 00:00:00.000;265;8080;4;0;7295
2017-12-09 00:00:00.000;247;8080;1;0;7296
2017-12-09 00:00:00.000;161;8080;4;0;7297
2017-12-09 00:00:00.000;279;8080;1;0;7298
2017-12-09 00:00:00.000;114;8080;1;0;7299
2017-12-09 00:00:00.000;287;8080;;0;7300
2017-12-09 00:00:00.000;238;8080;1;0;7301
2017-12-09 00:00:00.000;138;8080;4;0;7302
2017-12-09 00:00:00.000;310;8080;1;0;7303
2017-12-09 00:00:00.000;132;8080;4;0;7304
2017-12-09 00:00:00.000;117;8080;1;0;7305
2017-12-09 00:00:00.000;157;8080;4;0;7306
2017-12-09 00:00:00.000;160;8080;1;0;7307
2017-12-09 00:00:00.000;240;8080;1;0;7308
2017-12-09 00:00:00.000;235;8080;4;0;7309
2017-12-09 00:00:00.000;119;8080;1;0;7310
2017-12-09 00:00:00.000;294;8080;4;0;7311
2017-12-09 00:00:00.000;168;8080;4;0;7312
2017-12-09 00:00:00.000;229;8080;3;0;7313
2017-12-09 00:00:00.000;213;8080;1;0;7314
2017-12-09 00:00:00.000;285;8080;1;0;7315
2017-12-09 00:00:00.000;216;8080;4;0;7316
2017-12-09 00:00:00.000;195;8080;4;0;7317
2017-12-09 00:00:00.000;236;8080;3;0;7318
2017-12-09 00:00:00.000;238;8080;1;0;7319
2017-12-09 00:00:00.000;179;8080;4;0;7320
2017-12-09 00:00:00.000;114;8080;4;0;7321
2017-12-09 00:00:00.000;298;8080;;0;7322
2017-12-09 00:00:00.000;280;8080;4;0;7323
2017-12-09 00:00:00.000;285;8080;4;0;7324
2017-12-09 00:00:00.000;295;8080;;0;7325
2017-12-09 00:00:00.000;271;8080;1;0;7326
2017-12-09 00:00:00.000;310;8080;1;0;7327
2017-12-09 00:00:00.000;237;8080;;0;7328
2017-12-09 00:00:00.000;149;8080;4;0;7329
2017-12-09 00:00:00.000;217;8080;1;0;7330
2017-12-09 00:00:00.000;210;8080;3;0;7331
2017-12-09 00:00:00.000;178;8080;4;0;7332
2017-12-09 00:00:00.000;192;8080;4;0;7333
2017-12-09 00:00:00.000;274;8080;4;0;7334
2017-12-09 00:00:00.000;143;8080;3;0;7335
2017-12-09 00:00:00.000;279;8080;;0;7336
2017-12-09 00:00:00.000;243;8080;4;0;7337
2017-12-09 00:00:00.000;300;8080;;0;7338
2017-12-09 00:00:00.000;298;8080;1;0;7339
2017-12-09 00:00:00.000;163;8080;3;0;7340
2017-12-09 00:00:00.000;172;8080;4;0;7341
2017-12-09 00:00:00.000;177;8080;3;0;7342
2017-12-09 00:00:00.000;199;8080;;0;7343
2017-12-09 00:00:00.000;153;8080;4;0;7344
2017-12-09 00:00:00.000;262;8080;4;0;7345
2017-12-09 00:00:00.000;139;8080;1;0;7346
2017-12-09 00:00:00.000;208;8080;4;0;7347
2017-01-10 00:00:00.000;268;UGB ;4;0;7348
2017-01-10 00:00:00.000;205;UGB ;4;0;7349
2017-01-10 00:00:00.000;168;UGB ;;0;7350
2017-01-10 00:00:00.000;203;UGB ;4;0;7351
2017-01-10 00:00:00.000;238;UGB ;4;0;7352
2017-01-10 00:00:00.000;242;UGB ;4;0;7353
2017-01-10 00:00:00.000;149;UGB ;;0;7354
2017-01-10 00:00:00.000;173;UGB ;4;0;7355
2017-01-10 00:00:00.000;301;UGB ;4;0;7356
2017-01-10 00:00:00.000;275;UGB ;4;0;7357
2017-01-10 00:00:00.000;255;UGB ;;0;7358
2017-01-10 00:00:00.000;242;UGB ;1;0;7359
2017-01-10 00:00:00.000;148;UGB ;4;0;7360
2017-01-10 00:00:00.000;309;UGB ;;0;7361
2017-01-10 00:00:00.000;114;UGB ;;0;7362
2017-01-10 00:00:00.000;292;UGB ;3;0;7363
2017-01-10 00:00:00.000;292;UGB ;3;0;7364
2017-01-10 00:00:00.000;278;UGB ;;0;7365
2017-01-10 00:00:00.000;133;UGB ;;0;7366
2017-01-10 00:00:00.000;144;UGB ;1;0;7367
2017-02-10 00:00:00.000;267;UGB ;4;0;7368
2017-02-10 00:00:00.000;275;UGB ;4;0;7369
2017-02-10 00:00:00.000;283;UGB ;4;0;7370
2017-02-10 00:00:00.000;143;UGB ;4;0;7371
2017-02-10 00:00:00.000;133;UGB ;4;0;7372
2017-02-10 00:00:00.000;129;UGB ;1;0;7373
2017-02-10 00:00:00.000;298;UGB ;1;0;7374
2017-02-10 00:00:00.000;137;UGB ;4;0;7375
2017-02-10 00:00:00.000;279;UGB ;3;0;7376
2017-02-10 00:00:00.000;183;UGB ;1;0;7377
2017-02-10 00:00:00.000;199;UGB ;1;0;7378
2017-02-10 00:00:00.000;291;UGB ;3;0;7379
2017-02-10 00:00:00.000;162;UGB ;3;0;7380
2017-02-10 00:00:00.000;117;UGB ;4;0;7381
2017-02-10 00:00:00.000;200;UGB ;;0;7382
2017-02-10 00:00:00.000;221;UGB ;3;0;7383
2017-02-10 00:00:00.000;112;UGB ;;0;7384
2017-02-10 00:00:00.000;271;UGB ;;0;7385
2017-02-10 00:00:00.000;295;UGB ;;0;7386
2017-02-10 00:00:00.000;148;UGB ;;0;7387
2017-02-10 00:00:00.000;268;UGB ;3;0;7388
2017-02-10 00:00:00.000;128;UGB ;;0;7389
2017-03-10 00:00:00.000;119;UGB ;4;0;7390
2017-03-10 00:00:00.000;309;UGB ;1;0;7391
2017-03-10 00:00:00.000;275;UGB ;4;0;7392
2017-03-10 00:00:00.000;236;UGB ;1;0;7393
2017-03-10 00:00:00.000;306;UGB ;4;0;7394
2017-03-10 00:00:00.000;237;UGB ;4;0;7395
2017-03-10 00:00:00.000;310;UGB ;4;0;7396
2017-03-10 00:00:00.000;274;UGB ;1;0;7397
2017-03-10 00:00:00.000;210;UGB ;4;0;7398
2017-03-10 00:00:00.000;310;UGB ;4;0;7399
2017-03-10 00:00:00.000;154;UGB ;1;0;7400
2017-03-10 00:00:00.000;147;UGB ;1;0;7401
2017-03-10 00:00:00.000;206;UGB ;4;0;7402
2017-03-10 00:00:00.000;271;UGB ;4;0;7403
2017-03-10 00:00:00.000;177;UGB ;1;0;7404
2017-03-10 00:00:00.000;165;UGB ;;0;7405
2017-03-10 00:00:00.000;251;UGB ;1;0;7406
2017-03-10 00:00:00.000;276;UGB ;4;0;7407
2017-03-10 00:00:00.000;260;UGB ;3;0;7408
2017-03-10 00:00:00.000;296;UGB ;1;0;7409
2017-03-10 00:00:00.000;287;UGB ;;0;7410
2017-03-10 00:00:00.000;265;UGB ;1;0;7411
2017-03-10 00:00:00.000;272;UGB ;;0;7412
2017-03-10 00:00:00.000;169;UGB ;1;0;7413
2017-04-10 00:00:00.000;176;WAO ;3;0;7414
2017-04-10 00:00:00.000;121;WAO ;4;0;7415
2017-04-10 00:00:00.000;133;WAO ;4;0;7416
2017-04-10 00:00:00.000;265;WAO ;1;0;7417
2017-04-10 00:00:00.000;178;WAO ;3;0;7418
2017-04-10 00:00:00.000;276;WAO ;1;0;7419
2017-04-10 00:00:00.000;289;WAO ;;0;7420
2017-04-10 00:00:00.000;120;WAO ;1;0;7421
2017-04-10 00:00:00.000;218;WAO ;3;0;7422
2017-04-10 00:00:00.000;165;WAO ;4;0;7423
2017-04-10 00:00:00.000;305;WAO ;;0;7424
2017-04-10 00:00:00.000;310;WAO ;;0;7425
2017-04-10 00:00:00.000;204;WAO ;3;0;7426
2017-04-10 00:00:00.000;169;WAO ;4;0;7427
2017-04-10 00:00:00.000;222;WAO ;3;0;7428
2017-11-10 00:00:00.000;195;8080;1;0;7429
2017-11-10 00:00:00.000;185;8080;3;0;7430
2017-11-10 00:00:00.000;153;8080;1;0;7431
2017-11-10 00:00:00.000;190;8080;4;0;7432
2017-11-10 00:00:00.000;144;8080;4;0;7433
2017-11-10 00:00:00.000;187;8080;4;0;7434
2017-11-10 00:00:00.000;152;8080;;0;7435
2017-11-10 00:00:00.000;218;8080;1;0;7436
2017-11-10 00:00:00.000;155;8080;4;0;7437
2017-11-10 00:00:00.000;294;8080;;0;7438
2017-11-10 00:00:00.000;233;8080;;0;7439
2017-11-10 00:00:00.000;118;8080;4;0;7440
2017-11-10 00:00:00.000;111;8080;;0;7441
2017-11-10 00:00:00.000;266;8080;;0;7442
2017-11-10 00:00:00.000;168;8080;;0;7443
2017-11-10 00:00:00.000;210;8080;4;0;7444
2017-11-10 00:00:00.000;114;8080;;0;7445
2017-11-10 00:00:00.000;193;8080;1;0;7446
2017-11-10 00:00:00.000;260;8080;1;0;7447
2017-11-10 00:00:00.000;196;8080;4;0;7448
2017-11-10 00:00:00.000;246;8080;1;0;7449
2017-11-10 00:00:00.000;134;8080;;0;7450
2017-11-10 00:00:00.000;292;8080;4;0;7451
2017-11-10 00:00:00.000;139;8080;3;0;7452
2017-12-10 00:00:00.000;135;8080;4;0;7453
2017-12-10 00:00:00.000;162;8080;4;0;7454
2017-12-10 00:00:00.000;124;8080;4;0;7455
2017-12-10 00:00:00.000;113;8080;1;0;7456
2017-12-10 00:00:00.000;113;8080;1;0;7457
2017-12-10 00:00:00.000;148;8080;3;0;7458
2017-12-10 00:00:00.000;217;8080;4;0;7459
2017-12-10 00:00:00.000;311;8080;4;0;7460
2017-12-10 00:00:00.000;162;8080;;0;7461
2017-12-10 00:00:00.000;282;8080;4;0;7462
2017-12-10 00:00:00.000;129;8080;;0;7463
2017-12-10 00:00:00.000;127;8080;3;0;7464
2017-12-10 00:00:00.000;268;8080;4;0;7465
2017-12-10 00:00:00.000;243;8080;4;0;7466
2017-12-10 00:00:00.000;114;8080;1;0;7467
2017-12-10 00:00:00.000;186;8080;3;0;7468
2017-12-10 00:00:00.000;243;8080;1;0;7469
2017-12-10 00:00:00.000;255;8080;4;0;7470
2017-12-10 00:00:00.000;139;8080;1;0;7471
2017-12-10 00:00:00.000;297;8080;4;0;7472
2017-12-10 00:00:00.000;124;8080;4;0;7473
2017-12-10 00:00:00.000;266;8080;3;0;7474
2017-12-10 00:00:00.000;143;8080;1;0;7475
2017-12-10 00:00:00.000;253;8080;4;0;7476
2017-12-10 00:00:00.000;151;8080;3;0;7477
2017-12-10 00:00:00.000;230;8080;4;0;7478
2017-12-10 00:00:00.000;169;8080;4;0;7479
2017-12-10 00:00:00.000;161;8080;3;0;7480
2017-12-10 00:00:00.000;239;8080;4;0;7481
2017-12-10 00:00:00.000;304;8080;4;0;7482
2017-12-10 00:00:00.000;179;8080;4;0;7483
2017-12-10 00:00:00.000;284;8080;4;0;7484
2017-12-10 00:00:00.000;303;8080;1;0;7485
2017-12-10 00:00:00.000;121;8080;3;0;7486
2017-12-10 00:00:00.000;302;8080;3;0;7487
2017-12-10 00:00:00.000;129;8080;1;0;7488
2017-12-10 00:00:00.000;156;8080;1;0;7489
2017-12-10 00:00:00.000;202;8080;3;0;7490
2017-12-10 00:00:00.000;150;8080;1;0;7491
2017-12-10 00:00:00.000;165;8080;4;0;7492
2017-12-10 00:00:00.000;240;8080;4;0;7493
2017-12-10 00:00:00.000;232;8080;1;0;7494
2017-12-10 00:00:00.000;311;8080;1;0;7495
2017-12-10 00:00:00.000;224;8080;3;0;7496
2017-12-10 00:00:00.000;263;8080;;0;7497
2017-12-10 00:00:00.000;234;8080;1;0;7498
2017-12-10 00:00:00.000;308;8080;3;0;7499
2017-12-10 00:00:00.000;141;8080;4;0;7500
2017-12-10 00:00:00.000;275;8080;4;0;7501
2017-12-10 00:00:00.000;309;8080;4;0;7502
2017-12-10 00:00:00.000;299;8080;3;0;7503
2017-12-10 00:00:00.000;248;8080;1;0;7504
2017-12-10 00:00:00.000;138;8080;4;0;7505
2017-12-10 00:00:00.000;269;8080;4;0;7506
2017-12-10 00:00:00.000;269;8080;4;0;7507
2017-12-10 00:00:00.000;145;8080;1;0;7508
2017-12-10 00:00:00.000;168;8080;4;0;7509
2017-12-10 00:00:00.000;275;8080;4;0;7510
2017-12-10 00:00:00.000;116;8080;;0;7511
2017-12-10 00:00:00.000;293;8080;3;0;7512
2017-12-10 00:00:00.000;120;8080;1;0;7513
2017-12-10 00:00:00.000;222;8080;1;0;7514
2017-12-10 00:00:00.000;165;8080;4;0;7515
2017-12-10 00:00:00.000;264;8080;4;0;7516
2017-12-10 00:00:00.000;143;8080;1;0;7517
2017-12-10 00:00:00.000;191;8080;1;0;7518
2017-12-10 00:00:00.000;200;8080;4;0;7519
2017-12-10 00:00:00.000;164;8080;1;0;7520
2017-12-10 00:00:00.000;128;8080;4;0;7521
2017-12-10 00:00:00.000;153;8080;1;0;7522
2017-12-10 00:00:00.000;126;8080;1;0;7523
2017-12-10 00:00:00.000;173;8080;1;0;7524
2017-12-10 00:00:00.000;286;8080;3;0;7525
2017-12-10 00:00:00.000;147;8080;4;0;7526
2017-12-10 00:00:00.000;185;8080;4;0;7527
2017-12-10 00:00:00.000;146;8080;4;0;7528
2017-12-10 00:00:00.000;185;8080;1;0;7529
2017-12-10 00:00:00.000;167;8080;4;0;7530
2017-12-10 00:00:00.000;170;8080;1;0;7531
2017-12-10 00:00:00.000;116;8080;4;0;7532
2017-12-10 00:00:00.000;173;8080;4;0;7533
2017-12-10 00:00:00.000;182;8080;1;0;7534
2017-12-10 00:00:00.000;234;8080;4;0;7535
2017-12-10 00:00:00.000;266;8080;1;0;7536
2017-12-10 00:00:00.000;129;8080;1;0;7537
2017-12-10 00:00:00.000;312;8080;1;0;7538
2017-12-10 00:00:00.000;232;8080;1;0;7539
2017-12-10 00:00:00.000;168;8080;4;0;7540
2017-12-10 00:00:00.000;281;8080;1;0;7541
2017-12-10 00:00:00.000;242;8080;;0;7542
2017-12-10 00:00:00.000;210;8080;1;0;7543
2017-12-10 00:00:00.000;160;8080;;0;7544
2017-12-10 00:00:00.000;142;8080;4;0;7545
2017-12-10 00:00:00.000;161;8080;4;0;7546
2017-12-10 00:00:00.000;265;8080;;0;7547
2017-12-10 00:00:00.000;168;8080;1;0;7548
2017-12-10 00:00:00.000;261;8080;4;0;7549
2017-12-10 00:00:00.000;239;8080;4;0;7550
2017-12-10 00:00:00.000;290;8080;1;0;7551
2017-12-10 00:00:00.000;272;8080;3;0;7552
2017-12-10 00:00:00.000;169;8080;4;0;7553
2017-12-10 00:00:00.000;235;8080;1;0;7554
2017-12-10 00:00:00.000;293;8080;4;0;7555
2017-12-10 00:00:00.000;194;8080;1;0;7556
2017-12-10 00:00:00.000;220;8080;4;0;7557
2017-12-10 00:00:00.000;273;8080;;0;7558
2017-12-10 00:00:00.000;274;8080;;0;7559
2017-12-10 00:00:00.000;298;8080;4;0;7560
2017-12-10 00:00:00.000;122;8080;4;0;7561
2017-12-10 00:00:00.000;229;8080;;0;7562
2017-12-10 00:00:00.000;305;8080;4;0;7563
2017-12-10 00:00:00.000;173;8080;1;59,7;7564
2017-12-10 00:00:00.000;202;8080;1;0;7565
2017-12-10 00:00:00.000;235;8080;3;0;7566
2017-12-10 00:00:00.000;254;8080;4;0;7567
2017-12-10 00:00:00.000;122;8080;4;0;7568
2017-12-10 00:00:00.000;181;8080;4;0;7569
2017-12-10 00:00:00.000;182;8080;3;0;7570
2017-12-10 00:00:00.000;137;8080;4;0;7571
2017-12-10 00:00:00.000;216;8080;4;0;7572
2017-12-10 00:00:00.000;149;8080;4;0;7573
2017-12-10 00:00:00.000;250;8080;3;0;7574
2017-12-10 00:00:00.000;215;8080;4;0;7575
2017-12-10 00:00:00.000;227;8080;4;0;7576
2017-12-10 00:00:00.000;267;8080;1;0;7577
2017-12-10 00:00:00.000;133;8080;4;0;7578
2017-12-10 00:00:00.000;167;8080;;0;7579
2017-12-10 00:00:00.000;287;8080;4;0;7580
2017-12-10 00:00:00.000;166;8080;1;0;7581
2017-12-10 00:00:00.000;291;8080;4;0;7582
2017-12-10 00:00:00.000;226;8080;;0;7583
2017-12-10 00:00:00.000;208;8080;1;0;7584
2017-01-11 00:00:00.000;275;UGB ;1;0;7585
2017-01-11 00:00:00.000;125;UGB ;1;0;7586
2017-01-11 00:00:00.000;175;UGB ;4;0;7587
2017-01-11 00:00:00.000;304;UGB ;;0;7588
2017-01-11 00:00:00.000;118;UGB ;3;0;7589
2017-01-11 00:00:00.000;118;UGB ;;0;7590
2017-01-11 00:00:00.000;185;UGB ;4;0;7591
2017-01-11 00:00:00.000;131;UGB ;;0;7592
2017-01-11 00:00:00.000;132;UGB ;;0;7593
2017-02-11 00:00:00.000;298;UGB ;4;0;7594
2017-02-11 00:00:00.000;231;UGB ;1;0;7595
2017-02-11 00:00:00.000;240;UGB ;4;0;7596
2017-02-11 00:00:00.000;142;UGB ;;0;7597
2017-02-11 00:00:00.000;152;UGB ;;0;7598
2017-02-11 00:00:00.000;210;UGB ;4;0;7599
2017-02-11 00:00:00.000;163;UGB ;4;0;7600
2017-02-11 00:00:00.000;228;UGB ;4;0;7601
2017-02-11 00:00:00.000;133;UGB ;3;0;7602
2017-02-11 00:00:00.000;226;UGB ;;0;7603
2017-02-11 00:00:00.000;187;UGB ;;0;7604
2017-02-11 00:00:00.000;124;UGB ;;0;7605
2017-02-11 00:00:00.000;125;UGB ;;0;7606
2017-02-11 00:00:00.000;199;UGB ;4;0;7607
2017-02-11 00:00:00.000;165;UGB ;1;0;7608
2017-02-11 00:00:00.000;244;UGB ;4;0;7609
2017-02-11 00:00:00.000;172;UGB ;1;0;7610
2017-02-11 00:00:00.000;196;UGB ;;0;7611
2017-02-11 00:00:00.000;242;UGB ;1;0;7612
2017-02-11 00:00:00.000;182;UGB ;;0;7613
2017-02-11 00:00:00.000;304;UGB ;;0;7614
2017-02-11 00:00:00.000;145;UGB ;;0;7615
2017-02-11 00:00:00.000;170;UGB ;4;0;7616
2017-02-11 00:00:00.000;299;UGB ;;0;7617
2017-02-11 00:00:00.000;156;UGB ;4;0;7618
2017-02-11 00:00:00.000;312;UGB ;4;0;7619
2017-02-11 00:00:00.000;210;UGB ;;0;7620
2017-02-11 00:00:00.000;178;UGB ;4;0;7621
2017-02-11 00:00:00.000;295;UGB ;1;0;7622
2017-02-11 00:00:00.000;298;UGB ;4;0;7623
2017-03-11 00:00:00.000;186;UGB ;;0;7624
2017-03-11 00:00:00.000;157;UGB ;4;0;7625
2017-03-11 00:00:00.000;127;UGB ;;0;7626
2017-03-11 00:00:00.000;152;UGB ;4;0;7627
2017-03-11 00:00:00.000;190;UGB ;4;0;7628
2017-03-11 00:00:00.000;252;UGB ;1;0;7629
2017-03-11 00:00:00.000;244;UGB ;3;0;7630
2017-03-11 00:00:00.000;210;UGB ;4;0;7631
2017-03-11 00:00:00.000;305;UGB ;1;0;7632
2017-03-11 00:00:00.000;291;UGB ;1;0;7633
2017-03-11 00:00:00.000;218;UGB ;3;0;7634
2017-03-11 00:00:00.000;287;UGB ;3;0;7635
2017-03-11 00:00:00.000;275;UGB ;1;0;7636
2017-03-11 00:00:00.000;244;UGB ;1;0;7637
2017-03-11 00:00:00.000;274;UGB ;;0;7638
2017-03-11 00:00:00.000;290;UGB ;4;0;7639
2017-03-11 00:00:00.000;209;UGB ;4;0;7640
2017-03-11 00:00:00.000;220;UGB ;;0;7641
2017-03-11 00:00:00.000;158;UGB ;;0;7642
2017-03-11 00:00:00.000;160;UGB ;3;0;7643
2017-03-11 00:00:00.000;135;UGB ;1;0;7644
2017-03-11 00:00:00.000;299;UGB ;4;0;7645
2017-03-11 00:00:00.000;119;UGB ;;0;7646
2017-03-11 00:00:00.000;267;UGB ;;0;7647
2017-04-11 00:00:00.000;125;WAO ;1;0;7648
2017-04-11 00:00:00.000;256;WAO ;;0;7649
2017-04-11 00:00:00.000;128;WAO ;;0;7650
2017-04-11 00:00:00.000;193;WAO ;3;0;7651
2017-04-11 00:00:00.000;131;WAO ;3;0;7652
2017-04-11 00:00:00.000;123;WAO ;3;0;7653
2017-04-11 00:00:00.000;298;WAO ;4;0;7654
2017-04-11 00:00:00.000;191;WAO ;1;0;7655
2017-04-11 00:00:00.000;164;WAO ;1;0;7656
2017-04-11 00:00:00.000;125;WAO ;4;0;7657
2017-04-11 00:00:00.000;168;WAO ;;0;7658
2017-04-11 00:00:00.000;120;WAO ;4;0;7659
2017-04-11 00:00:00.000;121;WAO ;1;0;7660
2017-04-11 00:00:00.000;163;WAO ;1;0;7661
2017-04-11 00:00:00.000;282;WAO ;;0;7662
2017-04-11 00:00:00.000;134;WAO ;;0;7663
2017-04-11 00:00:00.000;184;WAO ;3;0;7664
2017-04-11 00:00:00.000;133;WAO ;4;0;7665
2017-04-11 00:00:00.000;138;WAO ;3;0;7666
2017-04-11 00:00:00.000;308;WAO ;;0;7667
2017-11-11 00:00:00.000;254;8080;4;0;7668
2017-11-11 00:00:00.000;119;8080;4;0;7669
2017-11-11 00:00:00.000;273;8080;1;0;7670
2017-11-11 00:00:00.000;200;8080;3;0;7671
2017-11-11 00:00:00.000;148;8080;;0;7672
2017-11-11 00:00:00.000;176;8080;4;0;7673
2017-11-11 00:00:00.000;255;8080;;0;7674
2017-11-11 00:00:00.000;273;8080;;0;7675
2017-11-11 00:00:00.000;301;8080;4;0;7676
2017-11-11 00:00:00.000;158;8080;4;0;7677
2017-11-11 00:00:00.000;277;8080;4;0;7678
2017-11-11 00:00:00.000;211;8080;;0;7679
2017-11-11 00:00:00.000;229;8080;1;0;7680
2017-11-11 00:00:00.000;268;8080;1;0;7681
2017-11-11 00:00:00.000;237;8080;1;0;7682
2017-11-11 00:00:00.000;204;8080;4;0;7683
2017-11-11 00:00:00.000;120;8080;4;0;7684
2017-11-11 00:00:00.000;140;8080;3;0;7685
2017-11-11 00:00:00.000;158;8080;1;0;7686
2017-11-11 00:00:00.000;139;8080;1;0;7687
2017-11-11 00:00:00.000;250;8080;;0;7688
2017-11-11 00:00:00.000;267;8080;;0;7689
2017-11-11 00:00:00.000;281;8080;3;0;7690
2017-11-11 00:00:00.000;159;8080;;0;7691
2017-12-11 00:00:00.000;294;8080;4;0;7692
2017-12-11 00:00:00.000;308;8080;4;0;7693
2017-12-11 00:00:00.000;147;8080;4;0;7694
2017-12-11 00:00:00.000;219;8080;4;0;7695
2017-12-11 00:00:00.000;124;8080;1;0;7696
2017-12-11 00:00:00.000;238;8080;;0;7697
2017-12-11 00:00:00.000;242;8080;1;0;7698
2017-12-11 00:00:00.000;218;8080;4;0;7699
2017-12-11 00:00:00.000;140;8080;4;0;7700
2017-12-11 00:00:00.000;177;8080;;0;7701
2017-12-11 00:00:00.000;292;8080;1;0;7702
2017-12-11 00:00:00.000;120;8080;3;0;7703
2017-12-11 00:00:00.000;302;8080;4;0;7704
2017-12-11 00:00:00.000;276;8080;4;0;7705
2017-12-11 00:00:00.000;279;8080;4;0;7706
2017-12-11 00:00:00.000;287;8080;3;0;7707
2017-12-11 00:00:00.000;144;8080;;0;7708
2017-12-11 00:00:00.000;136;8080;3;0;7709
2017-12-11 00:00:00.000;232;8080;1;0;7710
2017-12-11 00:00:00.000;232;8080;4;0;7711
2017-12-11 00:00:00.000;229;8080;1;0;7712
2017-12-11 00:00:00.000;303;8080;3;0;7713
2017-12-11 00:00:00.000;248;8080;4;0;7714
2017-12-11 00:00:00.000;278;8080;4;0;7715
2017-12-11 00:00:00.000;123;8080;4;0;7716
2017-12-11 00:00:00.000;308;8080;1;0;7717
2017-12-11 00:00:00.000;122;8080;;0;7718
2017-12-11 00:00:00.000;263;8080;1;0;7719
2017-12-11 00:00:00.000;187;8080;1;0;7720
2017-12-11 00:00:00.000;173;8080;4;0;7721
2017-12-11 00:00:00.000;261;8080;4;0;7722
2017-12-11 00:00:00.000;260;8080;4;0;7723
2017-12-11 00:00:00.000;143;8080;4;0;7724
2017-12-11 00:00:00.000;164;8080;1;0;7725
2017-12-11 00:00:00.000;247;8080;1;0;7726
2017-12-11 00:00:00.000;173;8080;4;0;7727
2017-12-11 00:00:00.000;243;8080;1;0;7728
2017-12-11 00:00:00.000;234;8080;1;0;7729
2017-12-11 00:00:00.000;231;8080;1;0;7730
2017-12-11 00:00:00.000;114;8080;1;0;7731
2017-12-11 00:00:00.000;206;8080;4;0;7732
2017-12-11 00:00:00.000;205;8080;1;0;7733
2017-12-11 00:00:00.000;277;8080;4;0;7734
2017-12-11 00:00:00.000;176;8080;4;0;7735
2017-12-11 00:00:00.000;142;8080;1;0;7736
2017-12-11 00:00:00.000;293;8080;1;0;7737
2017-12-11 00:00:00.000;227;8080;1;0;7738
2017-12-11 00:00:00.000;216;8080;1;0;7739
2017-12-11 00:00:00.000;235;8080;1;0;7740
2017-12-11 00:00:00.000;162;8080;4;0;7741
2017-12-11 00:00:00.000;181;8080;1;0;7742
2017-12-11 00:00:00.000;300;8080;3;0;7743
2017-12-11 00:00:00.000;148;8080;1;0;7744
2017-12-11 00:00:00.000;269;8080;4;0;7745
2017-12-11 00:00:00.000;117;8080;3;0;7746
2017-12-11 00:00:00.000;197;8080;4;0;7747
2017-12-11 00:00:00.000;251;8080;1;0;7748
2017-12-11 00:00:00.000;254;8080;4;0;7749
2017-12-11 00:00:00.000;192;8080;;0;7750
2017-12-11 00:00:00.000;121;8080;1;0;7751
2017-12-11 00:00:00.000;282;8080;4;0;7752
2017-12-11 00:00:00.000;204;8080;1;0;7753
2017-12-11 00:00:00.000;133;8080;;0;7754
2017-12-11 00:00:00.000;273;8080;4;0;7755
2017-12-11 00:00:00.000;125;8080;1;0;7756
2017-12-11 00:00:00.000;191;8080;;0;7757
2017-01-12 00:00:00.000;301;UGB ;4;0;7758
2017-01-12 00:00:00.000;225;UGB ;4;0;7759
2017-01-12 00:00:00.000;146;UGB ;1;0;7760
2017-01-12 00:00:00.000;121;UGB ;;0;7761
2017-01-12 00:00:00.000;216;UGB ;;0;7762
2017-01-12 00:00:00.000;304;UGB ;1;0;7763
2017-01-12 00:00:00.000;134;UGB ;1;0;7764
2017-01-12 00:00:00.000;142;UGB ;;0;7765
2017-01-12 00:00:00.000;155;UGB ;;0;7766
2017-01-12 00:00:00.000;256;UGB ;3;0;7767
2017-01-12 00:00:00.000;177;UGB ;;0;7768
2017-01-12 00:00:00.000;189;UGB ;4;0;7769
2017-01-12 00:00:00.000;192;UGB ;1;0;7770
2017-01-12 00:00:00.000;253;UGB ;4;0;7771
2017-01-12 00:00:00.000;262;UGB ;;0;7772
2017-01-12 00:00:00.000;249;UGB ;4;0;7773
2017-02-12 00:00:00.000;213;UGB ;4;0;7774
2017-02-12 00:00:00.000;283;UGB ;4;0;7775
2017-02-12 00:00:00.000;220;UGB ;3;0;7776
2017-02-12 00:00:00.000;113;UGB ;4;0;7777
2017-02-12 00:00:00.000;189;UGB ;4;0;7778
2017-02-12 00:00:00.000;204;UGB ;1;0;7779
2017-02-12 00:00:00.000;243;UGB ;4;0;7780
2017-02-12 00:00:00.000;232;UGB ;;0;7781
2017-02-12 00:00:00.000;268;UGB ;3;0;7782
2017-02-12 00:00:00.000;251;UGB ;4;0;7783
2017-02-12 00:00:00.000;164;UGB ;4;0;7784
2017-02-12 00:00:00.000;207;UGB ;1;0;7785
2017-02-12 00:00:00.000;233;UGB ;3;0;7786
2017-02-12 00:00:00.000;265;UGB ;;0;7787
2017-02-12 00:00:00.000;243;UGB ;1;0;7788
2017-02-12 00:00:00.000;161;UGB ;;0;7789
2017-03-12 00:00:00.000;192;UGB ;1;0;7790
2017-03-12 00:00:00.000;143;UGB ;1;0;7791
2017-03-12 00:00:00.000;165;UGB ;3;0;7792
2017-03-12 00:00:00.000;121;UGB ;1;0;7793
2017-03-12 00:00:00.000;127;UGB ;3;0;7794
2017-03-12 00:00:00.000;184;UGB ;1;0;7795
2017-03-12 00:00:00.000;201;UGB ;4;0;7796
2017-03-12 00:00:00.000;220;UGB ;3;0;7797
2017-03-12 00:00:00.000;267;UGB ;3;0;7798
2017-03-12 00:00:00.000;181;UGB ;4;0;7799
2017-03-12 00:00:00.000;154;UGB ;3;0;7800
2017-03-12 00:00:00.000;264;UGB ;;0;7801
2017-03-12 00:00:00.000;243;UGB ;;0;7802
2017-04-12 00:00:00.000;195;WAO ;1;0;7803
2017-04-12 00:00:00.000;264;WAO ;3;0;7804
2017-04-12 00:00:00.000;223;WAO ;1;0;7805
2017-04-12 00:00:00.000;229;WAO ;3;0;7806
2017-04-12 00:00:00.000;205;WAO ;;0;7807
2017-04-12 00:00:00.000;235;WAO ;1;0;7808
2017-04-12 00:00:00.000;294;WAO ;3;0;7809
2017-04-12 00:00:00.000;115;WAO ;3;0;7810
2017-04-12 00:00:00.000;153;WAO ;4;0;7811
2017-04-12 00:00:00.000;143;WAO ;3;0;7812
2017-04-12 00:00:00.000;196;WAO ;3;0;7813
2017-04-12 00:00:00.000;138;WAO ;1;0;7814
2017-04-12 00:00:00.000;254;WAO ;4;0;7815
2017-04-12 00:00:00.000;174;WAO ;4;0;7816
2017-04-12 00:00:00.000;114;WAO ;4;0;7817
2017-04-12 00:00:00.000;182;WAO ;3;0;7818
2017-04-12 00:00:00.000;171;WAO ;4;0;7819
2017-04-12 00:00:00.000;137;WAO ;;0;7820
2017-04-12 00:00:00.000;144;WAO ;;0;7821
2017-04-12 00:00:00.000;242;WAO ;1;0;7822
2017-11-12 00:00:00.000;298;8080;4;0;7823
2017-11-12 00:00:00.000;197;8080;;0;7824
2017-11-12 00:00:00.000;173;8080;1;0;7825
2017-11-12 00:00:00.000;177;8080;;0;7826
2017-11-12 00:00:00.000;155;8080;3;0;7827
2017-11-12 00:00:00.000;126;8080;1;0;7828
2017-11-12 00:00:00.000;117;8080;1;0;7829
2017-11-12 00:00:00.000;272;8080;;0;7830
2017-11-12 00:00:00.000;125;8080;1;0;7831
2017-11-12 00:00:00.000;210;8080;4;0;7832
2017-11-12 00:00:00.000;239;8080;1;0;7833
2017-11-12 00:00:00.000;261;8080;1;0;7834
2017-11-12 00:00:00.000;257;8080;1;0;7835
2017-11-12 00:00:00.000;265;8080;4;0;7836
2017-11-12 00:00:00.000;111;8080;;0;7837
2017-11-12 00:00:00.000;269;8080;1;0;7838
2017-11-12 00:00:00.000;207;8080;;0;7839
2017-11-12 00:00:00.000;147;8080;;0;7840
2017-11-12 00:00:00.000;247;8080;;0;7841
2017-11-12 00:00:00.000;286;8080;;0;7842
2017-11-12 00:00:00.000;225;8080;3;0;7843
2017-11-12 00:00:00.000;196;8080;;0;7844
2017-11-12 00:00:00.000;158;8080;;0;7845
2017-11-12 00:00:00.000;236;8080;1;0;7846
2017-11-12 00:00:00.000;174;8080;1;0;7847
2017-11-12 00:00:00.000;309;8080;;0;7848
2017-11-12 00:00:00.000;216;8080;;0;7849
2017-12-12 00:00:00.000;255;8080;4;0;7850
2017-12-12 00:00:00.000;216;8080;4;0;7851
2017-12-12 00:00:00.000;293;8080;1;0;7852
2017-12-12 00:00:00.000;269;8080;3;0;7853
2017-12-12 00:00:00.000;151;8080;4;0;7854
2017-12-12 00:00:00.000;242;8080;4;0;7855
2017-12-12 00:00:00.000;246;8080;3;0;7856
2017-12-12 00:00:00.000;225;8080;1;0;7857
2017-12-12 00:00:00.000;283;8080;1;0;7858
2017-12-12 00:00:00.000;220;8080;1;0;7859
2017-12-12 00:00:00.000;224;8080;;0;7860
2017-12-12 00:00:00.000;206;8080;3;0;7861
2017-12-12 00:00:00.000;201;8080;4;0;7862
2017-12-12 00:00:00.000;275;8080;1;0;7863
2017-12-12 00:00:00.000;189;8080;4;0;7864
2017-12-12 00:00:00.000;172;8080;4;0;7865
2017-12-12 00:00:00.000;192;8080;3;0;7866
2017-12-12 00:00:00.000;209;8080;4;0;7867
2017-12-12 00:00:00.000;220;8080;;0;7868
2017-12-12 00:00:00.000;114;8080;4;0;7869
2017-12-12 00:00:00.000;290;8080;1;0;7870
2017-12-12 00:00:00.000;211;8080;1;0;7871
2017-12-12 00:00:00.000;196;8080;;0;7872
2017-12-12 00:00:00.000;148;8080;4;0;7873
2017-12-12 00:00:00.000;149;8080;4;0;7874
2017-12-12 00:00:00.000;121;8080;1;0;7875
2017-12-12 00:00:00.000;232;8080;3;0;7876
2017-12-12 00:00:00.000;169;8080;1;0;7877
2017-12-12 00:00:00.000;276;8080;1;0;7878
2017-12-12 00:00:00.000;143;8080;4;0;7879
2017-12-12 00:00:00.000;163;8080;;0;7880
2017-12-12 00:00:00.000;267;8080;1;0;7881
2017-12-12 00:00:00.000;166;8080;3;0;7882
2017-12-12 00:00:00.000;232;8080;4;0;7883
2017-12-12 00:00:00.000;133;8080;3;0;7884
2017-12-12 00:00:00.000;130;8080;1;0;7885
2017-12-12 00:00:00.000;257;8080;4;0;7886
2017-12-12 00:00:00.000;118;8080;1;0;7887
2017-12-12 00:00:00.000;146;8080;1;0;7888
2017-12-12 00:00:00.000;242;8080;1;0;7889
2017-12-12 00:00:00.000;157;8080;4;0;7890
2017-12-12 00:00:00.000;312;8080;1;0;7891
2017-12-12 00:00:00.000;198;8080;1;0;7892
2017-12-12 00:00:00.000;310;8080;4;0;7893
2017-12-12 00:00:00.000;163;8080;4;0;7894
2017-12-12 00:00:00.000;212;8080;;0;7895
2017-12-12 00:00:00.000;224;8080;4;0;7896
2017-12-12 00:00:00.000;192;8080;4;0;7897
2017-12-12 00:00:00.000;145;8080;1;0;7898
2017-12-12 00:00:00.000;253;8080;1;0;7899
2017-12-12 00:00:00.000;287;8080;3;0;7900
2017-12-12 00:00:00.000;224;8080;4;0;7901
2017-12-12 00:00:00.000;312;8080;3;0;7902
2017-12-12 00:00:00.000;130;8080;4;0;7903
2017-12-12 00:00:00.000;299;8080;1;0;7904
2017-12-12 00:00:00.000;133;8080;4;0;7905
2017-12-12 00:00:00.000;223;8080;1;0;7906
2017-12-12 00:00:00.000;115;8080;4;0;7907
2017-12-12 00:00:00.000;303;8080;1;0;7908
2017-12-12 00:00:00.000;132;8080;1;0;7909
2017-12-12 00:00:00.000;119;8080;4;0;7910
2017-12-12 00:00:00.000;162;8080;1;0;7911
2017-12-12 00:00:00.000;273;8080;1;0;7912
2017-12-12 00:00:00.000;274;8080;4;0;7913
2017-12-12 00:00:00.000;123;8080;1;0;7914
2017-12-12 00:00:00.000;275;8080;1;0;7915
2017-12-12 00:00:00.000;137;8080;4;0;7916
2017-12-12 00:00:00.000;179;8080;4;0;7917
2017-12-12 00:00:00.000;116;8080;4;0;7918
2017-12-12 00:00:00.000;260;8080;4;0;7919
2017-12-12 00:00:00.000;199;8080;;0;7920
2017-01-13 00:00:00.000;310;UGB ;;0;7921
2017-01-13 00:00:00.000;204;UGB ;;0;7922
2017-01-13 00:00:00.000;214;UGB ;4;0;7923
2017-01-13 00:00:00.000;272;UGB ;3;0;7924
2017-01-13 00:00:00.000;273;UGB ;4;0;7925
2017-01-13 00:00:00.000;155;UGB ;;0;7926
2017-01-13 00:00:00.000;256;UGB ;4;0;7927
2017-01-13 00:00:00.000;164;UGB ;4;0;7928
2017-01-13 00:00:00.000;163;UGB ;1;0;7929
2017-01-13 00:00:00.000;270;UGB ;1;0;7930
2017-01-13 00:00:00.000;277;UGB ;4;0;7931
2017-01-13 00:00:00.000;169;UGB ;3;0;7932
2017-01-13 00:00:00.000;287;UGB ;1;0;7933
2017-01-13 00:00:00.000;217;UGB ;1;0;7934
2017-01-13 00:00:00.000;230;UGB ;4;0;7935
2017-01-13 00:00:00.000;133;UGB ;;0;7936
2017-01-13 00:00:00.000;199;UGB ;1;0;7937
2017-01-13 00:00:00.000;111;UGB ;;0;7938
2017-01-13 00:00:00.000;277;UGB ;;0;7939
2017-01-13 00:00:00.000;234;UGB ;;0;7940
2017-01-13 00:00:00.000;278;UGB ;;0;7941
2017-01-13 00:00:00.000;218;UGB ;;0;7942
2017-02-13 00:00:00.000;175;UGB ;4;0;7943
2017-02-13 00:00:00.000;114;UGB ;1;0;7944
2017-02-13 00:00:00.000;172;UGB ;4;0;7945
2017-02-13 00:00:00.000;136;UGB ;3;0;7946
2017-02-13 00:00:00.000;164;UGB ;1;0;7947
2017-02-13 00:00:00.000;225;UGB ;4;0;7948
2017-02-13 00:00:00.000;113;UGB ;4;0;7949
2017-02-13 00:00:00.000;249;UGB ;4;0;7950
2017-02-13 00:00:00.000;201;UGB ;1;0;7951
2017-02-13 00:00:00.000;272;UGB ;;0;7952
2017-02-13 00:00:00.000;194;UGB ;1;0;7953
2017-02-13 00:00:00.000;269;UGB ;1;0;7954
2017-02-13 00:00:00.000;253;UGB ;;0;7955
2017-02-13 00:00:00.000;206;UGB ;;0;7956
2017-02-13 00:00:00.000;168;UGB ;1;0;7957
2017-02-13 00:00:00.000;306;UGB ;4;0;7958
2017-02-13 00:00:00.000;262;UGB ;;0;7959
2017-02-13 00:00:00.000;113;UGB ;4;0;7960
2017-03-13 00:00:00.000;242;UGB ;;0;7961
2017-03-13 00:00:00.000;225;UGB ;3;0;7962
2017-03-13 00:00:00.000;120;UGB ;;0;7963
2017-03-13 00:00:00.000;236;UGB ;;0;7964
2017-03-13 00:00:00.000;212;UGB ;4;0;7965
2017-03-13 00:00:00.000;116;UGB ;3;0;7966
2017-03-13 00:00:00.000;178;UGB ;4;0;7967
2017-03-13 00:00:00.000;303;UGB ;3;0;7968
2017-03-13 00:00:00.000;233;UGB ;1;0;7969
2017-03-13 00:00:00.000;208;UGB ;1;0;7970
2017-03-13 00:00:00.000;247;UGB ;4;0;7971
2017-03-13 00:00:00.000;189;UGB ;3;0;7972
2017-03-13 00:00:00.000;292;UGB ;3;0;7973
2017-03-13 00:00:00.000;154;UGB ;;0;7974
2017-03-13 00:00:00.000;240;UGB ;4;0;7975
2017-03-13 00:00:00.000;299;UGB ;;0;7976
2017-04-13 00:00:00.000;164;WAO ;4;0;7977
2017-04-13 00:00:00.000;251;WAO ;3;0;7978
2017-04-13 00:00:00.000;227;WAO ;4;0;7979
2017-04-13 00:00:00.000;221;WAO ;4;0;7980
2017-04-13 00:00:00.000;131;WAO ;1;0;7981
2017-04-13 00:00:00.000;255;WAO ;4;0;7982
2017-04-13 00:00:00.000;281;WAO ;4;0;7983
2017-04-13 00:00:00.000;235;WAO ;4;0;7984
2017-04-13 00:00:00.000;244;WAO ;4;0;7985
2017-04-13 00:00:00.000;172;WAO ;1;0;7986
2017-04-13 00:00:00.000;207;WAO ;3;0;7987
2017-04-13 00:00:00.000;297;WAO ;1;0;7988
2017-04-13 00:00:00.000;257;WAO ;4;0;7989
2017-04-13 00:00:00.000;289;WAO ;1;0;7990
2017-04-13 00:00:00.000;185;WAO ;3;0;7991
2017-04-13 00:00:00.000;241;WAO ;3;0;7992
2017-04-13 00:00:00.000;168;WAO ;1;0;7993
2017-04-13 00:00:00.000;123;WAO ;;0;7994
2017-04-13 00:00:00.000;148;WAO ;;0;7995
2017-11-13 00:00:00.000;176;8080;3;0;7996
2017-11-13 00:00:00.000;256;8080;1;0;7997
2017-11-13 00:00:00.000;185;8080;3;0;7998
2017-11-13 00:00:00.000;241;8080;;0;7999
2017-11-13 00:00:00.000;178;8080;3;0;8000
2017-11-13 00:00:00.000;219;8080;;0;8001
2017-11-13 00:00:00.000;165;8080;1;0;8002
2017-11-13 00:00:00.000;157;8080;1;0;8003
2017-11-13 00:00:00.000;183;8080;;0;8004
2017-11-13 00:00:00.000;176;8080;3;0;8005
2017-11-13 00:00:00.000;166;8080;;0;8006
2017-11-13 00:00:00.000;226;8080;3;0;8007
2017-12-13 00:00:00.000;258;8080;1;0;8008
2017-12-13 00:00:00.000;170;8080;1;0;8009
2017-12-13 00:00:00.000;253;8080;1;0;8010
2017-12-13 00:00:00.000;206;8080;4;0;8011
2017-12-13 00:00:00.000;135;8080;4;0;8012
2017-12-13 00:00:00.000;226;8080;4;0;8013
2017-12-13 00:00:00.000;183;8080;1;0;8014
2017-12-13 00:00:00.000;306;8080;;0;8015
2017-12-13 00:00:00.000;158;8080;4;0;8016
2017-12-13 00:00:00.000;221;8080;3;0;8017
2017-12-13 00:00:00.000;239;8080;1;0;8018
2017-12-13 00:00:00.000;156;8080;4;0;8019
2017-12-13 00:00:00.000;134;8080;1;0;8020
2017-12-13 00:00:00.000;255;8080;3;0;8021
2017-12-13 00:00:00.000;180;8080;4;0;8022
2017-12-13 00:00:00.000;186;8080;4;0;8023
2017-12-13 00:00:00.000;172;8080;1;0;8024
2017-12-13 00:00:00.000;287;8080;3;0;8025
2017-12-13 00:00:00.000;224;8080;3;0;8026
2017-12-13 00:00:00.000;142;8080;1;0;8027
2017-12-13 00:00:00.000;266;8080;3;0;8028
2017-12-13 00:00:00.000;298;8080;4;0;8029
2017-12-13 00:00:00.000;263;8080;1;0;8030
2017-12-13 00:00:00.000;135;8080;3;0;8031
2017-12-13 00:00:00.000;294;8080;4;0;8032
2017-12-13 00:00:00.000;138;8080;4;0;8033
2017-12-13 00:00:00.000;153;8080;3;0;8034
2017-12-13 00:00:00.000;181;8080;1;0;8035
2017-12-13 00:00:00.000;134;8080;;0;8036
2017-12-13 00:00:00.000;171;8080;4;0;8037
2017-12-13 00:00:00.000;166;8080;1;0;8038
2017-12-13 00:00:00.000;257;8080;4;0;8039
2017-12-13 00:00:00.000;145;8080;;0;8040
2017-12-13 00:00:00.000;197;8080;3;0;8041
2017-12-13 00:00:00.000;113;8080;4;0;8042
2017-12-13 00:00:00.000;216;8080;1;0;8043
2017-12-13 00:00:00.000;164;8080;3;0;8044
2017-12-13 00:00:00.000;302;8080;4;0;8045
2017-12-13 00:00:00.000;243;8080;4;0;8046
2017-12-13 00:00:00.000;289;8080;1;0;8047
2017-12-13 00:00:00.000;251;8080;1;0;8048
2017-12-13 00:00:00.000;211;8080;1;0;8049
2017-12-13 00:00:00.000;130;8080;1;0;8050
2017-12-13 00:00:00.000;128;8080;4;0;8051
2017-12-13 00:00:00.000;263;8080;1;0;8052
2017-12-13 00:00:00.000;300;8080;;0;8053
2017-12-13 00:00:00.000;203;8080;1;0;8054
2017-12-13 00:00:00.000;190;8080;3;0;8055
2017-12-13 00:00:00.000;265;8080;3;0;8056
2017-12-13 00:00:00.000;310;8080;3;0;8057
2017-12-13 00:00:00.000;195;8080;3;0;8058
2017-12-13 00:00:00.000;303;8080;3;0;8059
2017-12-13 00:00:00.000;115;8080;4;0;8060
2017-12-13 00:00:00.000;114;8080;4;0;8061
2017-12-13 00:00:00.000;134;8080;3;0;8062
2017-12-13 00:00:00.000;124;8080;1;0;8063
2017-12-13 00:00:00.000;147;8080;4;0;8064
2017-12-13 00:00:00.000;130;8080;1;0;8065
2017-12-13 00:00:00.000;119;8080;3;0;8066
2017-12-13 00:00:00.000;256;8080;3;0;8067
2017-12-13 00:00:00.000;252;8080;3;0;8068
2017-12-13 00:00:00.000;120;8080;3;0;8069
2017-12-13 00:00:00.000;269;8080;4;0;8070
2017-12-13 00:00:00.000;144;8080;1;0;8071
2017-12-13 00:00:00.000;129;8080;1;0;8072
2017-12-13 00:00:00.000;180;8080;;0;8073
2017-12-13 00:00:00.000;170;8080;3;0;8074
2017-12-13 00:00:00.000;132;8080;1;0;8075
2017-12-13 00:00:00.000;293;8080;1;0;8076
2017-12-13 00:00:00.000;248;8080;3;0;8077
2017-12-13 00:00:00.000;203;8080;1;0;8078
2017-12-13 00:00:00.000;255;8080;3;0;8079
2017-12-13 00:00:00.000;116;8080;1;0;8080
2017-12-13 00:00:00.000;272;8080;4;0;8081
2017-12-13 00:00:00.000;301;8080;4;0;8082
2017-12-13 00:00:00.000;157;8080;;0;8083
2017-12-13 00:00:00.000;261;8080;4;0;8084
2017-12-13 00:00:00.000;181;8080;4;0;8085
2017-12-13 00:00:00.000;261;8080;4;0;8086
2017-12-13 00:00:00.000;309;8080;4;0;8087
2017-12-13 00:00:00.000;230;8080;3;0;8088
2017-12-13 00:00:00.000;207;8080;3;0;8089
2017-12-13 00:00:00.000;138;8080;1;0;8090
2017-12-13 00:00:00.000;311;8080;1;0;8091
2017-12-13 00:00:00.000;309;8080;4;0;8092
2017-12-13 00:00:00.000;193;8080;4;0;8093
2017-12-13 00:00:00.000;239;8080;4;0;8094
2017-12-13 00:00:00.000;162;8080;3;0;8095
2017-12-13 00:00:00.000;259;8080;4;0;8096
2017-12-13 00:00:00.000;136;8080;4;0;8097
2017-12-13 00:00:00.000;226;8080;;0;8098
2017-12-13 00:00:00.000;155;8080;;0;8099
2017-12-13 00:00:00.000;222;8080;3;0;8100
2017-12-13 00:00:00.000;293;8080;4;0;8101
2017-12-13 00:00:00.000;267;8080;1;0;8102
2017-12-13 00:00:00.000;125;8080;4;0;8103
2017-12-13 00:00:00.000;182;8080;4;0;8104
2017-12-13 00:00:00.000;131;8080;;0;8105
2017-12-13 00:00:00.000;237;8080;1;0;8106
2017-01-14 00:00:00.000;260;UGB ;3;0;8107
2017-01-14 00:00:00.000;119;UGB ;;0;8108
2017-01-14 00:00:00.000;274;UGB ;;0;8109
2017-01-14 00:00:00.000;165;UGB ;3;0;8110
2017-01-14 00:00:00.000;176;UGB ;3;0;8111
2017-01-14 00:00:00.000;284;UGB ;1;0;8112
2017-01-14 00:00:00.000;153;UGB ;4;0;8113
2017-01-14 00:00:00.000;157;UGB ;4;0;8114
2017-01-14 00:00:00.000;243;UGB ;3;0;8115
2017-01-14 00:00:00.000;265;UGB ;1;0;8116
2017-01-14 00:00:00.000;261;UGB ;;0;8117
2017-01-14 00:00:00.000;148;UGB ;1;0;8118
2017-01-14 00:00:00.000;242;UGB ;1;0;8119
2017-01-14 00:00:00.000;274;UGB ;;0;8120
2017-01-14 00:00:00.000;266;UGB ;4;0;8121
2017-01-14 00:00:00.000;256;UGB ;3;0;8122
2017-01-14 00:00:00.000;220;UGB ;1;0;8123
2017-01-14 00:00:00.000;146;UGB ;3;0;8124
2017-01-14 00:00:00.000;293;UGB ;3;0;8125
2017-01-14 00:00:00.000;260;UGB ;;0;8126
2017-01-14 00:00:00.000;297;UGB ;3;0;8127
2017-01-14 00:00:00.000;299;UGB ;1;0;8128
2017-01-14 00:00:00.000;243;UGB ;4;0;8129
2017-01-14 00:00:00.000;289;UGB ;4;0;8130
2017-01-14 00:00:00.000;198;UGB ;4;0;8131
2017-01-14 00:00:00.000;130;UGB ;4;0;8132
2017-01-14 00:00:00.000;217;UGB ;3;0;8133
2017-01-14 00:00:00.000;287;UGB ;1;0;8134
2017-01-14 00:00:00.000;286;UGB ;4;0;8135
2017-01-14 00:00:00.000;212;UGB ;3;0;8136
2017-01-14 00:00:00.000;198;UGB ;3;0;8137
2017-01-14 00:00:00.000;267;UGB ;;0;8138
2017-01-14 00:00:00.000;257;UGB ;3;0;8139
2017-02-14 00:00:00.000;240;UGB ;1;0;8140
2017-02-14 00:00:00.000;127;UGB ;3;0;8141
2017-02-14 00:00:00.000;132;UGB ;1;0;8142
2017-02-14 00:00:00.000;310;UGB ;4;0;8143
2017-02-14 00:00:00.000;150;UGB ;4;0;8144
2017-02-14 00:00:00.000;252;UGB ;3;0;8145
2017-02-14 00:00:00.000;310;UGB ;1;0;8146
2017-02-14 00:00:00.000;284;UGB ;3;0;8147
2017-02-14 00:00:00.000;125;UGB ;1;0;8148
2017-02-14 00:00:00.000;237;UGB ;1;0;8149
2017-02-14 00:00:00.000;193;UGB ;4;0;8150
2017-02-14 00:00:00.000;121;UGB ;4;0;8151
2017-02-14 00:00:00.000;182;UGB ;1;0;8152
2017-02-14 00:00:00.000;283;UGB ;1;0;8153
2017-02-14 00:00:00.000;194;UGB ;4;0;8154
2017-02-14 00:00:00.000;253;UGB ;4;0;8155
2017-02-14 00:00:00.000;304;UGB ;4;0;8156
2017-02-14 00:00:00.000;277;UGB ;3;0;8157
2017-02-14 00:00:00.000;289;UGB ;3;0;8158
2017-02-14 00:00:00.000;305;UGB ;4;0;8159
2017-02-14 00:00:00.000;285;UGB ;3;0;8160
2017-02-14 00:00:00.000;290;UGB ;3;0;8161
2017-02-14 00:00:00.000;126;UGB ;;0;8162
2017-02-14 00:00:00.000;205;UGB ;4;0;8163
2017-02-14 00:00:00.000;120;UGB ;4;0;8164
2017-02-14 00:00:00.000;310;UGB ;4;0;8165
2017-02-14 00:00:00.000;235;UGB ;4;0;8166
2017-03-14 00:00:00.000;262;UGB ;3;0;8167
2017-03-14 00:00:00.000;234;UGB ;1;0;8168
2017-03-14 00:00:00.000;217;UGB ;3;0;8169
2017-03-14 00:00:00.000;223;UGB ;1;0;8170
2017-03-14 00:00:00.000;292;UGB ;4;0;8171
2017-03-14 00:00:00.000;193;UGB ;1;0;8172
2017-03-14 00:00:00.000;148;UGB ;3;0;8173
2017-03-14 00:00:00.000;126;UGB ;1;0;8174
2017-03-14 00:00:00.000;168;UGB ;3;0;8175
2017-03-14 00:00:00.000;262;UGB ;1;0;8176
2017-03-14 00:00:00.000;287;UGB ;1;0;8177
2017-03-14 00:00:00.000;303;UGB ;4;0;8178
2017-03-14 00:00:00.000;289;UGB ;4;0;8179
2017-03-14 00:00:00.000;146;UGB ;4;0;8180
2017-03-14 00:00:00.000;211;UGB ;1;0;8181
2017-03-14 00:00:00.000;196;UGB ;;0;8182
2017-03-14 00:00:00.000;207;UGB ;1;0;8183
2017-04-14 00:00:00.000;256;WAO ;4;0;8184
2017-04-14 00:00:00.000;302;WAO ;4;0;8185
2017-04-14 00:00:00.000;260;WAO ;1;0;8186
2017-04-14 00:00:00.000;151;WAO ;3;0;8187
2017-04-14 00:00:00.000;310;WAO ;;0;8188
2017-04-14 00:00:00.000;187;WAO ;4;0;8189
2017-04-14 00:00:00.000;204;WAO ;1;0;8190
2017-04-14 00:00:00.000;250;WAO ;3;0;8191
2017-04-14 00:00:00.000;176;WAO ;1;0;8192
2017-04-14 00:00:00.000;280;WAO ;1;0;8193
2017-04-14 00:00:00.000;136;WAO ;4;0;8194
2017-04-14 00:00:00.000;187;WAO ;4;0;8195
2017-04-14 00:00:00.000;240;WAO ;1;0;8196
2017-04-14 00:00:00.000;152;WAO ;3;0;8197
2017-04-14 00:00:00.000;214;WAO ;1;0;8198
2017-04-14 00:00:00.000;246;WAO ;4;0;8199
2017-04-14 00:00:00.000;188;WAO ;1;0;8200
2017-04-14 00:00:00.000;257;WAO ;3;0;8201
2017-04-14 00:00:00.000;279;WAO ;4;0;8202
2017-04-14 00:00:00.000;254;WAO ;1;0;8203
2017-04-14 00:00:00.000;165;WAO ;3;0;8204
2017-11-14 00:00:00.000;249;8080;4;0;8205
2017-11-14 00:00:00.000;166;8080;4;0;8206
2017-11-14 00:00:00.000;295;8080;4;0;8207
2017-11-14 00:00:00.000;255;8080;1;0;8208
2017-11-14 00:00:00.000;289;8080;4;0;8209
2017-11-14 00:00:00.000;134;8080;4;0;8210
2017-11-14 00:00:00.000;173;8080;4;0;8211
2017-11-14 00:00:00.000;134;8080;1;0;8212
2017-11-14 00:00:00.000;300;8080;1;0;8213
2017-11-14 00:00:00.000;270;8080;1;0;8214
2017-11-14 00:00:00.000;188;8080;1;0;8215
2017-11-14 00:00:00.000;193;8080;1;0;8216
2017-11-14 00:00:00.000;225;8080;1;0;8217
2017-11-14 00:00:00.000;137;8080;3;0;8218
2017-11-14 00:00:00.000;285;8080;;0;8219
2017-11-14 00:00:00.000;176;8080;1;0;8220
2017-11-14 00:00:00.000;296;8080;;0;8221
2017-11-14 00:00:00.000;199;8080;3;0;8222
2017-11-14 00:00:00.000;294;8080;3;0;8223
2017-11-14 00:00:00.000;150;8080;;0;8224
2017-11-14 00:00:00.000;185;8080;3;0;8225
2017-12-14 00:00:00.000;117;8080;1;0;8226
2017-12-14 00:00:00.000;249;8080;1;0;8227
2017-12-14 00:00:00.000;301;8080;1;0;8228
2017-12-14 00:00:00.000;119;8080;3;0;8229
2017-12-14 00:00:00.000;188;8080;4;0;8230
2017-12-14 00:00:00.000;178;8080;1;0;8231
2017-12-14 00:00:00.000;206;8080;3;0;8232
2017-12-14 00:00:00.000;205;8080;3;0;8233
2017-12-14 00:00:00.000;300;8080;4;0;8234
2017-12-14 00:00:00.000;216;8080;4;0;8235
2017-12-14 00:00:00.000;271;8080;3;0;8236
2017-12-14 00:00:00.000;232;8080;4;0;8237
2017-12-14 00:00:00.000;245;8080;4;0;8238
2017-12-14 00:00:00.000;135;8080;1;0;8239
2017-12-14 00:00:00.000;260;8080;1;0;8240
2017-12-14 00:00:00.000;193;8080;1;0;8241
2017-12-14 00:00:00.000;255;8080;3;0;8242
2017-12-14 00:00:00.000;310;8080;3;0;8243
2017-12-14 00:00:00.000;120;8080;1;0;8244
2017-12-14 00:00:00.000;278;8080;3;0;8245
2017-12-14 00:00:00.000;151;8080;1;0;8246
2017-12-14 00:00:00.000;267;8080;4;0;8247
2017-12-14 00:00:00.000;156;8080;1;0;8248
2017-12-14 00:00:00.000;249;8080;3;0;8249
2017-12-14 00:00:00.000;172;8080;1;0;8250
2017-12-14 00:00:00.000;200;8080;1;0;8251
2017-12-14 00:00:00.000;140;8080;3;0;8252
2017-12-14 00:00:00.000;167;8080;4;0;8253
2017-12-14 00:00:00.000;190;8080;4;0;8254
2017-12-14 00:00:00.000;208;8080;;0;8255
2017-12-14 00:00:00.000;116;8080;4;0;8256
2017-12-14 00:00:00.000;136;8080;4;0;8257
2017-12-14 00:00:00.000;186;8080;1;0;8258
2017-12-14 00:00:00.000;256;8080;4;0;8259
2017-12-14 00:00:00.000;147;8080;4;0;8260
2017-12-14 00:00:00.000;197;8080;3;0;8261
2017-12-14 00:00:00.000;239;8080;3;0;8262
2017-12-14 00:00:00.000;291;8080;3;0;8263
2017-12-14 00:00:00.000;224;8080;4;0;8264
2017-12-14 00:00:00.000;276;8080;1;0;8265
2017-12-14 00:00:00.000;221;8080;1;0;8266
2017-12-14 00:00:00.000;132;8080;1;0;8267
2017-12-14 00:00:00.000;133;8080;1;0;8268
2017-12-14 00:00:00.000;187;8080;3;0;8269
2017-12-14 00:00:00.000;241;8080;1;0;8270
2017-12-14 00:00:00.000;146;8080;1;0;8271
2017-12-14 00:00:00.000;121;8080;3;0;8272
2017-12-14 00:00:00.000;190;8080;3;0;8273
2017-12-14 00:00:00.000;269;8080;1;0;8274
2017-12-14 00:00:00.000;312;8080;4;0;8275
2017-12-14 00:00:00.000;254;8080;1;0;8276
2017-12-14 00:00:00.000;177;8080;4;0;8277
2017-12-14 00:00:00.000;177;8080;3;0;8278
2017-12-14 00:00:00.000;312;8080;3;0;8279
2017-12-14 00:00:00.000;177;8080;3;0;8280
2017-12-14 00:00:00.000;275;8080;4;0;8281
2017-12-14 00:00:00.000;124;8080;;0;8282
2017-12-14 00:00:00.000;112;8080;3;0;8283
2017-12-14 00:00:00.000;290;8080;;0;8284
2017-12-14 00:00:00.000;252;8080;1;0;8285
2017-12-14 00:00:00.000;174;8080;4;0;8286
2017-12-14 00:00:00.000;156;8080;3;0;8287
2017-12-14 00:00:00.000;201;8080;1;0;8288
2017-12-14 00:00:00.000;283;8080;4;0;8289
2017-12-14 00:00:00.000;250;8080;1;0;8290
2017-12-14 00:00:00.000;172;8080;1;0;8291
2017-12-14 00:00:00.000;214;8080;1;0;8292
2017-12-14 00:00:00.000;218;8080;1;0;8293
2017-12-14 00:00:00.000;111;8080;;0;8294
2017-01-15 00:00:00.000;208;UGB ;4;0;8295
2017-01-15 00:00:00.000;291;UGB ;;0;8296
2017-01-15 00:00:00.000;121;UGB ;1;0;8297
2017-01-15 00:00:00.000;271;UGB ;;0;8298
2017-01-15 00:00:00.000;286;UGB ;1;0;8299
2017-01-15 00:00:00.000;139;UGB ;;0;8300
2017-01-15 00:00:00.000;310;UGB ;;0;8301
2017-01-15 00:00:00.000;203;UGB ;1;0;8302
2017-01-15 00:00:00.000;214;UGB ;1;0;8303
2017-01-15 00:00:00.000;125;UGB ;;0;8304
2017-01-15 00:00:00.000;136;UGB ;1;0;8305
2017-01-15 00:00:00.000;206;UGB ;3;0;8306
2017-02-15 00:00:00.000;206;UGB ;4;0;8307
2017-02-15 00:00:00.000;295;UGB ;1;0;8308
2017-02-15 00:00:00.000;153;UGB ;1;0;8309
2017-02-15 00:00:00.000;207;UGB ;4;0;8310
2017-02-15 00:00:00.000;117;UGB ;4;0;8311
2017-02-15 00:00:00.000;151;UGB ;3;0;8312
2017-02-15 00:00:00.000;172;UGB ;4;0;8313
2017-02-15 00:00:00.000;263;UGB ;3;0;8314
2017-02-15 00:00:00.000;247;UGB ;3;0;8315
2017-02-15 00:00:00.000;200;UGB ;4;0;8316
2017-02-15 00:00:00.000;180;UGB ;;0;8317
2017-02-15 00:00:00.000;257;UGB ;;0;8318
2017-02-15 00:00:00.000;227;UGB ;3;0;8319
2017-02-15 00:00:00.000;251;UGB ;;0;8320
2017-02-15 00:00:00.000;247;UGB ;;0;8321
2017-02-15 00:00:00.000;305;UGB ;1;0;8322
2017-02-15 00:00:00.000;300;UGB ;3;0;8323
2017-02-15 00:00:00.000;213;UGB ;1;0;8324
2017-02-15 00:00:00.000;199;UGB ;;0;8325
2017-02-15 00:00:00.000;122;UGB ;;0;8326
2017-02-15 00:00:00.000;176;UGB ;1;0;8327
2017-02-15 00:00:00.000;221;UGB ;4;0;8328
2017-03-15 00:00:00.000;120;UGB ;1;0;8329
2017-03-15 00:00:00.000;280;UGB ;3;0;8330
2017-03-15 00:00:00.000;267;UGB ;3;0;8331
2017-03-15 00:00:00.000;266;UGB ;4;0;8332
2017-03-15 00:00:00.000;206;UGB ;1;25,8;8333
2017-03-15 00:00:00.000;263;UGB ;1;0;8334
2017-03-15 00:00:00.000;178;UGB ;;0;8335
2017-03-15 00:00:00.000;266;UGB ;3;0;8336
2017-03-15 00:00:00.000;172;UGB ;3;0;8337
2017-03-15 00:00:00.000;269;UGB ;;0;8338
2017-03-15 00:00:00.000;159;UGB ;3;0;8339
2017-03-15 00:00:00.000;263;UGB ;;0;8340
2017-03-15 00:00:00.000;191;UGB ;;0;8341
2017-03-15 00:00:00.000;128;UGB ;1;0;8342
2017-03-15 00:00:00.000;288;UGB ;1;0;8343
2017-03-15 00:00:00.000;208;UGB ;4;0;8344
2017-03-15 00:00:00.000;281;UGB ;1;0;8345
2017-03-15 00:00:00.000;145;UGB ;4;0;8346
2017-03-15 00:00:00.000;112;UGB ;3;0;8347
2017-04-15 00:00:00.000;200;WAO ;1;0;8348
2017-04-15 00:00:00.000;139;WAO ;4;0;8349
2017-04-15 00:00:00.000;162;WAO ;;0;8350
2017-04-15 00:00:00.000;205;WAO ;1;0;8351
2017-04-15 00:00:00.000;207;WAO ;1;0;8352
2017-04-15 00:00:00.000;158;WAO ;3;0;8353
2017-04-15 00:00:00.000;287;WAO ;3;0;8354
2017-04-15 00:00:00.000;122;WAO ;3;0;8355
2017-04-15 00:00:00.000;264;WAO ;4;0;8356
2017-04-15 00:00:00.000;194;WAO ;3;0;8357
2017-04-15 00:00:00.000;113;WAO ;3;0;8358
2017-04-15 00:00:00.000;116;WAO ;4;0;8359
2017-04-15 00:00:00.000;270;WAO ;4;0;8360
2017-04-15 00:00:00.000;182;WAO ;4;0;8361
2017-04-15 00:00:00.000;230;WAO ;3;0;8362
2017-04-15 00:00:00.000;226;WAO ;;0;8363
2017-04-15 00:00:00.000;244;WAO ;4;0;8364
2017-04-15 00:00:00.000;303;WAO ;1;0;8365
2017-04-15 00:00:00.000;201;WAO ;4;0;8366
2017-04-15 00:00:00.000;147;WAO ;3;0;8367
2017-04-15 00:00:00.000;260;WAO ;;0;8368
2017-04-15 00:00:00.000;155;WAO ;;0;8369
2017-04-15 00:00:00.000;230;WAO ;;0;8370
2017-04-15 00:00:00.000;229;WAO ;3;0;8371
2017-04-15 00:00:00.000;161;WAO ;1;0;8372
2017-04-15 00:00:00.000;290;WAO ;1;0;8373
2017-04-15 00:00:00.000;268;WAO ;3;0;8374
2017-04-15 00:00:00.000;246;WAO ;1;0;8375
2017-04-15 00:00:00.000;251;WAO ;4;0;8376
2017-04-15 00:00:00.000;251;WAO ;3;0;8377
2017-04-15 00:00:00.000;151;WAO ;3;0;8378
2017-04-15 00:00:00.000;135;WAO ;3;0;8379
2017-04-15 00:00:00.000;311;WAO ;3;0;8380
2017-04-15 00:00:00.000;172;WAO ;1;0;8381
2017-04-15 00:00:00.000;115;WAO ;3;0;8382
2017-04-15 00:00:00.000;219;WAO ;;0;8383
2017-04-15 00:00:00.000;249;WAO ;3;0;8384
2017-04-15 00:00:00.000;157;WAO ;4;0;8385
2017-04-15 00:00:00.000;206;WAO ;4;0;8386
2017-04-15 00:00:00.000;255;WAO ;1;0;8387
2017-11-15 00:00:00.000;280;8080;3;0;8388
2017-11-15 00:00:00.000;255;8080;;0;8389
2017-11-15 00:00:00.000;239;8080;;0;8390
2017-11-15 00:00:00.000;163;8080;;0;8391
2017-11-15 00:00:00.000;297;8080;1;0;8392
2017-11-15 00:00:00.000;282;8080;;0;8393
2017-11-15 00:00:00.000;274;8080;1;0;8394
2017-11-15 00:00:00.000;148;8080;1;0;8395
2017-11-15 00:00:00.000;168;8080;4;0;8396
2017-11-15 00:00:00.000;282;8080;1;0;8397
2017-11-15 00:00:00.000;157;8080;;0;8398
2017-11-15 00:00:00.000;264;8080;3;0;8399
2017-11-15 00:00:00.000;124;8080;;0;8400
2017-11-15 00:00:00.000;164;8080;;0;8401
2017-11-15 00:00:00.000;278;8080;;0;8402
2017-12-15 00:00:00.000;270;8080;4;0;8403
2017-12-15 00:00:00.000;252;8080;4;0;8404
2017-12-15 00:00:00.000;188;8080;3;0;8405
2017-12-15 00:00:00.000;158;8080;4;0;8406
2017-12-15 00:00:00.000;287;8080;4;0;8407
2017-12-15 00:00:00.000;300;8080;1;0;8408
2017-12-15 00:00:00.000;236;8080;1;0;8409
2017-12-15 00:00:00.000;132;8080;3;0;8410
2017-12-15 00:00:00.000;307;8080;3;0;8411
2017-12-15 00:00:00.000;192;8080;4;0;8412
2017-12-15 00:00:00.000;207;8080;4;0;8413
2017-12-15 00:00:00.000;244;8080;1;0;8414
2017-12-15 00:00:00.000;227;8080;1;0;8415
2017-12-15 00:00:00.000;276;8080;1;0;8416
2017-12-15 00:00:00.000;287;8080;4;0;8417
2017-12-15 00:00:00.000;199;8080;4;0;8418
2017-12-15 00:00:00.000;265;8080;1;0;8419
2017-12-15 00:00:00.000;163;8080;3;0;8420
2017-12-15 00:00:00.000;153;8080;;0;8421
2017-12-15 00:00:00.000;162;8080;4;0;8422
2017-12-15 00:00:00.000;197;8080;4;0;8423
2017-12-15 00:00:00.000;135;8080;4;0;8424
2017-12-15 00:00:00.000;154;8080;1;0;8425
2017-12-15 00:00:00.000;256;8080;1;0;8426
2017-12-15 00:00:00.000;212;8080;4;0;8427
2017-12-15 00:00:00.000;147;8080;4;0;8428
2017-12-15 00:00:00.000;140;8080;3;0;8429
2017-12-15 00:00:00.000;171;8080;1;0;8430
2017-12-15 00:00:00.000;262;8080;4;0;8431
2017-12-15 00:00:00.000;122;8080;4;0;8432
2017-12-15 00:00:00.000;152;8080;1;0;8433
2017-12-15 00:00:00.000;209;8080;1;0;8434
2017-12-15 00:00:00.000;129;8080;1;0;8435
2017-12-15 00:00:00.000;233;8080;4;0;8436
2017-12-15 00:00:00.000;160;8080;4;0;8437
2017-12-15 00:00:00.000;307;8080;4;0;8438
2017-12-15 00:00:00.000;185;8080;3;0;8439
2017-12-15 00:00:00.000;184;8080;4;0;8440
2017-12-15 00:00:00.000;142;8080;1;0;8441
2017-12-15 00:00:00.000;285;8080;3;0;8442
2017-12-15 00:00:00.000;196;8080;1;0;8443
2017-12-15 00:00:00.000;232;8080;4;0;8444
2017-12-15 00:00:00.000;175;8080;1;0;8445
2017-12-15 00:00:00.000;202;8080;1;0;8446
2017-12-15 00:00:00.000;306;8080;4;0;8447
2017-12-15 00:00:00.000;269;8080;1;0;8448
2017-12-15 00:00:00.000;126;8080;4;0;8449
2017-12-15 00:00:00.000;238;8080;;0;8450
2017-12-15 00:00:00.000;246;8080;1;0;8451
2017-12-15 00:00:00.000;227;8080;3;0;8452
2017-12-15 00:00:00.000;310;8080;4;0;8453
2017-12-15 00:00:00.000;232;8080;3;0;8454
2017-12-15 00:00:00.000;262;8080;3;0;8455
2017-12-15 00:00:00.000;261;8080;1;0;8456
2017-12-15 00:00:00.000;207;8080;1;0;8457
2017-12-15 00:00:00.000;170;8080;1;0;8458
2017-12-15 00:00:00.000;160;8080;1;0;8459
2017-12-15 00:00:00.000;208;8080;;0;8460
2017-12-15 00:00:00.000;114;8080;3;0;8461
2017-12-15 00:00:00.000;112;8080;1;0;8462
2017-12-15 00:00:00.000;117;8080;;0;8463
2017-12-15 00:00:00.000;248;8080;3;0;8464
2017-12-15 00:00:00.000;141;8080;4;0;8465
2017-12-15 00:00:00.000;242;8080;1;0;8466
2017-12-15 00:00:00.000;308;8080;3;0;8467
2017-12-15 00:00:00.000;204;8080;1;0;8468
2017-12-15 00:00:00.000;288;8080;1;0;8469
2017-12-15 00:00:00.000;267;8080;1;0;8470
2017-12-15 00:00:00.000;290;8080;1;0;8471
2017-12-15 00:00:00.000;291;8080;1;0;8472
2017-12-15 00:00:00.000;270;8080;4;0;8473
2017-12-15 00:00:00.000;249;8080;4;0;8474
2017-12-15 00:00:00.000;251;8080;1;0;8475
2017-12-15 00:00:00.000;147;8080;;0;8476
2017-12-15 00:00:00.000;202;8080;1;0;8477
2017-12-15 00:00:00.000;289;8080;;0;8478
2017-12-15 00:00:00.000;143;8080;4;0;8479
2017-12-15 00:00:00.000;163;8080;1;0;8480
2017-12-15 00:00:00.000;302;8080;4;0;8481
2017-12-15 00:00:00.000;159;8080;4;0;8482
2017-12-15 00:00:00.000;244;8080;1;0;8483
2017-12-15 00:00:00.000;152;8080;;0;8484
2017-12-15 00:00:00.000;233;8080;4;0;8485
2017-12-15 00:00:00.000;228;8080;3;0;8486
2017-12-15 00:00:00.000;279;8080;4;0;8487
2017-12-15 00:00:00.000;194;8080;4;0;8488
2017-12-15 00:00:00.000;267;8080;4;0;8489
2017-12-15 00:00:00.000;269;8080;1;0;8490
2017-12-15 00:00:00.000;300;8080;1;0;8491
2017-12-15 00:00:00.000;291;8080;3;0;8492
2017-12-15 00:00:00.000;270;8080;1;0;8493
2017-12-15 00:00:00.000;148;8080;4;0;8494
2017-12-15 00:00:00.000;290;8080;4;0;8495
2017-12-15 00:00:00.000;290;8080;;0;8496
2017-12-15 00:00:00.000;232;8080;3;0;8497
2017-12-15 00:00:00.000;267;8080;4;0;8498
2017-12-15 00:00:00.000;182;8080;;0;8499
2017-12-15 00:00:00.000;129;8080;3;0;8500
2017-12-15 00:00:00.000;224;8080;1;0;8501
2017-12-15 00:00:00.000;304;8080;4;0;8502
2017-12-15 00:00:00.000;216;8080;3;0;8503
2017-12-15 00:00:00.000;197;8080;;0;8504
2017-12-15 00:00:00.000;257;8080;;0;8505
2017-12-15 00:00:00.000;289;8080;4;0;8506
2017-12-15 00:00:00.000;251;8080;1;0;8507
2017-01-16 00:00:00.000;311;UGB ;1;0;8508
2017-01-16 00:00:00.000;205;UGB ;3;0;8509
2017-01-16 00:00:00.000;185;UGB ;1;0;8510
2017-01-16 00:00:00.000;171;UGB ;1;0;8511
2017-01-16 00:00:00.000;297;UGB ;3;0;8512
2017-01-16 00:00:00.000;169;UGB ;3;0;8513
2017-01-16 00:00:00.000;130;UGB ;1;0;8514
2017-01-16 00:00:00.000;197;UGB ;4;0;8515
2017-01-16 00:00:00.000;308;UGB ;4;0;8516
2017-01-16 00:00:00.000;274;UGB ;4;0;8517
2017-01-16 00:00:00.000;303;UGB ;1;0;8518
2017-01-16 00:00:00.000;127;UGB ;;0;8519
2017-01-16 00:00:00.000;157;UGB ;4;0;8520
2017-01-16 00:00:00.000;129;UGB ;1;0;8521
2017-01-16 00:00:00.000;268;UGB ;4;0;8522
2017-02-16 00:00:00.000;299;UGB ;4;0;8523
2017-02-16 00:00:00.000;170;UGB ;1;0;8524
2017-02-16 00:00:00.000;303;UGB ;3;0;8525
2017-02-16 00:00:00.000;196;UGB ;1;0;8526
2017-02-16 00:00:00.000;219;UGB ;1;0;8527
2017-02-16 00:00:00.000;142;UGB ;4;0;8528
2017-02-16 00:00:00.000;146;UGB ;3;0;8529
2017-02-16 00:00:00.000;213;UGB ;;0;8530
2017-02-16 00:00:00.000;222;UGB ;3;0;8531
2017-02-16 00:00:00.000;246;UGB ;4;0;8532
2017-02-16 00:00:00.000;142;UGB ;1;0;8533
2017-02-16 00:00:00.000;186;UGB ;1;0;8534
2017-02-16 00:00:00.000;136;UGB ;1;0;8535
2017-02-16 00:00:00.000;158;UGB ;;0;8536
2017-02-16 00:00:00.000;244;UGB ;4;0;8537
2017-02-16 00:00:00.000;212;UGB ;1;0;8538
2017-02-16 00:00:00.000;283;UGB ;3;0;8539
2017-02-16 00:00:00.000;132;UGB ;3;0;8540
2017-02-16 00:00:00.000;190;UGB ;3;0;8541
2017-02-16 00:00:00.000;197;UGB ;;0;8542
2017-02-16 00:00:00.000;258;UGB ;3;0;8543
2017-03-16 00:00:00.000;274;UGB ;4;0;8544
2017-03-16 00:00:00.000;256;UGB ;1;0;8545
2017-03-16 00:00:00.000;150;UGB ;4;0;8546
2017-03-16 00:00:00.000;135;UGB ;3;0;8547
2017-03-16 00:00:00.000;293;UGB ;4;0;8548
2017-03-16 00:00:00.000;219;UGB ;4;0;8549
2017-03-16 00:00:00.000;251;UGB ;1;0;8550
2017-03-16 00:00:00.000;281;UGB ;4;0;8551
2017-03-16 00:00:00.000;125;UGB ;;0;8552
2017-03-16 00:00:00.000;296;UGB ;;0;8553
2017-03-16 00:00:00.000;158;UGB ;3;0;8554
2017-03-16 00:00:00.000;303;UGB ;4;0;8555
2017-03-16 00:00:00.000;228;UGB ;4;0;8556
2017-03-16 00:00:00.000;294;UGB ;;0;8557
2017-04-16 00:00:00.000;289;WAO ;;0;8558
2017-04-16 00:00:00.000;277;WAO ;4;0;8559
2017-04-16 00:00:00.000;298;WAO ;3;0;8560
2017-04-16 00:00:00.000;290;WAO ;3;0;8561
2017-04-16 00:00:00.000;297;WAO ;1;0;8562
2017-04-16 00:00:00.000;126;WAO ;1;0;8563
2017-04-16 00:00:00.000;179;WAO ;;0;8564
2017-04-16 00:00:00.000;154;WAO ;;0;8565
2017-04-16 00:00:00.000;307;WAO ;1;0;8566
2017-04-16 00:00:00.000;164;WAO ;1;0;8567
2017-05-16 00:00:00.000;289;WAP ;1;24,9;8568
2017-05-16 00:00:00.000;120;WAP ;1;0;8569
2017-05-16 00:00:00.000;135;WAP ;1;0;8570
2017-05-16 00:00:00.000;284;WAP ;1;24,9;8571
2017-05-16 00:00:00.000;179;WAP ;3;0;8572
2017-11-16 00:00:00.000;240;8080;4;0;8573
2017-11-16 00:00:00.000;275;8080;4;0;8574
2017-11-16 00:00:00.000;187;8080;4;0;8575
2017-11-16 00:00:00.000;298;8080;1;0;8576
2017-11-16 00:00:00.000;165;8080;1;0;8577
2017-11-16 00:00:00.000;224;8080;3;0;8578
2017-11-16 00:00:00.000;123;8080;3;0;8579
2017-11-16 00:00:00.000;240;8080;;0;8580
2017-11-16 00:00:00.000;152;8080;4;0;8581
2017-11-16 00:00:00.000;297;8080;;0;8582
2017-11-16 00:00:00.000;307;8080;4;0;8583
2017-11-16 00:00:00.000;240;8080;4;0;8584
2017-11-16 00:00:00.000;181;8080;;0;8585
2017-11-16 00:00:00.000;204;8080;3;0;8586
2017-11-16 00:00:00.000;284;8080;4;0;8587
2017-11-16 00:00:00.000;261;8080;;0;8588
2017-11-16 00:00:00.000;144;8080;;0;8589
2017-11-16 00:00:00.000;260;8080;3;0;8590
2017-11-16 00:00:00.000;279;8080;4;0;8591
2017-12-16 00:00:00.000;123;8080;4;0;8592
2017-12-16 00:00:00.000;115;8080;1;0;8593
2017-12-16 00:00:00.000;305;8080;4;0;8594
2017-12-16 00:00:00.000;275;8080;1;0;8595
2017-12-16 00:00:00.000;277;8080;;0;8596
2017-12-16 00:00:00.000;193;8080;4;0;8597
2017-12-16 00:00:00.000;268;8080;1;0;8598
2017-12-16 00:00:00.000;260;8080;4;0;8599
2017-12-16 00:00:00.000;178;8080;4;0;8600
2017-12-16 00:00:00.000;245;8080;3;0;8601
2017-12-16 00:00:00.000;195;8080;1;0;8602
2017-12-16 00:00:00.000;266;8080;1;0;8603
2017-12-16 00:00:00.000;278;8080;1;0;8604
2017-12-16 00:00:00.000;193;8080;4;0;8605
2017-12-16 00:00:00.000;151;8080;4;0;8606
2017-12-16 00:00:00.000;301;8080;3;0;8607
2017-12-16 00:00:00.000;312;8080;3;0;8608
2017-12-16 00:00:00.000;286;8080;3;0;8609
2017-12-16 00:00:00.000;251;8080;4;0;8610
2017-12-16 00:00:00.000;123;8080;4;0;8611
2017-12-16 00:00:00.000;164;8080;;0;8612
2017-12-16 00:00:00.000;257;8080;3;0;8613
2017-12-16 00:00:00.000;260;8080;4;0;8614
2017-12-16 00:00:00.000;177;8080;;0;8615
2017-12-16 00:00:00.000;246;8080;4;0;8616
2017-12-16 00:00:00.000;249;8080;3;0;8617
2017-12-16 00:00:00.000;201;8080;4;0;8618
2017-12-16 00:00:00.000;146;8080;4;0;8619
2017-12-16 00:00:00.000;147;8080;4;0;8620
2017-12-16 00:00:00.000;166;8080;4;0;8621
2017-12-16 00:00:00.000;126;8080;1;0;8622
2017-12-16 00:00:00.000;179;8080;;0;8623
2017-12-16 00:00:00.000;293;8080;3;0;8624
2017-12-16 00:00:00.000;224;8080;3;0;8625
2017-12-16 00:00:00.000;204;8080;4;0;8626
2017-12-16 00:00:00.000;269;8080;4;0;8627
2017-12-16 00:00:00.000;152;8080;3;0;8628
2017-12-16 00:00:00.000;192;8080;4;0;8629
2017-12-16 00:00:00.000;181;8080;1;0;8630
2017-12-16 00:00:00.000;120;8080;3;0;8631
2017-12-16 00:00:00.000;251;8080;3;0;8632
2017-12-16 00:00:00.000;258;8080;1;0;8633
2017-12-16 00:00:00.000;189;8080;1;0;8634
2017-12-16 00:00:00.000;160;8080;1;0;8635
2017-12-16 00:00:00.000;132;8080;1;0;8636
2017-12-16 00:00:00.000;195;8080;3;0;8637
2017-12-16 00:00:00.000;245;8080;3;0;8638
2017-12-16 00:00:00.000;275;8080;3;0;8639
2017-12-16 00:00:00.000;170;8080;1;0;8640
2017-12-16 00:00:00.000;150;8080;3;0;8641
2017-12-16 00:00:00.000;303;8080;3;0;8642
2017-12-16 00:00:00.000;312;8080;3;0;8643
2017-12-16 00:00:00.000;286;8080;1;0;8644
2017-12-16 00:00:00.000;167;8080;3;0;8645
2017-12-16 00:00:00.000;176;8080;4;0;8646
2017-12-16 00:00:00.000;151;8080;1;0;8647
2017-12-16 00:00:00.000;172;8080;3;0;8648
2017-12-16 00:00:00.000;296;8080;1;0;8649
2017-12-16 00:00:00.000;167;8080;3;0;8650
2017-12-16 00:00:00.000;231;8080;1;0;8651
2017-12-16 00:00:00.000;307;8080;1;0;8652
2017-12-16 00:00:00.000;116;8080;4;0;8653
2017-12-16 00:00:00.000;237;8080;1;0;8654
2017-12-16 00:00:00.000;123;8080;3;0;8655
2017-12-16 00:00:00.000;159;8080;3;0;8656
2017-12-16 00:00:00.000;207;8080;1;0;8657
2017-12-16 00:00:00.000;203;8080;3;0;8658
2017-12-16 00:00:00.000;187;8080;3;0;8659
2017-12-16 00:00:00.000;111;8080;3;0;8660
2017-12-16 00:00:00.000;297;8080;4;0;8661
2017-12-16 00:00:00.000;312;8080;4;0;8662
2017-12-16 00:00:00.000;148;8080;3;0;8663
2017-12-16 00:00:00.000;116;8080;3;0;8664
2017-12-16 00:00:00.000;122;8080;4;0;8665
2017-12-16 00:00:00.000;210;8080;4;0;8666
2017-12-16 00:00:00.000;307;8080;1;0;8667
2017-12-16 00:00:00.000;188;8080;1;0;8668
2017-12-16 00:00:00.000;204;8080;4;0;8669
2017-12-16 00:00:00.000;149;8080;3;0;8670
2017-12-16 00:00:00.000;190;8080;1;0;8671
2017-12-16 00:00:00.000;237;8080;4;0;8672
2017-12-16 00:00:00.000;304;8080;1;0;8673
2017-12-16 00:00:00.000;227;8080;3;0;8674
2017-12-16 00:00:00.000;163;8080;3;0;8675
2017-12-16 00:00:00.000;193;8080;4;0;8676
2017-12-16 00:00:00.000;207;8080;4;0;8677
2017-12-16 00:00:00.000;206;8080;1;0;8678
2017-12-16 00:00:00.000;188;8080;1;0;8679
2017-12-16 00:00:00.000;238;8080;1;0;8680
2017-12-16 00:00:00.000;157;8080;1;0;8681
2017-12-16 00:00:00.000;253;8080;1;0;8682
2017-12-16 00:00:00.000;216;8080;4;0;8683
2017-12-16 00:00:00.000;138;8080;1;0;8684
2017-12-16 00:00:00.000;254;8080;4;0;8685
2017-12-16 00:00:00.000;213;8080;4;0;8686
2017-12-16 00:00:00.000;142;8080;3;0;8687
2017-12-16 00:00:00.000;242;8080;4;0;8688
2017-12-16 00:00:00.000;189;8080;4;0;8689
2017-12-16 00:00:00.000;277;8080;3;0;8690
2017-12-16 00:00:00.000;270;8080;3;0;8691
2017-12-16 00:00:00.000;221;8080;3;0;8692
2017-12-16 00:00:00.000;255;8080;3;0;8693
2017-12-16 00:00:00.000;188;8080;3;0;8694
2017-12-16 00:00:00.000;124;8080;1;0;8695
2017-12-16 00:00:00.000;208;8080;3;0;8696
2017-12-16 00:00:00.000;237;8080;1;0;8697
2017-12-16 00:00:00.000;118;8080;1;0;8698
2017-12-16 00:00:00.000;268;8080;4;0;8699
2017-12-16 00:00:00.000;291;8080;4;0;8700
2017-12-16 00:00:00.000;202;8080;1;0;8701
2017-12-16 00:00:00.000;228;8080;1;0;8702
2017-12-16 00:00:00.000;155;8080;1;0;8703
2017-12-16 00:00:00.000;163;8080;1;0;8704
2017-12-16 00:00:00.000;204;8080;;0;8705
2017-12-16 00:00:00.000;168;8080;3;0;8706
2017-12-16 00:00:00.000;212;8080;1;0;8707
2017-12-16 00:00:00.000;297;8080;1;0;8708
2017-12-16 00:00:00.000;295;8080;4;0;8709
2017-12-16 00:00:00.000;277;8080;3;0;8710
2017-12-16 00:00:00.000;220;8080;1;0;8711
2017-12-16 00:00:00.000;267;8080;4;0;8712
2017-12-16 00:00:00.000;290;8080;4;0;8713
2017-01-17 00:00:00.000;255;UGB ;1;0;8714
2017-01-17 00:00:00.000;273;UGB ;4;0;8715
2017-01-17 00:00:00.000;233;UGB ;4;0;8716
2017-01-17 00:00:00.000;252;UGB ;4;0;8717
2017-01-17 00:00:00.000;215;UGB ;3;0;8718
2017-01-17 00:00:00.000;276;UGB ;3;0;8719
2017-01-17 00:00:00.000;309;UGB ;;0;8720
2017-01-17 00:00:00.000;141;UGB ;3;0;8721
2017-01-17 00:00:00.000;294;UGB ;1;0;8722
2017-01-17 00:00:00.000;245;UGB ;1;0;8723
2017-01-17 00:00:00.000;279;UGB ;4;0;8724
2017-01-17 00:00:00.000;255;UGB ;1;0;8725
2017-01-17 00:00:00.000;194;UGB ;1;0;8726
2017-01-17 00:00:00.000;238;UGB ;1;0;8727
2017-02-17 00:00:00.000;191;UGB ;3;0;8728
2017-02-17 00:00:00.000;266;UGB ;1;0;8729
2017-02-17 00:00:00.000;219;UGB ;1;0;8730
2017-02-17 00:00:00.000;197;UGB ;4;0;8731
2017-02-17 00:00:00.000;135;UGB ;1;0;8732
2017-02-17 00:00:00.000;189;UGB ;1;0;8733
2017-02-17 00:00:00.000;238;UGB ;4;0;8734
2017-02-17 00:00:00.000;113;UGB ;1;0;8735
2017-02-17 00:00:00.000;208;UGB ;4;0;8736
2017-02-17 00:00:00.000;121;UGB ;;0;8737
2017-02-17 00:00:00.000;249;UGB ;1;0;8738
2017-02-17 00:00:00.000;301;UGB ;3;0;8739
2017-02-17 00:00:00.000;194;UGB ;3;0;8740
2017-02-17 00:00:00.000;306;UGB ;;0;8741
2017-02-17 00:00:00.000;120;UGB ;;0;8742
2017-02-17 00:00:00.000;208;UGB ;1;0;8743
2017-02-17 00:00:00.000;296;UGB ;4;0;8744
2017-02-17 00:00:00.000;239;UGB ;1;0;8745
2017-02-17 00:00:00.000;165;UGB ;;0;8746
2017-02-17 00:00:00.000;198;UGB ;1;0;8747
2017-02-17 00:00:00.000;147;UGB ;;0;8748
2017-02-17 00:00:00.000;154;UGB ;3;0;8749
2017-02-17 00:00:00.000;151;UGB ;;0;8750
2017-02-17 00:00:00.000;111;UGB ;3;0;8751
2017-03-17 00:00:00.000;152;UGB ;3;0;8752
2017-03-17 00:00:00.000;198;UGB ;4;0;8753
2017-03-17 00:00:00.000;172;UGB ;4;0;8754
2017-03-17 00:00:00.000;269;UGB ;1;0;8755
2017-03-17 00:00:00.000;212;UGB ;4;0;8756
2017-03-17 00:00:00.000;148;UGB ;;0;8757
2017-03-17 00:00:00.000;204;UGB ;3;0;8758
2017-03-17 00:00:00.000;244;UGB ;1;0;8759
2017-03-17 00:00:00.000;256;UGB ;1;0;8760
2017-03-17 00:00:00.000;195;UGB ;4;0;8761
2017-03-17 00:00:00.000;273;UGB ;1;0;8762
2017-03-17 00:00:00.000;121;UGB ;;0;8763
2017-03-17 00:00:00.000;261;UGB ;4;0;8764
2017-03-17 00:00:00.000;184;UGB ;;0;8765
2017-03-17 00:00:00.000;198;UGB ;4;0;8766
2017-03-17 00:00:00.000;255;UGB ;;0;8767
2017-03-17 00:00:00.000;111;UGB ;1;0;8768
2017-04-17 00:00:00.000;210;WAO ;1;0;8769
2017-04-17 00:00:00.000;226;WAO ;4;0;8770
2017-04-17 00:00:00.000;117;WAO ;4;0;8771
2017-04-17 00:00:00.000;183;WAO ;3;0;8772
2017-04-17 00:00:00.000;215;WAO ;4;0;8773
2017-04-17 00:00:00.000;239;WAO ;1;0;8774
2017-04-17 00:00:00.000;258;WAO ;4;0;8775
2017-04-17 00:00:00.000;210;WAO ;3;0;8776
2017-04-17 00:00:00.000;267;WAO ;1;0;8777
2017-04-17 00:00:00.000;137;WAO ;4;0;8778
2017-04-17 00:00:00.000;202;WAO ;1;0;8779
2017-04-17 00:00:00.000;218;WAO ;1;0;8780
2017-04-17 00:00:00.000;249;WAO ;1;0;8781
2017-04-17 00:00:00.000;233;WAO ;3;0;8782
2017-04-17 00:00:00.000;154;WAO ;;0;8783
2017-04-17 00:00:00.000;212;WAO ;;0;8784
2017-04-17 00:00:00.000;258;WAO ;3;0;8785
2017-11-17 00:00:00.000;304;8080;1;0;8786
2017-11-17 00:00:00.000;237;8080;4;0;8787
2017-11-17 00:00:00.000;295;8080;4;0;8788
2017-11-17 00:00:00.000;263;8080;4;0;8789
2017-11-17 00:00:00.000;218;8080;1;0;8790
2017-11-17 00:00:00.000;188;8080;1;0;8791
2017-11-17 00:00:00.000;118;8080;3;0;8792
2017-11-17 00:00:00.000;239;8080;3;0;8793
2017-11-17 00:00:00.000;192;8080;1;0;8794
2017-11-17 00:00:00.000;142;8080;1;0;8795
2017-11-17 00:00:00.000;218;8080;4;0;8796
2017-11-17 00:00:00.000;211;8080;4;0;8797
2017-11-17 00:00:00.000;264;8080;;0;8798
2017-11-17 00:00:00.000;187;8080;1;0;8799
2017-11-17 00:00:00.000;214;8080;3;0;8800
2017-11-17 00:00:00.000;220;8080;;0;8801
2017-11-17 00:00:00.000;202;8080;1;0;8802
2017-11-17 00:00:00.000;280;8080;1;0;8803
2017-11-17 00:00:00.000;290;8080;4;0;8804
2017-11-17 00:00:00.000;261;8080;;0;8805
2017-11-17 00:00:00.000;174;8080;;0;8806
2017-11-17 00:00:00.000;172;8080;;0;8807
2017-12-17 00:00:00.000;177;8080;1;0;8808
2017-12-17 00:00:00.000;166;8080;4;0;8809
2017-12-17 00:00:00.000;129;8080;1;0;8810
2017-12-17 00:00:00.000;288;8080;3;0;8811
2017-12-17 00:00:00.000;117;8080;1;0;8812
2017-12-17 00:00:00.000;129;8080;1;0;8813
2017-12-17 00:00:00.000;310;8080;4;0;8814
2017-12-17 00:00:00.000;114;8080;1;0;8815
2017-12-17 00:00:00.000;269;8080;;0;8816
2017-12-17 00:00:00.000;147;8080;4;0;8817
2017-12-17 00:00:00.000;232;8080;1;0;8818
2017-12-17 00:00:00.000;154;8080;3;0;8819
2017-12-17 00:00:00.000;111;8080;1;0;8820
2017-12-17 00:00:00.000;141;8080;3;0;8821
2017-12-17 00:00:00.000;148;8080;1;0;8822
2017-12-17 00:00:00.000;290;8080;;0;8823
2017-12-17 00:00:00.000;305;8080;4;0;8824
2017-12-17 00:00:00.000;181;8080;3;0;8825
2017-12-17 00:00:00.000;234;8080;4;0;8826
2017-12-17 00:00:00.000;212;8080;4;0;8827
2017-12-17 00:00:00.000;165;8080;1;0;8828
2017-12-17 00:00:00.000;271;8080;4;0;8829
2017-12-17 00:00:00.000;238;8080;;0;8830
2017-12-17 00:00:00.000;207;8080;4;0;8831
2017-12-17 00:00:00.000;238;8080;;0;8832
2017-12-17 00:00:00.000;303;8080;3;0;8833
2017-12-17 00:00:00.000;245;8080;3;0;8834
2017-12-17 00:00:00.000;159;8080;4;0;8835
2017-12-17 00:00:00.000;244;8080;1;0;8836
2017-12-17 00:00:00.000;134;8080;;0;8837
2017-12-17 00:00:00.000;213;8080;1;0;8838
2017-12-17 00:00:00.000;305;8080;1;0;8839
2017-12-17 00:00:00.000;181;8080;1;0;8840
2017-12-17 00:00:00.000;182;8080;4;0;8841
2017-12-17 00:00:00.000;310;8080;4;0;8842
2017-12-17 00:00:00.000;253;8080;4;0;8843
2017-12-17 00:00:00.000;170;8080;3;0;8844
2017-12-17 00:00:00.000;265;8080;4;0;8845
2017-12-17 00:00:00.000;221;8080;1;0;8846
2017-12-17 00:00:00.000;230;8080;1;0;8847
2017-12-17 00:00:00.000;247;8080;4;0;8848
2017-12-17 00:00:00.000;296;8080;3;0;8849
2017-12-17 00:00:00.000;151;8080;1;0;8850
2017-12-17 00:00:00.000;124;8080;4;0;8851
2017-12-17 00:00:00.000;267;8080;;0;8852
2017-12-17 00:00:00.000;223;8080;3;0;8853
2017-12-17 00:00:00.000;228;8080;3;0;8854
2017-12-17 00:00:00.000;200;8080;3;0;8855
2017-12-17 00:00:00.000;258;8080;4;0;8856
2017-12-17 00:00:00.000;118;8080;3;0;8857
2017-12-17 00:00:00.000;262;8080;4;0;8858
2017-12-17 00:00:00.000;126;8080;3;0;8859
2017-12-17 00:00:00.000;204;8080;1;0;8860
2017-12-17 00:00:00.000;296;8080;3;0;8861
2017-12-17 00:00:00.000;233;8080;3;0;8862
2017-12-17 00:00:00.000;120;8080;4;0;8863
2017-12-17 00:00:00.000;275;8080;4;36,9;8864
2017-12-17 00:00:00.000;217;8080;3;0;8865
2017-12-17 00:00:00.000;182;8080;4;0;8866
2017-12-17 00:00:00.000;236;8080;1;0;8867
2017-12-17 00:00:00.000;176;8080;1;0;8868
2017-12-17 00:00:00.000;228;8080;4;0;8869
2017-12-17 00:00:00.000;237;8080;3;0;8870
2017-12-17 00:00:00.000;234;8080;1;0;8871
2017-12-17 00:00:00.000;282;8080;4;0;8872
2017-12-17 00:00:00.000;125;8080;1;0;8873
2017-12-17 00:00:00.000;296;8080;1;0;8874
2017-12-17 00:00:00.000;300;8080;1;0;8875
2017-12-17 00:00:00.000;154;8080;3;0;8876
2017-12-17 00:00:00.000;192;8080;3;0;8877
2017-12-17 00:00:00.000;193;8080;3;0;8878
2017-12-17 00:00:00.000;128;8080;3;0;8879
2017-12-17 00:00:00.000;231;8080;1;0;8880
2017-12-17 00:00:00.000;300;8080;1;0;8881
2017-12-17 00:00:00.000;155;8080;1;0;8882
2017-12-17 00:00:00.000;243;8080;1;0;8883
2017-12-17 00:00:00.000;263;8080;4;0;8884
2017-12-17 00:00:00.000;177;8080;1;0;8885
2017-12-17 00:00:00.000;138;8080;1;0;8886
2017-12-17 00:00:00.000;153;8080;4;0;8887
2017-12-17 00:00:00.000;171;8080;1;0;8888
2017-12-17 00:00:00.000;141;8080;1;0;8889
2017-12-17 00:00:00.000;137;8080;1;0;8890
2017-12-17 00:00:00.000;214;8080;1;0;8891
2017-12-17 00:00:00.000;128;8080;4;0;8892
2017-12-17 00:00:00.000;146;8080;1;0;8893
2017-12-17 00:00:00.000;128;8080;4;0;8894
2017-12-17 00:00:00.000;115;8080;1;0;8895
2017-12-17 00:00:00.000;129;8080;1;0;8896
2017-12-17 00:00:00.000;248;8080;1;0;8897
2017-12-17 00:00:00.000;150;8080;1;0;8898
2017-12-17 00:00:00.000;296;8080;3;0;8899
2017-12-17 00:00:00.000;249;8080;;0;8900
2017-12-17 00:00:00.000;289;8080;3;0;8901
2017-12-17 00:00:00.000;182;8080;4;0;8902
2017-12-17 00:00:00.000;219;8080;3;0;8903
2017-12-17 00:00:00.000;249;8080;4;0;8904
2017-12-17 00:00:00.000;221;8080;3;0;8905
2017-12-17 00:00:00.000;157;8080;3;0;8906
2017-12-17 00:00:00.000;294;8080;3;0;8907
2017-12-17 00:00:00.000;246;8080;1;0;8908
2017-12-17 00:00:00.000;143;8080;;0;8909
2017-12-17 00:00:00.000;185;8080;1;0;8910
2017-12-17 00:00:00.000;153;8080;1;0;8911
2017-12-17 00:00:00.000;115;8080;4;0;8912
2017-12-17 00:00:00.000;202;8080;3;0;8913
2017-12-17 00:00:00.000;253;8080;1;0;8914
2017-12-17 00:00:00.000;116;8080;1;0;8915
2017-12-17 00:00:00.000;296;8080;1;0;8916
2017-12-17 00:00:00.000;226;8080;4;0;8917
2017-12-17 00:00:00.000;167;8080;4;0;8918
2017-12-17 00:00:00.000;298;8080;4;0;8919
2017-12-17 00:00:00.000;225;8080;3;0;8920
2017-12-17 00:00:00.000;231;8080;3;0;8921
2017-12-17 00:00:00.000;247;8080;4;0;8922
2017-12-17 00:00:00.000;172;8080;1;0;8923
2017-12-17 00:00:00.000;204;8080;3;0;8924
2017-12-17 00:00:00.000;299;8080;1;0;8925
2017-12-17 00:00:00.000;268;8080;1;0;8926
2017-12-17 00:00:00.000;185;8080;1;0;8927
2017-12-17 00:00:00.000;179;8080;1;0;8928
2017-12-17 00:00:00.000;122;8080;3;0;8929
2017-12-17 00:00:00.000;266;8080;3;0;8930
2017-12-17 00:00:00.000;136;8080;1;0;8931
2017-12-17 00:00:00.000;274;8080;4;0;8932
2017-12-17 00:00:00.000;231;8080;1;0;8933
2017-12-17 00:00:00.000;156;8080;1;0;8934
2017-12-17 00:00:00.000;273;8080;4;0;8935
2017-12-17 00:00:00.000;272;8080;;0;8936
2017-12-17 00:00:00.000;180;8080;3;0;8937
2017-12-17 00:00:00.000;154;8080;4;0;8938
2017-12-17 00:00:00.000;223;8080;4;0;8939
2017-12-17 00:00:00.000;146;8080;3;0;8940
2017-12-17 00:00:00.000;211;8080;3;0;8941
2017-12-17 00:00:00.000;207;8080;3;0;8942
2017-12-17 00:00:00.000;199;8080;3;0;8943
2017-12-17 00:00:00.000;246;8080;4;0;8944
2017-12-17 00:00:00.000;217;8080;3;38,8;8945
2017-12-17 00:00:00.000;265;8080;4;0;8946
2017-12-17 00:00:00.000;253;8080;;0;8947
2017-12-17 00:00:00.000;205;8080;1;0;8948
2017-12-17 00:00:00.000;182;8080;3;0;8949
2017-12-17 00:00:00.000;200;8080;4;0;8950
2017-12-17 00:00:00.000;178;8080;1;0;8951
2017-12-17 00:00:00.000;143;8080;4;0;8952
2017-12-17 00:00:00.000;272;8080;4;0;8953
2017-12-17 00:00:00.000;181;8080;4;0;8954
2017-12-17 00:00:00.000;160;8080;;0;8955
2017-12-17 00:00:00.000;177;8080;1;0;8956
2017-12-17 00:00:00.000;217;8080;3;0;8957
2017-12-17 00:00:00.000;266;8080;4;0;8958
2017-12-17 00:00:00.000;303;8080;;0;8959
2017-12-17 00:00:00.000;163;8080;;0;8960
2017-12-17 00:00:00.000;172;8080;1;0;8961
2017-12-17 00:00:00.000;211;8080;1;0;8962
2017-01-18 00:00:00.000;255;UGB ;;0;8963
2017-01-18 00:00:00.000;187;UGB ;3;0;8964
2017-01-18 00:00:00.000;245;UGB ;1;0;8965
2017-01-18 00:00:00.000;126;UGB ;4;0;8966
2017-01-18 00:00:00.000;114;UGB ;4;0;8967
2017-01-18 00:00:00.000;145;UGB ;1;0;8968
2017-01-18 00:00:00.000;141;UGB ;4;0;8969
2017-01-18 00:00:00.000;148;UGB ;3;0;8970
2017-01-18 00:00:00.000;171;UGB ;3;0;8971
2017-01-18 00:00:00.000;311;UGB ;3;0;8972
2017-01-18 00:00:00.000;139;UGB ;3;0;8973
2017-01-18 00:00:00.000;167;UGB ;1;0;8974
2017-01-18 00:00:00.000;175;UGB ;;0;8975
2017-01-18 00:00:00.000;260;UGB ;4;0;8976
2017-01-18 00:00:00.000;227;UGB ;4;0;8977
2017-01-18 00:00:00.000;281;UGB ;1;0;8978
2017-01-18 00:00:00.000;150;UGB ;;0;8979
2017-01-18 00:00:00.000;282;UGB ;;0;8980
2017-01-18 00:00:00.000;161;UGB ;4;0;8981
2017-02-18 00:00:00.000;232;UGB ;4;0;8982
2017-02-18 00:00:00.000;277;UGB ;3;0;8983
2017-02-18 00:00:00.000;287;UGB ;;0;8984
2017-02-18 00:00:00.000;251;UGB ;1;0;8985
2017-02-18 00:00:00.000;262;UGB ;;0;8986
2017-02-18 00:00:00.000;229;UGB ;3;0;8987
2017-02-18 00:00:00.000;234;UGB ;;0;8988
2017-02-18 00:00:00.000;148;UGB ;;0;8989
2017-02-18 00:00:00.000;308;UGB ;;0;8990
2017-02-18 00:00:00.000;222;UGB ;3;0;8991
2017-02-18 00:00:00.000;292;UGB ;3;0;8992
2017-02-18 00:00:00.000;230;UGB ;1;0;8993
2017-02-18 00:00:00.000;171;UGB ;;0;8994
2017-02-18 00:00:00.000;120;UGB ;3;0;8995
2017-02-18 00:00:00.000;160;UGB ;1;0;8996
2017-02-18 00:00:00.000;177;UGB ;3;0;8997
2017-02-18 00:00:00.000;295;UGB ;4;0;8998
2017-02-18 00:00:00.000;249;UGB ;;0;8999
2017-02-18 00:00:00.000;228;UGB ;3;0;9000
2017-02-18 00:00:00.000;163;UGB ;3;0;9001
2017-02-18 00:00:00.000;287;UGB ;4;0;9002
2017-02-18 00:00:00.000;205;UGB ;3;0;9003
2017-02-18 00:00:00.000;245;UGB ;1;0;9004
2017-02-18 00:00:00.000;281;UGB ;4;0;9005
2017-02-18 00:00:00.000;238;UGB ;3;0;9006
2017-02-18 00:00:00.000;245;UGB ;;0;9007
2017-02-18 00:00:00.000;224;UGB ;;0;9008
2017-02-18 00:00:00.000;287;UGB ;3;0;9009
2017-02-18 00:00:00.000;113;UGB ;;0;9010
2017-02-18 00:00:00.000;278;UGB ;;0;9011
2017-02-18 00:00:00.000;165;UGB ;1;0;9012
2017-02-18 00:00:00.000;201;UGB ;3;0;9013
2017-02-18 00:00:00.000;292;UGB ;;0;9014
2017-02-18 00:00:00.000;218;UGB ;;0;9015
2017-02-18 00:00:00.000;134;UGB ;;0;9016
2017-02-18 00:00:00.000;176;UGB ;4;0;9017
2017-02-18 00:00:00.000;176;UGB ;3;0;9018
2017-03-18 00:00:00.000;254;UGB ;3;0;9019
2017-03-18 00:00:00.000;240;UGB ;3;0;9020
2017-03-18 00:00:00.000;216;UGB ;3;0;9021
2017-03-18 00:00:00.000;250;UGB ;4;0;9022
2017-03-18 00:00:00.000;227;UGB ;1;0;9023
2017-03-18 00:00:00.000;121;UGB ;4;0;9024
2017-03-18 00:00:00.000;259;UGB ;4;0;9025
2017-03-18 00:00:00.000;279;UGB ;4;0;9026
2017-03-18 00:00:00.000;277;UGB ;;0;9027
2017-03-18 00:00:00.000;277;UGB ;;0;9028
2017-03-18 00:00:00.000;258;UGB ;1;0;9029
2017-03-18 00:00:00.000;225;UGB ;4;0;9030
2017-03-18 00:00:00.000;293;UGB ;1;0;9031
2017-03-18 00:00:00.000;221;UGB ;4;0;9032
2017-03-18 00:00:00.000;201;UGB ;4;0;9033
2017-03-18 00:00:00.000;251;UGB ;;0;9034
2017-03-18 00:00:00.000;244;UGB ;;0;9035
2017-03-18 00:00:00.000;264;UGB ;3;0;9036
2017-03-18 00:00:00.000;158;UGB ;1;0;9037
2017-03-18 00:00:00.000;190;UGB ;;0;9038
2017-03-18 00:00:00.000;243;UGB ;;0;9039
2017-03-18 00:00:00.000;114;UGB ;;0;9040
2017-03-18 00:00:00.000;125;UGB ;3;0;9041
2017-03-18 00:00:00.000;196;UGB ;4;0;9042
2017-03-18 00:00:00.000;202;UGB ;1;0;9043
2017-03-18 00:00:00.000;129;UGB ;;0;9044
2017-04-18 00:00:00.000;165;WAO ;3;0;9045
2017-04-18 00:00:00.000;270;WAO ;3;0;9046
2017-04-18 00:00:00.000;119;WAO ;3;0;9047
2017-04-18 00:00:00.000;262;WAO ;4;0;9048
2017-04-18 00:00:00.000;256;WAO ;;0;9049
2017-04-18 00:00:00.000;223;WAO ;4;0;9050
2017-04-18 00:00:00.000;156;WAO ;3;0;9051
2017-04-18 00:00:00.000;168;WAO ;4;0;9052
2017-04-18 00:00:00.000;211;WAO ;1;0;9053
2017-04-18 00:00:00.000;288;WAO ;;0;9054
2017-04-18 00:00:00.000;237;WAO ;;0;9055
2017-04-18 00:00:00.000;129;WAO ;4;0;9056
2017-04-18 00:00:00.000;275;WAO ;3;0;9057
2017-04-18 00:00:00.000;152;WAO ;3;0;9058
2017-11-18 00:00:00.000;205;8080;4;0;9059
2017-11-18 00:00:00.000;215;8080;4;0;9060
2017-11-18 00:00:00.000;248;8080;3;0;9061
2017-11-18 00:00:00.000;294;8080;1;0;9062
2017-11-18 00:00:00.000;209;8080;4;0;9063
2017-11-18 00:00:00.000;190;8080;1;0;9064
2017-11-18 00:00:00.000;221;8080;1;0;9065
2017-11-18 00:00:00.000;207;8080;1;0;9066
2017-11-18 00:00:00.000;175;8080;1;0;9067
2017-11-18 00:00:00.000;205;8080;3;0;9068
2017-11-18 00:00:00.000;229;8080;4;0;9069
2017-11-18 00:00:00.000;256;8080;1;0;9070
2017-11-18 00:00:00.000;188;8080;1;0;9071
2017-11-18 00:00:00.000;272;8080;;0;9072
2017-11-18 00:00:00.000;141;8080;3;0;9073
2017-11-18 00:00:00.000;216;8080;3;0;9074
2017-11-18 00:00:00.000;205;8080;1;0;9075
2017-11-18 00:00:00.000;248;8080;;0;9076
2017-11-18 00:00:00.000;150;8080;3;0;9077
2017-11-18 00:00:00.000;272;8080;;0;9078
2017-11-18 00:00:00.000;198;8080;1;0;9079
2017-12-18 00:00:00.000;248;8080;1;0;9080
2017-12-18 00:00:00.000;207;8080;4;0;9081
2017-12-18 00:00:00.000;219;8080;1;0;9082
2017-12-18 00:00:00.000;202;8080;3;28,9;9083
2017-12-18 00:00:00.000;111;8080;4;0;9084
2017-12-18 00:00:00.000;146;8080;;0;9085
2017-12-18 00:00:00.000;299;8080;3;0;9086
2017-12-18 00:00:00.000;137;8080;;0;9087
2017-12-18 00:00:00.000;174;8080;1;0;9088
2017-12-18 00:00:00.000;242;8080;4;0;9089
2017-12-18 00:00:00.000;187;8080;1;0;9090
2017-12-18 00:00:00.000;125;8080;;0;9091
2017-12-18 00:00:00.000;262;8080;;0;9092
2017-12-18 00:00:00.000;124;8080;1;0;9093
2017-12-18 00:00:00.000;233;8080;4;0;9094
2017-12-18 00:00:00.000;192;8080;1;0;9095
2017-12-18 00:00:00.000;138;8080;3;0;9096
2017-12-18 00:00:00.000;214;8080;4;0;9097
2017-12-18 00:00:00.000;144;8080;4;0;9098
2017-12-18 00:00:00.000;271;8080;1;0;9099
2017-12-18 00:00:00.000;139;8080;4;0;9100
2017-12-18 00:00:00.000;218;8080;3;0;9101
2017-12-18 00:00:00.000;117;8080;3;0;9102
2017-12-18 00:00:00.000;258;8080;1;0;9103
2017-12-18 00:00:00.000;189;8080;3;0;9104
2017-12-18 00:00:00.000;153;8080;3;0;9105
2017-12-18 00:00:00.000;149;8080;3;0;9106
2017-12-18 00:00:00.000;121;8080;1;0;9107
2017-12-18 00:00:00.000;134;8080;4;0;9108
2017-12-18 00:00:00.000;306;8080;1;0;9109
2017-12-18 00:00:00.000;264;8080;1;0;9110
2017-12-18 00:00:00.000;269;8080;1;0;9111
2017-12-18 00:00:00.000;272;8080;1;0;9112
2017-12-18 00:00:00.000;236;8080;1;0;9113
2017-12-18 00:00:00.000;154;8080;4;0;9114
2017-12-18 00:00:00.000;305;8080;1;0;9115
2017-12-18 00:00:00.000;149;8080;1;0;9116
2017-12-18 00:00:00.000;236;8080;4;0;9117
2017-12-18 00:00:00.000;302;8080;1;0;9118
2017-12-18 00:00:00.000;137;8080;1;0;9119
2017-12-18 00:00:00.000;148;8080;4;0;9120
2017-12-18 00:00:00.000;153;8080;3;0;9121
2017-12-18 00:00:00.000;183;8080;1;0;9122
2017-12-18 00:00:00.000;300;8080;;0;9123
2017-12-18 00:00:00.000;205;8080;;0;9124
2017-12-18 00:00:00.000;186;8080;3;0;9125
2017-12-18 00:00:00.000;153;8080;3;0;9126
2017-12-18 00:00:00.000;272;8080;3;0;9127
2017-12-18 00:00:00.000;170;8080;3;0;9128
2017-12-18 00:00:00.000;233;8080;3;0;9129
2017-12-18 00:00:00.000;246;8080;1;0;9130
2017-12-18 00:00:00.000;249;8080;;0;9131
2017-12-18 00:00:00.000;293;8080;4;0;9132
2017-12-18 00:00:00.000;148;8080;4;0;9133
2017-12-18 00:00:00.000;222;8080;1;0;9134
2017-12-18 00:00:00.000;181;8080;4;0;9135
2017-12-18 00:00:00.000;196;8080;3;0;9136
2017-12-18 00:00:00.000;122;8080;4;0;9137
2017-12-18 00:00:00.000;143;8080;;0;9138
2017-12-18 00:00:00.000;195;8080;;0;9139
2017-12-18 00:00:00.000;136;8080;;0;9140
2017-12-18 00:00:00.000;250;8080;;0;9141
2017-12-18 00:00:00.000;303;8080;1;0;9142
2017-12-18 00:00:00.000;307;8080;3;0;9143
2017-12-18 00:00:00.000;168;8080;3;0;9144
2017-12-18 00:00:00.000;124;8080;4;0;9145
2017-12-18 00:00:00.000;165;8080;1;0;9146
2017-12-18 00:00:00.000;151;8080;4;0;9147
2017-12-18 00:00:00.000;296;8080;3;0;9148
2017-12-18 00:00:00.000;178;8080;1;0;9149
2017-12-18 00:00:00.000;243;8080;1;0;9150
2017-12-18 00:00:00.000;268;8080;1;0;9151
2017-12-18 00:00:00.000;240;8080;4;0;9152
2017-12-18 00:00:00.000;164;8080;3;0;9153
2017-12-18 00:00:00.000;285;8080;1;0;9154
2017-12-18 00:00:00.000;297;8080;1;0;9155
2017-12-18 00:00:00.000;168;8080;3;0;9156
2017-12-18 00:00:00.000;275;8080;1;0;9157
2017-12-18 00:00:00.000;135;8080;3;0;9158
2017-12-18 00:00:00.000;169;8080;4;0;9159
2017-12-18 00:00:00.000;143;8080;;0;9160
2017-12-18 00:00:00.000;200;8080;3;0;9161
2017-12-18 00:00:00.000;296;8080;1;0;9162
2017-12-18 00:00:00.000;164;8080;1;0;9163
2017-12-18 00:00:00.000;229;8080;1;0;9164
2017-12-18 00:00:00.000;242;8080;4;0;9165
2017-12-18 00:00:00.000;153;8080;1;0;9166
2017-12-18 00:00:00.000;144;8080;4;0;9167
2017-12-18 00:00:00.000;192;8080;4;0;9168
2017-12-18 00:00:00.000;247;8080;4;0;9169
2017-12-18 00:00:00.000;149;8080;;0;9170
2017-12-18 00:00:00.000;254;8080;4;0;9171
2017-12-18 00:00:00.000;190;8080;1;0;9172
2017-12-18 00:00:00.000;300;8080;1;0;9173
2017-12-18 00:00:00.000;178;8080;3;0;9174
2017-12-18 00:00:00.000;159;8080;3;0;9175
2017-12-18 00:00:00.000;280;8080;4;0;9176
2017-12-18 00:00:00.000;151;8080;3;0;9177
2017-12-18 00:00:00.000;127;8080;4;0;9178
2017-12-18 00:00:00.000;268;8080;3;0;9179
2017-12-18 00:00:00.000;250;8080;;0;9180
2017-12-18 00:00:00.000;241;8080;1;0;9181
2017-12-18 00:00:00.000;183;8080;1;0;9182
2017-12-18 00:00:00.000;204;8080;1;0;9183
2017-01-19 00:00:00.000;148;UGB ;4;0;9184
2017-01-19 00:00:00.000;311;UGB ;3;0;9185
2017-01-19 00:00:00.000;257;UGB ;1;0;9186
2017-01-19 00:00:00.000;268;UGB ;4;0;9187
2017-01-19 00:00:00.000;155;UGB ;1;0;9188
2017-01-19 00:00:00.000;198;UGB ;4;0;9189
2017-01-19 00:00:00.000;138;UGB ;3;0;9190
2017-01-19 00:00:00.000;208;UGB ;1;0;9191
2017-01-19 00:00:00.000;213;UGB ;3;0;9192
2017-01-19 00:00:00.000;155;UGB ;1;0;9193
2017-01-19 00:00:00.000;130;UGB ;3;0;9194
2017-01-19 00:00:00.000;255;UGB ;;0;9195
2017-01-19 00:00:00.000;301;UGB ;3;0;9196
2017-01-19 00:00:00.000;219;UGB ;1;0;9197
2017-01-19 00:00:00.000;150;UGB ;;0;9198
2017-01-19 00:00:00.000;140;UGB ;;0;9199
2017-01-19 00:00:00.000;295;UGB ;;0;9200
2017-01-19 00:00:00.000;147;UGB ;;0;9201
2017-01-19 00:00:00.000;248;UGB ;4;0;9202
2017-01-19 00:00:00.000;175;UGB ;;0;9203
2017-01-19 00:00:00.000;156;UGB ;1;0;9204
2017-01-19 00:00:00.000;312;UGB ;4;0;9205
2017-01-19 00:00:00.000;161;UGB ;;0;9206
2017-01-19 00:00:00.000;148;UGB ;1;0;9207
2017-01-19 00:00:00.000;179;UGB ;1;0;9208
2017-01-19 00:00:00.000;274;UGB ;1;0;9209
2017-02-19 00:00:00.000;169;UGB ;3;0;9210
2017-02-19 00:00:00.000;175;UGB ;;0;9211
2017-02-19 00:00:00.000;289;UGB ;4;0;9212
2017-02-19 00:00:00.000;180;UGB ;3;0;9213
2017-02-19 00:00:00.000;276;UGB ;3;0;9214
2017-02-19 00:00:00.000;279;UGB ;;0;9215
2017-02-19 00:00:00.000;130;UGB ;;0;9216
2017-02-19 00:00:00.000;295;UGB ;3;0;9217
2017-02-19 00:00:00.000;157;UGB ;4;0;9218
2017-02-19 00:00:00.000;117;UGB ;4;0;9219
2017-02-19 00:00:00.000;240;UGB ;4;0;9220
2017-02-19 00:00:00.000;135;UGB ;;0;9221
2017-02-19 00:00:00.000;125;UGB ;3;0;9222
2017-02-19 00:00:00.000;303;UGB ;4;0;9223
2017-02-19 00:00:00.000;180;UGB ;4;0;9224
2017-02-19 00:00:00.000;275;UGB ;;0;9225
2017-02-19 00:00:00.000;154;UGB ;;0;9226
2017-02-19 00:00:00.000;213;UGB ;3;0;9227
2017-02-19 00:00:00.000;243;UGB ;3;0;9228
2017-02-19 00:00:00.000;225;UGB ;1;0;9229
2017-02-19 00:00:00.000;278;UGB ;;0;9230
2017-02-19 00:00:00.000;142;UGB ;4;0;9231
2017-02-19 00:00:00.000;179;UGB ;;0;9232
2017-02-19 00:00:00.000;200;UGB ;3;0;9233
2017-03-19 00:00:00.000;205;UGB ;1;0;9234
2017-03-19 00:00:00.000;150;UGB ;4;0;9235
2017-03-19 00:00:00.000;250;UGB ;4;0;9236
2017-03-19 00:00:00.000;283;UGB ;;0;9237
2017-03-19 00:00:00.000;286;UGB ;1;0;9238
2017-03-19 00:00:00.000;223;UGB ;4;0;9239
2017-03-19 00:00:00.000;139;UGB ;1;0;9240
2017-03-19 00:00:00.000;164;UGB ;3;0;9241
2017-04-19 00:00:00.000;297;WAO ;1;0;9242
2017-04-19 00:00:00.000;228;WAO ;4;0;9243
2017-04-19 00:00:00.000;246;WAO ;4;0;9244
2017-04-19 00:00:00.000;248;WAO ;;0;9245
2017-04-19 00:00:00.000;215;WAO ;1;0;9246
2017-04-19 00:00:00.000;174;WAO ;1;0;9247
2017-04-19 00:00:00.000;143;WAO ;3;0;9248
2017-04-19 00:00:00.000;267;WAO ;1;0;9249
2017-04-19 00:00:00.000;175;WAO ;3;0;9250
2017-04-19 00:00:00.000;229;WAO ;1;0;9251
2017-04-19 00:00:00.000;165;WAO ;;0;9252
2017-04-19 00:00:00.000;159;WAO ;;0;9253
2017-04-19 00:00:00.000;134;WAO ;4;0;9254
2017-11-19 00:00:00.000;113;8080;4;0;9255
2017-11-19 00:00:00.000;261;8080;3;0;9256
2017-11-19 00:00:00.000;259;8080;4;0;9257
2017-11-19 00:00:00.000;139;8080;3;0;9258
2017-11-19 00:00:00.000;277;8080;3;0;9259
2017-11-19 00:00:00.000;238;8080;3;0;9260
2017-11-19 00:00:00.000;256;8080;4;0;9261
2017-11-19 00:00:00.000;115;8080;4;0;9262
2017-11-19 00:00:00.000;154;8080;;0;9263
2017-11-19 00:00:00.000;225;8080;1;0;9264
2017-11-19 00:00:00.000;114;8080;3;0;9265
2017-11-19 00:00:00.000;310;8080;4;0;9266
2017-11-19 00:00:00.000;200;8080;1;0;9267
2017-11-19 00:00:00.000;211;8080;3;0;9268
2017-11-19 00:00:00.000;193;8080;3;0;9269
2017-11-19 00:00:00.000;172;8080;4;0;9270
2017-11-19 00:00:00.000;221;8080;3;0;9271
2017-11-19 00:00:00.000;227;8080;4;0;9272
2017-11-19 00:00:00.000;301;8080;1;0;9273
2017-11-19 00:00:00.000;253;8080;1;0;9274
2017-11-19 00:00:00.000;197;8080;3;0;9275
2017-11-19 00:00:00.000;237;8080;1;0;9276
2017-11-19 00:00:00.000;246;8080;1;0;9277
2017-11-19 00:00:00.000;175;8080;1;0;9278
2017-11-19 00:00:00.000;215;8080;3;0;9279
2017-11-19 00:00:00.000;198;8080;4;0;9280
2017-11-19 00:00:00.000;216;8080;1;0;9281
2017-11-19 00:00:00.000;163;8080;4;0;9282
2017-11-19 00:00:00.000;219;8080;;0;9283
2017-11-19 00:00:00.000;238;8080;;0;9284
2017-11-19 00:00:00.000;299;8080;4;0;9285
2017-11-19 00:00:00.000;287;8080;1;0;9286
2017-11-19 00:00:00.000;235;8080;4;0;9287
2017-11-19 00:00:00.000;311;8080;;0;9288
2017-11-19 00:00:00.000;290;8080;1;0;9289
2017-12-19 00:00:00.000;134;8080;4;0;9290
2017-12-19 00:00:00.000;228;8080;1;0;9291
2017-12-19 00:00:00.000;264;8080;1;0;9292
2017-12-19 00:00:00.000;312;8080;3;0;9293
2017-12-19 00:00:00.000;212;8080;3;0;9294
2017-12-19 00:00:00.000;254;8080;1;0;9295
2017-12-19 00:00:00.000;226;8080;4;0;9296
2017-12-19 00:00:00.000;174;8080;1;0;9297
2017-12-19 00:00:00.000;240;8080;;0;9298
2017-12-19 00:00:00.000;185;8080;1;0;9299
2017-12-19 00:00:00.000;111;8080;1;0;9300
2017-12-19 00:00:00.000;219;8080;1;0;9301
2017-12-19 00:00:00.000;197;8080;3;0;9302
2017-12-19 00:00:00.000;112;8080;3;0;9303
2017-12-19 00:00:00.000;309;8080;1;0;9304
2017-12-19 00:00:00.000;287;8080;1;0;9305
2017-12-19 00:00:00.000;255;8080;;0;9306
2017-12-19 00:00:00.000;167;8080;1;0;9307
2017-12-19 00:00:00.000;132;8080;1;0;9308
2017-12-19 00:00:00.000;244;8080;1;0;9309
2017-12-19 00:00:00.000;164;8080;3;0;9310
2017-12-19 00:00:00.000;230;8080;1;0;9311
2017-12-19 00:00:00.000;112;8080;;0;9312
2017-12-19 00:00:00.000;121;8080;4;0;9313
2017-12-19 00:00:00.000;166;8080;3;0;9314
2017-12-19 00:00:00.000;117;8080;3;0;9315
2017-12-19 00:00:00.000;134;8080;4;0;9316
2017-12-19 00:00:00.000;113;8080;4;0;9317
2017-12-19 00:00:00.000;145;8080;1;0;9318
2017-12-19 00:00:00.000;217;8080;1;0;9319
2017-12-19 00:00:00.000;275;8080;4;0;9320
2017-12-19 00:00:00.000;210;8080;4;0;9321
2017-12-19 00:00:00.000;203;8080;1;0;9322
2017-12-19 00:00:00.000;127;8080;3;0;9323
2017-12-19 00:00:00.000;268;8080;4;0;9324
2017-12-19 00:00:00.000;116;8080;;0;9325
2017-12-19 00:00:00.000;211;8080;3;0;9326
2017-12-19 00:00:00.000;231;8080;4;0;9327
2017-12-19 00:00:00.000;300;8080;1;0;9328
2017-12-19 00:00:00.000;214;8080;;0;9329
2017-12-19 00:00:00.000;155;8080;;0;9330
2017-12-19 00:00:00.000;264;8080;1;0;9331
2017-12-19 00:00:00.000;226;8080;1;0;9332
2017-12-19 00:00:00.000;287;8080;4;0;9333
2017-12-19 00:00:00.000;147;8080;3;0;9334
2017-12-19 00:00:00.000;273;8080;3;0;9335
2017-12-19 00:00:00.000;143;8080;1;0;9336
2017-12-19 00:00:00.000;282;8080;3;0;9337
2017-12-19 00:00:00.000;131;8080;4;0;9338
2017-12-19 00:00:00.000;120;8080;1;0;9339
2017-12-19 00:00:00.000;278;8080;1;0;9340
2017-12-19 00:00:00.000;149;8080;3;0;9341
2017-12-19 00:00:00.000;171;8080;4;0;9342
2017-12-19 00:00:00.000;264;8080;3;0;9343
2017-12-19 00:00:00.000;126;8080;3;0;9344
2017-12-19 00:00:00.000;245;8080;4;0;9345
2017-12-19 00:00:00.000;235;8080;1;0;9346
2017-12-19 00:00:00.000;142;8080;1;0;9347
2017-12-19 00:00:00.000;130;8080;1;0;9348
2017-12-19 00:00:00.000;115;8080;4;0;9349
2017-12-19 00:00:00.000;145;8080;3;0;9350
2017-12-19 00:00:00.000;153;8080;4;0;9351
2017-12-19 00:00:00.000;154;8080;4;0;9352
2017-12-19 00:00:00.000;180;8080;1;0;9353
2017-12-19 00:00:00.000;205;8080;1;0;9354
2017-12-19 00:00:00.000;147;8080;;0;9355
2017-12-19 00:00:00.000;258;8080;3;0;9356
2017-12-19 00:00:00.000;179;8080;3;0;9357
2017-12-19 00:00:00.000;269;8080;1;0;9358
2017-12-19 00:00:00.000;134;8080;4;0;9359
2017-12-19 00:00:00.000;199;8080;3;0;9360
2017-12-19 00:00:00.000;113;8080;4;0;9361
2017-12-19 00:00:00.000;141;8080;;0;9362
2017-12-19 00:00:00.000;308;8080;1;0;9363
2017-12-19 00:00:00.000;242;8080;1;0;9364
2017-12-19 00:00:00.000;182;8080;;0;9365
2017-12-19 00:00:00.000;294;8080;4;0;9366
2017-12-19 00:00:00.000;168;8080;1;0;9367
2017-12-19 00:00:00.000;145;8080;4;0;9368
2017-12-19 00:00:00.000;121;8080;1;0;9369
2017-12-19 00:00:00.000;306;8080;3;0;9370
2017-12-19 00:00:00.000;141;8080;3;0;9371
2017-12-19 00:00:00.000;260;8080;1;0;9372
2017-12-19 00:00:00.000;195;8080;4;0;9373
2017-12-19 00:00:00.000;170;8080;4;0;9374
2017-12-19 00:00:00.000;228;8080;1;0;9375
2017-12-19 00:00:00.000;164;8080;1;0;9376
2017-12-19 00:00:00.000;281;8080;1;0;9377
2017-12-19 00:00:00.000;206;8080;1;0;9378
2017-12-19 00:00:00.000;298;8080;3;0;9379
2017-12-19 00:00:00.000;211;8080;1;0;9380
2017-12-19 00:00:00.000;201;8080;1;0;9381
2017-12-19 00:00:00.000;301;8080;1;0;9382
2017-12-19 00:00:00.000;254;8080;4;0;9383
2017-12-19 00:00:00.000;239;8080;4;0;9384
2017-12-19 00:00:00.000;170;8080;4;0;9385
2017-12-19 00:00:00.000;208;8080;1;0;9386
2017-12-19 00:00:00.000;230;8080;1;0;9387
2017-12-19 00:00:00.000;240;8080;1;0;9388
2017-12-19 00:00:00.000;309;8080;;0;9389
2017-12-19 00:00:00.000;300;8080;3;0;9390
2017-12-19 00:00:00.000;292;8080;3;0;9391
2017-12-19 00:00:00.000;250;8080;3;0;9392
2017-12-19 00:00:00.000;144;8080;3;0;9393
2017-12-19 00:00:00.000;287;8080;4;0;9394
2017-12-19 00:00:00.000;228;8080;4;0;9395
2017-12-19 00:00:00.000;205;8080;4;0;9396
2017-12-19 00:00:00.000;289;8080;3;0;9397
2017-12-19 00:00:00.000;203;8080;3;0;9398
2017-12-19 00:00:00.000;212;8080;1;0;9399
2017-12-19 00:00:00.000;271;8080;1;0;9400
2017-12-19 00:00:00.000;307;8080;1;0;9401
2017-12-19 00:00:00.000;297;8080;4;0;9402
2017-12-19 00:00:00.000;168;8080;1;0;9403
2017-12-19 00:00:00.000;134;8080;1;0;9404
2017-12-19 00:00:00.000;199;8080;1;0;9405
2017-12-19 00:00:00.000;166;8080;1;0;9406
2017-12-19 00:00:00.000;150;8080;3;0;9407
2017-12-19 00:00:00.000;273;8080;4;0;9408
2017-12-19 00:00:00.000;307;8080;1;0;9409
2017-12-19 00:00:00.000;120;8080;4;0;9410
2017-12-19 00:00:00.000;255;8080;4;0;9411
2017-12-19 00:00:00.000;249;8080;4;0;9412
2017-12-19 00:00:00.000;254;8080;;0;9413
2017-12-19 00:00:00.000;196;8080;4;0;9414
2017-12-19 00:00:00.000;268;8080;3;0;9415
2017-12-19 00:00:00.000;274;8080;4;0;9416
2017-12-19 00:00:00.000;261;8080;1;0;9417
2017-12-19 00:00:00.000;193;8080;3;0;9418
2017-12-19 00:00:00.000;211;8080;4;0;9419
2017-12-19 00:00:00.000;197;8080;;0;9420
2017-12-19 00:00:00.000;137;8080;1;0;9421
2017-12-19 00:00:00.000;238;8080;3;0;9422
2017-12-19 00:00:00.000;283;8080;1;0;9423
2017-12-19 00:00:00.000;230;8080;3;0;9424
2017-12-19 00:00:00.000;193;8080;1;0;9425
2017-12-19 00:00:00.000;251;8080;4;0;9426
2017-12-19 00:00:00.000;238;8080;;0;9427
2017-12-19 00:00:00.000;301;8080;4;0;9428
2017-01-20 00:00:00.000;138;UGB ;3;0;9429
2017-01-20 00:00:00.000;119;UGB ;4;0;9430
2017-01-20 00:00:00.000;142;UGB ;;0;9431
2017-01-20 00:00:00.000;146;UGB ;4;0;9432
2017-01-20 00:00:00.000;127;UGB ;;0;9433
2017-01-20 00:00:00.000;214;UGB ;1;0;9434
2017-01-20 00:00:00.000;279;UGB ;4;0;9435
2017-01-20 00:00:00.000;302;UGB ;1;0;9436
2017-01-20 00:00:00.000;203;UGB ;;0;9437
2017-01-20 00:00:00.000;205;UGB ;1;0;9438
2017-01-20 00:00:00.000;208;UGB ;1;0;9439
2017-01-20 00:00:00.000;297;UGB ;;0;9440
2017-01-20 00:00:00.000;211;UGB ;1;0;9441
2017-01-20 00:00:00.000;239;UGB ;3;0;9442
2017-01-20 00:00:00.000;196;UGB ;;0;9443
2017-02-20 00:00:00.000;141;UGB ;4;0;9444
2017-02-20 00:00:00.000;275;UGB ;1;0;9445
2017-02-20 00:00:00.000;172;UGB ;4;0;9446
2017-02-20 00:00:00.000;171;UGB ;4;0;9447
2017-02-20 00:00:00.000;116;UGB ;3;0;9448
2017-02-20 00:00:00.000;242;UGB ;;0;9449
2017-02-20 00:00:00.000;192;UGB ;3;0;9450
2017-02-20 00:00:00.000;307;UGB ;;0;9451
2017-02-20 00:00:00.000;212;UGB ;;0;9452
2017-02-20 00:00:00.000;215;UGB ;1;0;9453
2017-02-20 00:00:00.000;132;UGB ;1;0;9454
2017-02-20 00:00:00.000;268;UGB ;4;0;9455
2017-02-20 00:00:00.000;246;UGB ;;0;9456
2017-02-20 00:00:00.000;166;UGB ;;0;9457
2017-02-20 00:00:00.000;304;UGB ;1;0;9458
2017-02-20 00:00:00.000;241;UGB ;3;0;9459
2017-02-20 00:00:00.000;223;UGB ;4;0;9460
2017-02-20 00:00:00.000;165;UGB ;3;0;9461
2017-02-20 00:00:00.000;168;UGB ;1;0;9462
2017-02-20 00:00:00.000;213;UGB ;4;0;9463
2017-02-20 00:00:00.000;259;UGB ;;0;9464
2017-02-20 00:00:00.000;291;UGB ;;0;9465
2017-02-20 00:00:00.000;225;UGB ;;0;9466
2017-02-20 00:00:00.000;199;UGB ;;0;9467
2017-02-20 00:00:00.000;241;UGB ;1;0;9468
2017-03-20 00:00:00.000;224;UGB ;3;0;9469
2017-03-20 00:00:00.000;186;UGB ;3;0;9470
2017-03-20 00:00:00.000;130;UGB ;3;0;9471
2017-03-20 00:00:00.000;238;UGB ;1;0;9472
2017-03-20 00:00:00.000;115;UGB ;;0;9473
2017-03-20 00:00:00.000;218;UGB ;3;0;9474
2017-03-20 00:00:00.000;250;UGB ;1;0;9475
2017-03-20 00:00:00.000;289;UGB ;;0;9476
2017-03-20 00:00:00.000;183;UGB ;;0;9477
2017-03-20 00:00:00.000;199;UGB ;1;0;9478
2017-03-20 00:00:00.000;131;UGB ;;0;9479
2017-04-20 00:00:00.000;205;WAO ;3;0;9480
2017-04-20 00:00:00.000;255;WAO ;4;0;9481
2017-04-20 00:00:00.000;227;WAO ;4;0;9482
2017-04-20 00:00:00.000;132;WAO ;1;0;9483
2017-04-20 00:00:00.000;124;WAO ;3;0;9484
2017-04-20 00:00:00.000;129;WAO ;1;0;9485
2017-04-20 00:00:00.000;194;WAO ;1;0;9486
2017-04-20 00:00:00.000;153;WAO ;4;0;9487
2017-04-20 00:00:00.000;187;WAO ;3;0;9488
2017-04-20 00:00:00.000;244;WAO ;1;0;9489
2017-04-20 00:00:00.000;287;WAO ;3;0;9490
2017-04-20 00:00:00.000;236;WAO ;;0;9491
2017-04-20 00:00:00.000;179;WAO ;3;0;9492
2017-04-20 00:00:00.000;188;WAO ;3;0;9493
2017-04-20 00:00:00.000;276;WAO ;1;0;9494
2017-04-20 00:00:00.000;193;WAO ;3;0;9495
2017-04-20 00:00:00.000;149;WAO ;1;0;9496
2017-11-20 00:00:00.000;273;8080;;0;9497
2017-11-20 00:00:00.000;134;8080;3;0;9498
2017-11-20 00:00:00.000;169;8080;1;0;9499
2017-11-20 00:00:00.000;126;8080;4;0;9500
2017-11-20 00:00:00.000;229;8080;3;0;9501
2017-11-20 00:00:00.000;115;8080;;0;9502
2017-11-20 00:00:00.000;200;8080;3;0;9503
2017-11-20 00:00:00.000;171;8080;4;0;9504
2017-11-20 00:00:00.000;274;8080;;0;9505
2017-11-20 00:00:00.000;247;8080;4;0;9506
2017-12-20 00:00:00.000;126;8080;4;0;9507
2017-12-20 00:00:00.000;294;8080;3;0;9508
2017-12-20 00:00:00.000;240;8080;4;0;9509
2017-12-20 00:00:00.000;221;8080;4;0;9510
2017-12-20 00:00:00.000;250;8080;4;0;9511
2017-12-20 00:00:00.000;222;8080;;0;9512
2017-12-20 00:00:00.000;254;8080;;0;9513
2017-12-20 00:00:00.000;111;8080;1;0;9514
2017-12-20 00:00:00.000;202;8080;1;0;9515
2017-12-20 00:00:00.000;232;8080;1;0;9516
2017-12-20 00:00:00.000;165;8080;1;0;9517
2017-12-20 00:00:00.000;293;8080;4;0;9518
2017-12-20 00:00:00.000;262;8080;3;0;9519
2017-12-20 00:00:00.000;154;8080;1;0;9520
2017-12-20 00:00:00.000;259;8080;1;0;9521
2017-12-20 00:00:00.000;296;8080;1;0;9522
2017-12-20 00:00:00.000;310;8080;4;0;9523
2017-12-20 00:00:00.000;121;8080;3;0;9524
2017-12-20 00:00:00.000;210;8080;4;0;9525
2017-12-20 00:00:00.000;252;8080;3;0;9526
2017-12-20 00:00:00.000;181;8080;4;0;9527
2017-12-20 00:00:00.000;113;8080;4;0;9528
2017-12-20 00:00:00.000;157;8080;;0;9529
2017-12-20 00:00:00.000;301;8080;1;0;9530
2017-12-20 00:00:00.000;215;8080;4;0;9531
2017-12-20 00:00:00.000;232;8080;4;0;9532
2017-12-20 00:00:00.000;223;8080;4;0;9533
2017-12-20 00:00:00.000;144;8080;4;0;9534
2017-12-20 00:00:00.000;246;8080;3;0;9535
2017-12-20 00:00:00.000;126;8080;4;0;9536
2017-12-20 00:00:00.000;169;8080;;0;9537
2017-12-20 00:00:00.000;113;8080;1;0;9538
2017-12-20 00:00:00.000;172;8080;3;0;9539
2017-12-20 00:00:00.000;284;8080;1;0;9540
2017-12-20 00:00:00.000;307;8080;4;0;9541
2017-12-20 00:00:00.000;243;8080;3;0;9542
2017-12-20 00:00:00.000;259;8080;4;0;9543
2017-12-20 00:00:00.000;210;8080;1;0;9544
2017-12-20 00:00:00.000;140;8080;1;0;9545
2017-12-20 00:00:00.000;282;8080;4;0;9546
2017-12-20 00:00:00.000;252;8080;1;0;9547
2017-12-20 00:00:00.000;124;8080;;0;9548
2017-12-20 00:00:00.000;220;8080;3;0;9549
2017-12-20 00:00:00.000;275;8080;1;0;9550
2017-12-20 00:00:00.000;230;8080;4;0;9551
2017-12-20 00:00:00.000;160;8080;3;0;9552
2017-12-20 00:00:00.000;261;8080;4;0;9553
2017-12-20 00:00:00.000;158;8080;1;0;9554
2017-12-20 00:00:00.000;311;8080;4;0;9555
2017-12-20 00:00:00.000;133;8080;1;0;9556
2017-12-20 00:00:00.000;225;8080;1;0;9557
2017-12-20 00:00:00.000;231;8080;3;0;9558
2017-12-20 00:00:00.000;127;8080;3;0;9559
2017-12-20 00:00:00.000;195;8080;;0;9560
2017-12-20 00:00:00.000;113;8080;1;0;9561
2017-12-20 00:00:00.000;160;8080;4;0;9562
2017-12-20 00:00:00.000;121;8080;;0;9563
2017-12-20 00:00:00.000;115;8080;1;0;9564
2017-12-20 00:00:00.000;228;8080;1;0;9565
2017-12-20 00:00:00.000;117;8080;1;0;9566
2017-12-20 00:00:00.000;165;8080;3;0;9567
2017-12-20 00:00:00.000;166;8080;1;0;9568
2017-12-20 00:00:00.000;283;8080;1;0;9569
2017-12-20 00:00:00.000;272;8080;1;0;9570
2017-12-20 00:00:00.000;133;8080;;0;9571
2017-12-20 00:00:00.000;196;8080;1;0;9572
2017-12-20 00:00:00.000;229;8080;3;0;9573
2017-12-20 00:00:00.000;220;8080;1;0;9574
2017-12-20 00:00:00.000;237;8080;1;0;9575
2017-12-20 00:00:00.000;185;8080;3;0;9576
2017-12-20 00:00:00.000;220;8080;1;0;9577
2017-12-20 00:00:00.000;126;8080;1;0;9578
2017-12-20 00:00:00.000;115;8080;1;0;9579
2017-12-20 00:00:00.000;304;8080;4;0;9580
2017-12-20 00:00:00.000;118;8080;1;0;9581
2017-12-20 00:00:00.000;246;8080;4;0;9582
2017-12-20 00:00:00.000;247;8080;3;0;9583
2017-12-20 00:00:00.000;241;8080;3;0;9584
2017-12-20 00:00:00.000;200;8080;1;0;9585
2017-12-20 00:00:00.000;250;8080;1;0;9586
2017-12-20 00:00:00.000;312;8080;1;0;9587
2017-12-20 00:00:00.000;209;8080;3;0;9588
2017-12-20 00:00:00.000;279;8080;1;0;9589
2017-12-20 00:00:00.000;229;8080;1;0;9590
2017-12-20 00:00:00.000;230;8080;4;0;9591
2017-12-20 00:00:00.000;157;8080;4;0;9592
2017-12-20 00:00:00.000;244;8080;1;0;9593
2017-12-20 00:00:00.000;211;8080;3;0;9594
2017-12-20 00:00:00.000;308;8080;4;0;9595
2017-12-20 00:00:00.000;232;8080;;0;9596
2017-12-20 00:00:00.000;150;8080;1;0;9597
2017-12-20 00:00:00.000;265;8080;4;0;9598
2017-12-20 00:00:00.000;153;8080;4;0;9599
2017-12-20 00:00:00.000;171;8080;4;0;9600
2017-12-20 00:00:00.000;125;8080;4;0;9601
2017-12-20 00:00:00.000;236;8080;1;0;9602
2017-12-20 00:00:00.000;288;8080;3;0;9603
2017-12-20 00:00:00.000;140;8080;1;0;9604
2017-12-20 00:00:00.000;287;8080;3;0;9605
2017-12-20 00:00:00.000;175;8080;4;0;9606
2017-12-20 00:00:00.000;242;8080;1;0;9607
2017-12-20 00:00:00.000;235;8080;4;0;9608
2017-12-20 00:00:00.000;299;8080;1;0;9609
2017-12-20 00:00:00.000;274;8080;1;0;9610
2017-12-20 00:00:00.000;179;8080;1;0;9611
2017-12-20 00:00:00.000;308;8080;1;0;9612
2017-12-20 00:00:00.000;163;8080;1;0;9613
2017-12-20 00:00:00.000;203;8080;1;0;9614
2017-12-20 00:00:00.000;147;8080;1;0;9615
2017-12-20 00:00:00.000;200;8080;1;0;9616
2017-12-20 00:00:00.000;140;8080;1;0;9617
2017-12-20 00:00:00.000;305;8080;1;0;9618
2017-12-20 00:00:00.000;120;8080;4;0;9619
2017-12-20 00:00:00.000;236;8080;1;0;9620
2017-12-20 00:00:00.000;248;8080;3;0;9621
2017-12-20 00:00:00.000;112;8080;1;0;9622
2017-12-20 00:00:00.000;119;8080;4;0;9623
2017-12-20 00:00:00.000;284;8080;4;0;9624
2017-12-20 00:00:00.000;210;8080;4;0;9625
2017-12-20 00:00:00.000;167;8080;1;0;9626
2017-12-20 00:00:00.000;235;8080;4;0;9627
2017-12-20 00:00:00.000;135;8080;4;0;9628
2017-12-20 00:00:00.000;192;8080;1;0;9629
2017-12-20 00:00:00.000;239;8080;4;0;9630
2017-12-20 00:00:00.000;245;8080;3;0;9631
2017-12-20 00:00:00.000;244;8080;1;0;9632
2017-12-20 00:00:00.000;198;8080;4;0;9633
2017-12-20 00:00:00.000;274;8080;1;0;9634
2017-12-20 00:00:00.000;138;8080;1;0;9635
2017-12-20 00:00:00.000;242;8080;4;0;9636
2017-12-20 00:00:00.000;133;8080;3;0;9637
2017-12-20 00:00:00.000;190;8080;3;0;9638
2017-12-20 00:00:00.000;277;8080;4;0;9639
2017-12-20 00:00:00.000;138;8080;4;0;9640
2017-12-20 00:00:00.000;274;8080;4;0;9641
2017-12-20 00:00:00.000;150;8080;3;0;9642
2017-12-20 00:00:00.000;165;8080;4;0;9643
2017-12-20 00:00:00.000;112;8080;4;0;9644
2017-12-20 00:00:00.000;308;8080;1;0;9645
2017-12-20 00:00:00.000;213;8080;4;0;9646
2017-12-20 00:00:00.000;170;8080;4;0;9647
2017-12-20 00:00:00.000;159;8080;1;0;9648
2017-12-20 00:00:00.000;237;8080;1;0;9649
2017-12-20 00:00:00.000;308;8080;4;0;9650
2017-12-20 00:00:00.000;307;8080;4;0;9651
2017-12-20 00:00:00.000;275;8080;3;0;9652
2017-12-20 00:00:00.000;197;8080;4;0;9653
2017-12-20 00:00:00.000;209;8080;3;0;9654
2017-12-20 00:00:00.000;168;8080;1;0;9655
2017-12-20 00:00:00.000;154;8080;1;0;9656
2017-12-20 00:00:00.000;273;8080;4;0;9657
2017-12-20 00:00:00.000;291;8080;1;0;9658
2017-12-20 00:00:00.000;198;8080;4;0;9659
2017-12-20 00:00:00.000;230;8080;;0;9660
2017-12-20 00:00:00.000;121;8080;4;0;9661
2017-12-20 00:00:00.000;228;8080;4;0;9662
2017-12-20 00:00:00.000;235;8080;1;0;9663
2017-12-20 00:00:00.000;291;8080;1;0;9664
2017-12-20 00:00:00.000;188;8080;3;0;9665
2017-12-20 00:00:00.000;182;8080;4;0;9666
2017-12-20 00:00:00.000;269;8080;1;0;9667
2017-12-20 00:00:00.000;223;8080;1;0;9668
2017-12-20 00:00:00.000;188;8080;1;0;9669
2017-12-20 00:00:00.000;160;8080;1;0;9670
2017-12-20 00:00:00.000;211;8080;4;0;9671
2017-12-20 00:00:00.000;176;8080;1;0;9672
2017-12-20 00:00:00.000;141;8080;1;0;9673
2017-12-20 00:00:00.000;202;8080;3;0;9674
2017-12-20 00:00:00.000;230;8080;4;0;9675
2017-12-20 00:00:00.000;157;8080;3;0;9676
2017-12-20 00:00:00.000;307;8080;1;0;9677
2017-12-20 00:00:00.000;166;8080;1;0;9678
2017-12-20 00:00:00.000;223;8080;4;0;9679
2017-12-20 00:00:00.000;255;8080;3;0;9680
2017-12-20 00:00:00.000;204;8080;4;0;9681
2017-12-20 00:00:00.000;190;8080;1;0;9682
2017-12-20 00:00:00.000;250;8080;1;0;9683
2017-12-20 00:00:00.000;121;8080;3;0;9684
2017-12-20 00:00:00.000;126;8080;4;0;9685
2017-12-20 00:00:00.000;165;8080;;0;9686
2017-12-20 00:00:00.000;126;8080;3;0;9687
2017-12-20 00:00:00.000;169;8080;;0;9688
2017-12-20 00:00:00.000;148;8080;4;0;9689
2017-12-20 00:00:00.000;158;8080;4;0;9690
2017-12-20 00:00:00.000;278;8080;4;0;9691
2017-01-21 00:00:00.000;145;UGB ;4;0;9692
2017-01-21 00:00:00.000;272;UGB ;;0;9693
2017-01-21 00:00:00.000;258;UGB ;3;0;9694
2017-01-21 00:00:00.000;161;UGB ;1;0;9695
2017-01-21 00:00:00.000;259;UGB ;1;0;9696
2017-01-21 00:00:00.000;244;UGB ;3;0;9697
2017-01-21 00:00:00.000;147;UGB ;3;0;9698
2017-01-21 00:00:00.000;266;UGB ;4;0;9699
2017-01-21 00:00:00.000;139;UGB ;4;0;9700
2017-01-21 00:00:00.000;143;UGB ;4;0;9701
2017-01-21 00:00:00.000;136;UGB ;;0;9702
2017-01-21 00:00:00.000;198;UGB ;;0;9703
2017-01-21 00:00:00.000;159;UGB ;1;0;9704
2017-01-21 00:00:00.000;135;UGB ;4;0;9705
2017-01-21 00:00:00.000;167;UGB ;;0;9706
2017-01-21 00:00:00.000;124;UGB ;;0;9707
2017-01-21 00:00:00.000;265;UGB ;3;0;9708
2017-01-21 00:00:00.000;290;UGB ;1;0;9709
2017-01-21 00:00:00.000;133;UGB ;;0;9710
2017-01-21 00:00:00.000;154;UGB ;;0;9711
2017-01-21 00:00:00.000;225;UGB ;1;0;9712
2017-02-21 00:00:00.000;298;UGB ;1;0;9713
2017-02-21 00:00:00.000;122;UGB ;1;0;9714
2017-02-21 00:00:00.000;210;UGB ;4;0;9715
2017-02-21 00:00:00.000;141;UGB ;3;0;9716
2017-02-21 00:00:00.000;285;UGB ;1;0;9717
2017-02-21 00:00:00.000;241;UGB ;4;0;9718
2017-02-21 00:00:00.000;303;UGB ;1;0;9719
2017-02-21 00:00:00.000;281;UGB ;4;0;9720
2017-02-21 00:00:00.000;141;UGB ;4;0;9721
2017-02-21 00:00:00.000;163;UGB ;4;0;9722
2017-02-21 00:00:00.000;176;UGB ;4;0;9723
2017-02-21 00:00:00.000;198;UGB ;4;0;9724
2017-02-21 00:00:00.000;285;UGB ;3;0;9725
2017-02-21 00:00:00.000;212;UGB ;;0;9726
2017-02-21 00:00:00.000;119;UGB ;;0;9727
2017-02-21 00:00:00.000;287;UGB ;4;0;9728
2017-02-21 00:00:00.000;297;UGB ;3;0;9729
2017-02-21 00:00:00.000;311;UGB ;;0;9730
2017-02-21 00:00:00.000;232;UGB ;;0;9731
2017-02-21 00:00:00.000;190;UGB ;;0;9732
2017-02-21 00:00:00.000;153;UGB ;;0;9733
2017-02-21 00:00:00.000;303;UGB ;;0;9734
2017-02-21 00:00:00.000;121;UGB ;;0;9735
2017-03-21 00:00:00.000;167;UGB ;3;0;9736
2017-03-21 00:00:00.000;223;UGB ;3;0;9737
2017-03-21 00:00:00.000;290;UGB ;3;0;9738
2017-03-21 00:00:00.000;172;UGB ;3;0;9739
2017-03-21 00:00:00.000;235;UGB ;1;0;9740
2017-03-21 00:00:00.000;191;UGB ;4;0;9741
2017-03-21 00:00:00.000;186;UGB ;1;0;9742
2017-03-21 00:00:00.000;118;UGB ;4;0;9743
2017-03-21 00:00:00.000;223;UGB ;3;0;9744
2017-03-21 00:00:00.000;283;UGB ;3;0;9745
2017-03-21 00:00:00.000;295;UGB ;1;0;9746
2017-03-21 00:00:00.000;198;UGB ;;0;9747
2017-03-21 00:00:00.000;154;UGB ;;0;9748
2017-03-21 00:00:00.000;133;UGB ;3;0;9749
2017-03-21 00:00:00.000;206;UGB ;4;0;9750
2017-03-21 00:00:00.000;167;UGB ;;0;9751
2017-03-21 00:00:00.000;211;UGB ;4;0;9752
2017-04-21 00:00:00.000;175;WAO ;3;0;9753
2017-04-21 00:00:00.000;161;WAO ;1;0;9754
2017-04-21 00:00:00.000;239;WAO ;3;0;9755
2017-04-21 00:00:00.000;280;WAO ;1;0;9756
2017-04-21 00:00:00.000;220;WAO ;;0;9757
2017-04-21 00:00:00.000;155;WAO ;1;0;9758
2017-04-21 00:00:00.000;190;WAO ;;0;9759
2017-04-21 00:00:00.000;157;WAO ;;0;9760
2017-04-21 00:00:00.000;210;WAO ;4;0;9761
2017-04-21 00:00:00.000;248;WAO ;4;0;9762
2017-04-21 00:00:00.000;263;WAO ;3;0;9763
2017-04-21 00:00:00.000;198;WAO ;1;0;9764
2017-04-21 00:00:00.000;146;WAO ;4;0;9765
2017-04-21 00:00:00.000;281;WAO ;4;0;9766
2017-04-21 00:00:00.000;115;WAO ;3;0;9767
2017-04-21 00:00:00.000;210;WAO ;;0;9768
2017-04-21 00:00:00.000;237;WAO ;;0;9769
2017-04-21 00:00:00.000;309;WAO ;1;0;9770
2017-04-21 00:00:00.000;121;WAO ;3;0;9771
2017-04-21 00:00:00.000;164;WAO ;1;0;9772
2017-04-21 00:00:00.000;154;WAO ;;0;9773
2017-11-21 00:00:00.000;219;8080;1;0;9774
2017-11-21 00:00:00.000;275;8080;4;0;9775
2017-11-21 00:00:00.000;166;8080;1;0;9776
2017-11-21 00:00:00.000;291;8080;3;0;9777
2017-11-21 00:00:00.000;236;8080;3;0;9778
2017-11-21 00:00:00.000;209;8080;1;0;9779
2017-11-21 00:00:00.000;118;8080;3;0;9780
2017-11-21 00:00:00.000;160;8080;;0;9781
2017-11-21 00:00:00.000;137;8080;;0;9782
2017-11-21 00:00:00.000;170;8080;1;0;9783
2017-11-21 00:00:00.000;240;8080;1;0;9784
2017-11-21 00:00:00.000;227;8080;3;0;9785
2017-12-21 00:00:00.000;299;8080;3;0;9786
2017-12-21 00:00:00.000;296;8080;1;10;9787
2017-12-21 00:00:00.000;178;8080;4;0;9788
2017-12-21 00:00:00.000;249;8080;3;0;9789
2017-12-21 00:00:00.000;247;8080;4;0;9790
2017-12-21 00:00:00.000;200;8080;4;0;9791
2017-12-21 00:00:00.000;172;8080;3;0;9792
2017-12-21 00:00:00.000;193;8080;1;0;9793
2017-12-21 00:00:00.000;123;8080;4;0;9794
2017-12-21 00:00:00.000;257;8080;1;0;9795
2017-12-21 00:00:00.000;272;8080;4;0;9796
2017-12-21 00:00:00.000;245;8080;4;0;9797
2017-12-21 00:00:00.000;290;8080;1;0;9798
2017-12-21 00:00:00.000;135;8080;4;0;9799
2017-12-21 00:00:00.000;250;8080;1;0;9800
2017-12-21 00:00:00.000;256;8080;;0;9801
2017-12-21 00:00:00.000;306;8080;1;0;9802
2017-12-21 00:00:00.000;205;8080;1;0;9803
2017-12-21 00:00:00.000;197;8080;3;0;9804
2017-12-21 00:00:00.000;168;8080;;0;9805
2017-12-21 00:00:00.000;146;8080;4;0;9806
2017-12-21 00:00:00.000;281;8080;3;0;9807
2017-12-21 00:00:00.000;137;8080;4;0;9808
2017-12-21 00:00:00.000;134;8080;1;0;9809
2017-12-21 00:00:00.000;196;8080;1;0;9810
2017-12-21 00:00:00.000;286;8080;1;0;9811
2017-12-21 00:00:00.000;219;8080;4;0;9812
2017-12-21 00:00:00.000;226;8080;4;0;9813
2017-12-21 00:00:00.000;116;8080;3;0;9814
2017-12-21 00:00:00.000;303;8080;4;0;9815
2017-12-21 00:00:00.000;113;8080;1;0;9816
2017-12-21 00:00:00.000;131;8080;3;0;9817
2017-12-21 00:00:00.000;207;8080;4;0;9818
2017-12-21 00:00:00.000;264;8080;1;0;9819
2017-12-21 00:00:00.000;213;8080;1;0;9820
2017-12-21 00:00:00.000;230;8080;4;0;9821
2017-12-21 00:00:00.000;129;8080;1;0;9822
2017-12-21 00:00:00.000;188;8080;1;0;9823
2017-12-21 00:00:00.000;240;8080;1;0;9824
2017-12-21 00:00:00.000;246;8080;1;0;9825
2017-12-21 00:00:00.000;116;8080;1;0;9826
2017-12-21 00:00:00.000;187;8080;4;0;9827
2017-12-21 00:00:00.000;263;8080;1;0;9828
2017-12-21 00:00:00.000;185;8080;1;0;9829
2017-12-21 00:00:00.000;147;8080;4;0;9830
2017-12-21 00:00:00.000;157;8080;4;0;9831
2017-12-21 00:00:00.000;230;8080;1;0;9832
2017-12-21 00:00:00.000;218;8080;1;0;9833
2017-12-21 00:00:00.000;217;8080;4;0;9834
2017-12-21 00:00:00.000;253;8080;4;0;9835
2017-12-21 00:00:00.000;255;8080;4;0;9836
2017-12-21 00:00:00.000;169;8080;4;0;9837
2017-12-21 00:00:00.000;155;8080;4;0;9838
2017-12-21 00:00:00.000;126;8080;3;0;9839
2017-12-21 00:00:00.000;261;8080;1;0;9840
2017-12-21 00:00:00.000;260;8080;1;0;9841
2017-12-21 00:00:00.000;167;8080;1;0;9842
2017-12-21 00:00:00.000;161;8080;4;0;9843
2017-12-21 00:00:00.000;235;8080;1;0;9844
2017-12-21 00:00:00.000;232;8080;4;0;9845
2017-12-21 00:00:00.000;121;8080;1;0;9846
2017-12-21 00:00:00.000;297;8080;1;0;9847
2017-12-21 00:00:00.000;275;8080;4;0;9848
2017-12-21 00:00:00.000;119;8080;1;0;9849
2017-12-21 00:00:00.000;119;8080;4;0;9850
2017-12-21 00:00:00.000;118;8080;1;0;9851
2017-12-21 00:00:00.000;137;8080;4;0;9852
2017-12-21 00:00:00.000;123;8080;3;0;9853
2017-12-21 00:00:00.000;154;8080;3;0;9854
2017-12-21 00:00:00.000;177;8080;1;0;9855
2017-12-21 00:00:00.000;287;8080;4;0;9856
2017-12-21 00:00:00.000;208;8080;1;0;9857
2017-12-21 00:00:00.000;308;8080;4;0;9858
2017-12-21 00:00:00.000;116;8080;3;0;9859
2017-12-21 00:00:00.000;138;8080;3;0;9860
2017-12-21 00:00:00.000;295;8080;4;0;9861
2017-12-21 00:00:00.000;265;8080;1;0;9862
2017-12-21 00:00:00.000;198;8080;4;0;9863
2017-12-21 00:00:00.000;279;8080;3;0;9864
2017-12-21 00:00:00.000;276;8080;;0;9865
2017-12-21 00:00:00.000;264;8080;1;0;9866
2017-12-21 00:00:00.000;237;8080;4;0;9867
2017-12-21 00:00:00.000;163;8080;1;0;9868
2017-12-21 00:00:00.000;296;8080;3;0;9869
2017-12-21 00:00:00.000;231;8080;4;0;9870
2017-12-21 00:00:00.000;254;8080;1;0;9871
2017-12-21 00:00:00.000;159;8080;1;0;9872
2017-12-21 00:00:00.000;120;8080;;0;9873
2017-12-21 00:00:00.000;237;8080;1;0;9874
2017-12-21 00:00:00.000;266;8080;1;0;9875
2017-12-21 00:00:00.000;295;8080;1;0;9876
2017-12-21 00:00:00.000;128;8080;4;0;9877
2017-12-21 00:00:00.000;305;8080;3;0;9878
2017-12-21 00:00:00.000;267;8080;4;0;9879
2017-12-21 00:00:00.000;117;8080;1;0;9880
2017-12-21 00:00:00.000;175;8080;3;0;9881
2017-12-21 00:00:00.000;175;8080;1;0;9882
2017-12-21 00:00:00.000;307;8080;3;0;9883
2017-12-21 00:00:00.000;142;8080;3;0;9884
2017-12-21 00:00:00.000;215;8080;3;0;9885
2017-12-21 00:00:00.000;182;8080;1;0;9886
2017-12-21 00:00:00.000;233;8080;4;0;9887
2017-12-21 00:00:00.000;195;8080;3;0;9888
2017-12-21 00:00:00.000;114;8080;4;0;9889
2017-12-21 00:00:00.000;262;8080;4;0;9890
2017-12-21 00:00:00.000;122;8080;4;0;9891
2017-12-21 00:00:00.000;263;8080;4;0;9892
2017-12-21 00:00:00.000;225;8080;3;0;9893
2017-12-21 00:00:00.000;303;8080;1;0;9894
2017-12-21 00:00:00.000;130;8080;1;0;9895
2017-12-21 00:00:00.000;232;8080;4;0;9896
2017-12-21 00:00:00.000;298;8080;4;0;9897
2017-12-21 00:00:00.000;213;8080;4;0;9898
2017-12-21 00:00:00.000;249;8080;4;0;9899
2017-12-21 00:00:00.000;227;8080;1;0;9900
2017-12-21 00:00:00.000;141;8080;4;0;9901
2017-12-21 00:00:00.000;271;8080;1;0;9902
2017-12-21 00:00:00.000;208;8080;3;0;9903
2017-12-21 00:00:00.000;185;8080;4;0;9904
2017-12-21 00:00:00.000;196;8080;1;0;9905
2017-12-21 00:00:00.000;122;8080;4;0;9906
2017-12-21 00:00:00.000;298;8080;1;0;9907
2017-12-21 00:00:00.000;227;8080;1;0;9908
2017-12-21 00:00:00.000;126;8080;;0;9909
2017-12-21 00:00:00.000;236;8080;1;0;9910
2017-12-21 00:00:00.000;303;8080;3;0;9911
2017-12-21 00:00:00.000;253;8080;1;0;9912
2017-12-21 00:00:00.000;186;8080;1;0;9913
2017-12-21 00:00:00.000;213;8080;1;0;9914
2017-12-21 00:00:00.000;244;8080;4;0;9915
2017-12-21 00:00:00.000;114;8080;1;0;9916
2017-12-21 00:00:00.000;146;8080;4;0;9917
2017-12-21 00:00:00.000;200;8080;3;0;9918
2017-12-21 00:00:00.000;248;8080;1;0;9919
2017-12-21 00:00:00.000;221;8080;4;0;9920
2017-12-21 00:00:00.000;117;8080;1;0;9921
2017-12-21 00:00:00.000;278;8080;4;0;9922
2017-12-21 00:00:00.000;135;8080;4;0;9923
2017-12-21 00:00:00.000;216;8080;1;0;9924
2017-12-21 00:00:00.000;227;8080;1;0;9925
2017-12-21 00:00:00.000;219;8080;1;0;9926
2017-12-21 00:00:00.000;169;8080;1;0;9927
2017-12-21 00:00:00.000;185;8080;3;0;9928
2017-12-21 00:00:00.000;248;8080;;0;9929
2017-12-21 00:00:00.000;262;8080;4;0;9930
2017-12-21 00:00:00.000;239;8080;1;0;9931
2017-12-21 00:00:00.000;119;8080;1;0;9932
2017-12-21 00:00:00.000;235;8080;1;0;9933
2017-12-21 00:00:00.000;293;8080;1;0;9934
2017-12-21 00:00:00.000;271;8080;1;0;9935
2017-12-21 00:00:00.000;182;8080;3;0;9936
2017-12-21 00:00:00.000;269;8080;1;0;9937
2017-12-21 00:00:00.000;189;8080;1;0;9938
2017-12-21 00:00:00.000;228;8080;1;0;9939
2017-12-21 00:00:00.000;162;8080;1;0;9940
2017-12-21 00:00:00.000;118;8080;3;0;9941
2017-12-21 00:00:00.000;184;8080;1;0;9942
2017-12-21 00:00:00.000;261;8080;1;0;9943
2017-12-21 00:00:00.000;180;8080;4;0;9944
2017-12-21 00:00:00.000;310;8080;1;0;9945
2017-12-21 00:00:00.000;178;8080;3;0;9946
2017-12-21 00:00:00.000;253;8080;1;0;9947
2017-12-21 00:00:00.000;246;8080;4;0;9948
2017-12-21 00:00:00.000;190;8080;3;0;9949
2017-12-21 00:00:00.000;275;8080;3;0;9950
2017-12-21 00:00:00.000;177;8080;1;0;9951
2017-12-21 00:00:00.000;216;8080;1;0;9952
2017-12-21 00:00:00.000;214;8080;1;0;9953
2017-12-21 00:00:00.000;136;8080;1;0;9954
2017-12-21 00:00:00.000;202;8080;1;0;9955
2017-12-21 00:00:00.000;229;8080;3;0;9956
2017-12-21 00:00:00.000;114;8080;3;0;9957
2017-12-21 00:00:00.000;117;8080;1;0;9958
2017-12-21 00:00:00.000;228;8080;4;0;9959
2017-12-21 00:00:00.000;299;8080;4;0;9960
2017-12-21 00:00:00.000;215;8080;1;0;9961
2017-12-21 00:00:00.000;183;8080;4;0;9962
2017-12-21 00:00:00.000;126;8080;4;0;9963
2017-12-21 00:00:00.000;287;8080;3;0;9964
2017-12-21 00:00:00.000;165;8080;4;0;9965
2017-12-21 00:00:00.000;166;8080;3;0;9966
2017-12-21 00:00:00.000;190;8080;3;0;9967
2017-12-21 00:00:00.000;131;8080;3;0;9968
2017-12-21 00:00:00.000;245;8080;4;0;9969
2017-12-21 00:00:00.000;256;8080;1;0;9970
2017-12-21 00:00:00.000;157;8080;3;0;9971
2017-12-21 00:00:00.000;209;8080;1;0;9972
2017-12-21 00:00:00.000;244;8080;4;0;9973
2017-12-21 00:00:00.000;136;8080;3;0;9974
2017-12-21 00:00:00.000;116;8080;4;0;9975
2017-12-21 00:00:00.000;261;8080;4;0;9976
2017-12-21 00:00:00.000;293;8080;1;0;9977
2017-12-21 00:00:00.000;160;8080;4;0;9978
2017-12-21 00:00:00.000;221;8080;3;0;9979
2017-12-21 00:00:00.000;257;8080;4;0;9980
2017-12-21 00:00:00.000;138;8080;4;0;9981
2017-12-21 00:00:00.000;276;8080;4;0;9982
2017-12-21 00:00:00.000;141;8080;4;0;9983
2017-12-21 00:00:00.000;225;8080;4;0;9984
2017-12-21 00:00:00.000;201;8080;4;0;9985
2017-12-21 00:00:00.000;183;8080;1;0;9986
2017-12-21 00:00:00.000;278;8080;4;0;9987
2017-12-21 00:00:00.000;302;8080;1;0;9988
2017-12-21 00:00:00.000;240;8080;1;0;9989
2017-12-21 00:00:00.000;226;8080;1;0;9990
2017-12-21 00:00:00.000;236;8080;3;0;9991
2017-12-21 00:00:00.000;209;8080;4;0;9992
2017-12-21 00:00:00.000;258;8080;3;0;9993
2017-12-21 00:00:00.000;183;8080;1;0;9994
2017-12-21 00:00:00.000;233;8080;;0;9995
2017-12-21 00:00:00.000;287;8080;3;0;9996
2017-12-21 00:00:00.000;269;8080;4;0;9997
2017-12-21 00:00:00.000;151;8080;4;0;9998
2017-12-21 00:00:00.000;194;8080;1;0;9999
2017-12-21 00:00:00.000;168;8080;1;0;10000
2017-12-21 00:00:00.000;181;8080;1;0;10001
2017-12-21 00:00:00.000;122;8080;1;0;10002
2017-12-21 00:00:00.000;191;8080;1;0;10003
2017-12-21 00:00:00.000;200;8080;4;0;10004
2017-12-21 00:00:00.000;224;8080;4;0;10005
2017-12-21 00:00:00.000;182;8080;4;0;10006
2017-12-21 00:00:00.000;185;8080;3;0;10007
2017-12-21 00:00:00.000;172;8080;1;0;10008
2017-12-21 00:00:00.000;138;8080;1;0;10009
2017-12-21 00:00:00.000;277;8080;4;0;10010
2017-12-21 00:00:00.000;229;8080;3;0;10011
2017-12-21 00:00:00.000;238;8080;3;0;10012
2017-12-21 00:00:00.000;234;8080;4;0;10013
2017-12-21 00:00:00.000;244;8080;3;0;10014
2017-12-21 00:00:00.000;218;8080;4;0;10015
2017-12-21 00:00:00.000;293;8080;1;0;10016
2017-12-21 00:00:00.000;201;8080;1;0;10017
2017-12-21 00:00:00.000;157;8080;3;0;10018
2017-12-21 00:00:00.000;257;8080;1;0;10019
2017-12-21 00:00:00.000;300;8080;3;0;10020
2017-12-21 00:00:00.000;200;8080;1;0;10021
2017-12-21 00:00:00.000;188;8080;4;0;10022
2017-12-21 00:00:00.000;125;8080;3;0;10023
2017-12-21 00:00:00.000;154;8080;1;0;10024
2017-01-22 00:00:00.000;135;UGB ;;0;10025
2017-01-22 00:00:00.000;197;UGB ;3;0;10026
2017-01-22 00:00:00.000;272;UGB ;4;0;10027
2017-01-22 00:00:00.000;225;UGB ;;0;10028
2017-01-22 00:00:00.000;218;UGB ;4;0;10029
2017-01-22 00:00:00.000;251;UGB ;4;0;10030
2017-01-22 00:00:00.000;140;UGB ;4;0;10031
2017-01-22 00:00:00.000;281;UGB ;3;0;10032
2017-01-22 00:00:00.000;268;UGB ;4;0;10033
2017-01-22 00:00:00.000;298;UGB ;4;0;10034
2017-02-22 00:00:00.000;230;UGB ;4;0;10035
2017-02-22 00:00:00.000;288;UGB ;4;0;10036
2017-02-22 00:00:00.000;298;UGB ;1;0;10037
2017-02-22 00:00:00.000;197;UGB ;4;0;10038
2017-02-22 00:00:00.000;295;UGB ;1;0;10039
2017-02-22 00:00:00.000;279;UGB ;;0;10040
2017-02-22 00:00:00.000;264;UGB ;1;0;10041
2017-02-22 00:00:00.000;160;UGB ;1;0;10042
2017-02-22 00:00:00.000;259;UGB ;4;0;10043
2017-02-22 00:00:00.000;214;UGB ;1;0;10044
2017-02-22 00:00:00.000;180;UGB ;4;0;10045
2017-02-22 00:00:00.000;233;UGB ;1;0;10046
2017-02-22 00:00:00.000;309;UGB ;4;0;10047
2017-02-22 00:00:00.000;174;UGB ;1;0;10048
2017-02-22 00:00:00.000;195;UGB ;4;0;10049
2017-02-22 00:00:00.000;183;UGB ;4;0;10050
2017-02-22 00:00:00.000;116;UGB ;;0;10051
2017-02-22 00:00:00.000;147;UGB ;;0;10052
2017-02-22 00:00:00.000;182;UGB ;;0;10053
2017-02-22 00:00:00.000;147;UGB ;;0;10054
2017-02-22 00:00:00.000;140;UGB ;;0;10055
2017-02-22 00:00:00.000;186;UGB ;;0;10056
2017-02-22 00:00:00.000;307;UGB ;4;0;10057
2017-03-22 00:00:00.000;232;UGB ;4;0;10058
2017-03-22 00:00:00.000;291;UGB ;3;40,9;10059
2017-03-22 00:00:00.000;137;UGB ;;0;10060
2017-03-22 00:00:00.000;113;UGB ;1;0;10061
2017-03-22 00:00:00.000;272;UGB ;4;0;10062
2017-03-22 00:00:00.000;156;UGB ;3;0;10063
2017-03-22 00:00:00.000;311;UGB ;3;0;10064
2017-03-22 00:00:00.000;158;UGB ;4;0;10065
2017-03-22 00:00:00.000;117;UGB ;1;0;10066
2017-03-22 00:00:00.000;247;UGB ;;0;10067
2017-03-22 00:00:00.000;217;UGB ;4;0;10068
2017-03-22 00:00:00.000;132;UGB ;3;0;10069
2017-03-22 00:00:00.000;206;UGB ;4;0;10070
2017-03-22 00:00:00.000;287;UGB ;;0;10071
2017-03-22 00:00:00.000;183;UGB ;3;0;10072
2017-04-22 00:00:00.000;294;WAO ;1;0;10073
2017-04-22 00:00:00.000;294;WAO ;3;0;10074
2017-04-22 00:00:00.000;273;WAO ;3;0;10075
2017-04-22 00:00:00.000;245;WAO ;1;0;10076
2017-04-22 00:00:00.000;173;WAO ;1;0;10077
2017-04-22 00:00:00.000;142;WAO ;3;0;10078
2017-04-22 00:00:00.000;186;WAO ;1;0;10079
2017-04-22 00:00:00.000;189;WAO ;1;0;10080
2017-04-22 00:00:00.000;299;WAO ;3;0;10081
2017-04-22 00:00:00.000;191;WAO ;1;0;10082
2017-04-22 00:00:00.000;246;WAO ;1;0;10083
2017-04-22 00:00:00.000;254;WAO ;4;0;10084
2017-04-22 00:00:00.000;235;WAO ;3;0;10085
2017-04-22 00:00:00.000;277;WAO ;1;0;10086
2017-04-22 00:00:00.000;213;WAO ;1;0;10087
2017-04-22 00:00:00.000;204;WAO ;4;0;10088
2017-04-22 00:00:00.000;221;WAO ;3;0;10089
2017-04-22 00:00:00.000;144;WAO ;4;0;10090
2017-04-22 00:00:00.000;113;WAO ;;0;10091
2017-04-22 00:00:00.000;214;WAO ;;0;10092
2017-04-22 00:00:00.000;162;WAO ;4;0;10093
2017-04-22 00:00:00.000;138;WAO ;1;0;10094
2017-04-22 00:00:00.000;190;WAO ;;0;10095
2017-04-22 00:00:00.000;216;WAO ;4;0;10096
2017-04-22 00:00:00.000;136;WAO ;;0;10097
2017-11-22 00:00:00.000;151;8080;4;0;10098
2017-11-22 00:00:00.000;135;8080;4;0;10099
2017-11-22 00:00:00.000;172;8080;1;0;10100
2017-11-22 00:00:00.000;272;8080;4;0;10101
2017-11-22 00:00:00.000;214;8080;4;0;10102
2017-11-22 00:00:00.000;266;8080;1;0;10103
2017-11-22 00:00:00.000;161;8080;4;0;10104
2017-11-22 00:00:00.000;232;8080;4;0;10105
2017-11-22 00:00:00.000;305;8080;3;0;10106
2017-11-22 00:00:00.000;114;8080;3;0;10107
2017-11-22 00:00:00.000;135;8080;1;0;10108
2017-11-22 00:00:00.000;269;8080;4;0;10109
2017-11-22 00:00:00.000;186;8080;1;0;10110
2017-11-22 00:00:00.000;163;8080;1;0;10111
2017-11-22 00:00:00.000;261;8080;;0;10112
2017-11-22 00:00:00.000;197;8080;4;0;10113
2017-11-22 00:00:00.000;236;8080;3;0;10114
2017-11-22 00:00:00.000;265;8080;4;0;10115
2017-11-22 00:00:00.000;304;8080;1;0;10116
2017-11-22 00:00:00.000;159;8080;3;0;10117
2017-11-22 00:00:00.000;129;8080;4;0;10118
2017-11-22 00:00:00.000;248;8080;;0;10119
2017-11-22 00:00:00.000;224;8080;3;0;10120
2017-11-22 00:00:00.000;211;8080;1;0;10121
2017-11-22 00:00:00.000;256;8080;1;0;10122
2017-11-22 00:00:00.000;301;8080;1;0;10123
2017-11-22 00:00:00.000;306;8080;;0;10124
2017-11-22 00:00:00.000;213;8080;;0;10125
2017-12-22 00:00:00.000;255;8080;4;0;10126
2017-12-22 00:00:00.000;181;8080;1;0;10127
2017-12-22 00:00:00.000;287;8080;1;0;10128
2017-12-22 00:00:00.000;253;8080;3;0;10129
2017-12-22 00:00:00.000;120;8080;4;0;10130
2017-12-22 00:00:00.000;160;8080;4;0;10131
2017-12-22 00:00:00.000;206;8080;1;0;10132
2017-12-22 00:00:00.000;122;8080;1;0;10133
2017-12-22 00:00:00.000;232;8080;;0;10134
2017-12-22 00:00:00.000;146;8080;4;0;10135
2017-12-22 00:00:00.000;217;8080;4;0;10136
2017-12-22 00:00:00.000;151;8080;;0;10137
2017-12-22 00:00:00.000;191;8080;3;0;10138
2017-12-22 00:00:00.000;304;8080;1;0;10139
2017-12-22 00:00:00.000;307;8080;3;0;10140
2017-12-22 00:00:00.000;246;8080;3;0;10141
2017-12-22 00:00:00.000;269;8080;4;0;10142
2017-12-22 00:00:00.000;295;8080;4;0;10143
2017-12-22 00:00:00.000;146;8080;3;0;10144
2017-12-22 00:00:00.000;196;8080;3;0;10145
2017-12-22 00:00:00.000;227;8080;3;0;10146
2017-12-22 00:00:00.000;184;8080;1;0;10147
2017-12-22 00:00:00.000;176;8080;3;0;10148
2017-12-22 00:00:00.000;118;8080;4;0;10149
2017-12-22 00:00:00.000;204;8080;4;0;10150
2017-12-22 00:00:00.000;198;8080;1;0;10151
2017-12-22 00:00:00.000;143;8080;1;0;10152
2017-12-22 00:00:00.000;147;8080;1;0;10153
2017-12-22 00:00:00.000;260;8080;4;0;10154
2017-12-22 00:00:00.000;233;8080;3;0;10155
2017-12-22 00:00:00.000;289;8080;1;0;10156
2017-12-22 00:00:00.000;135;8080;4;0;10157
2017-12-22 00:00:00.000;124;8080;4;0;10158
2017-12-22 00:00:00.000;254;8080;1;0;10159
2017-12-22 00:00:00.000;305;8080;4;0;10160
2017-12-22 00:00:00.000;142;8080;1;0;10161
2017-12-22 00:00:00.000;262;8080;3;0;10162
2017-12-22 00:00:00.000;238;8080;4;0;10163
2017-12-22 00:00:00.000;307;8080;1;0;10164
2017-12-22 00:00:00.000;224;8080;3;0;10165
2017-12-22 00:00:00.000;140;8080;1;0;10166
2017-12-22 00:00:00.000;154;8080;3;0;10167
2017-12-22 00:00:00.000;268;8080;3;0;10168
2017-12-22 00:00:00.000;285;8080;3;0;10169
2017-12-22 00:00:00.000;160;8080;3;0;10170
2017-12-22 00:00:00.000;248;8080;1;0;10171
2017-12-22 00:00:00.000;124;8080;1;0;10172
2017-12-22 00:00:00.000;241;8080;1;0;10173
2017-12-22 00:00:00.000;143;8080;3;0;10174
2017-12-22 00:00:00.000;188;8080;1;0;10175
2017-12-22 00:00:00.000;200;8080;4;0;10176
2017-12-22 00:00:00.000;154;8080;3;0;10177
2017-12-22 00:00:00.000;165;8080;3;0;10178
2017-12-22 00:00:00.000;265;8080;1;0;10179
2017-12-22 00:00:00.000;170;8080;4;0;10180
2017-12-22 00:00:00.000;241;8080;1;0;10181
2017-12-22 00:00:00.000;190;8080;1;0;10182
2017-12-22 00:00:00.000;211;8080;4;0;10183
2017-12-22 00:00:00.000;260;8080;;0;10184
2017-12-22 00:00:00.000;117;8080;4;0;10185
2017-12-22 00:00:00.000;171;8080;3;0;10186
2017-12-22 00:00:00.000;195;8080;1;0;10187
2017-12-22 00:00:00.000;209;8080;3;0;10188
2017-12-22 00:00:00.000;205;8080;1;0;10189
2017-12-22 00:00:00.000;237;8080;4;0;10190
2017-12-22 00:00:00.000;217;8080;3;0;10191
2017-12-22 00:00:00.000;145;8080;3;0;10192
2017-12-22 00:00:00.000;206;8080;1;0;10193
2017-12-22 00:00:00.000;137;8080;4;0;10194
2017-12-22 00:00:00.000;218;8080;4;0;10195
2017-12-22 00:00:00.000;259;8080;4;0;10196
2017-12-22 00:00:00.000;207;8080;4;0;10197
2017-12-22 00:00:00.000;209;8080;1;0;10198
2017-12-22 00:00:00.000;252;8080;1;0;10199
2017-12-22 00:00:00.000;201;8080;1;0;10200
2017-12-22 00:00:00.000;310;8080;1;0;10201
2017-12-22 00:00:00.000;250;8080;1;0;10202
2017-12-22 00:00:00.000;276;8080;3;0;10203
2017-12-22 00:00:00.000;139;8080;4;0;10204
2017-12-22 00:00:00.000;118;8080;4;0;10205
2017-12-22 00:00:00.000;225;8080;4;0;10206
2017-12-22 00:00:00.000;177;8080;;0;10207
2017-12-22 00:00:00.000;214;8080;3;0;10208
2017-12-22 00:00:00.000;202;8080;1;0;10209
2017-12-22 00:00:00.000;121;8080;3;0;10210
2017-12-22 00:00:00.000;197;8080;3;0;10211
2017-12-22 00:00:00.000;178;8080;3;0;10212
2017-12-22 00:00:00.000;281;8080;4;0;10213
2017-12-22 00:00:00.000;183;8080;4;0;10214
2017-12-22 00:00:00.000;163;8080;1;0;10215
2017-12-22 00:00:00.000;143;8080;3;0;10216
2017-12-22 00:00:00.000;131;8080;4;0;10217
2017-12-22 00:00:00.000;222;8080;1;0;10218
2017-12-22 00:00:00.000;119;8080;3;0;10219
2017-12-22 00:00:00.000;259;8080;3;0;10220
2017-12-22 00:00:00.000;192;8080;4;0;10221
2017-12-22 00:00:00.000;254;8080;4;0;10222
2017-12-22 00:00:00.000;154;8080;4;0;10223
2017-12-22 00:00:00.000;175;8080;3;0;10224
2017-12-22 00:00:00.000;217;8080;3;0;10225
2017-12-22 00:00:00.000;122;8080;4;0;10226
2017-12-22 00:00:00.000;159;8080;4;0;10227
2017-12-22 00:00:00.000;233;8080;1;0;10228
2017-12-22 00:00:00.000;144;8080;3;0;10229
2017-12-22 00:00:00.000;221;8080;1;0;10230
2017-12-22 00:00:00.000;201;8080;3;0;10231
2017-12-22 00:00:00.000;134;8080;4;0;10232
2017-12-22 00:00:00.000;259;8080;3;0;10233
2017-12-22 00:00:00.000;281;8080;4;0;10234
2017-12-22 00:00:00.000;212;8080;1;0;10235
2017-12-22 00:00:00.000;308;8080;4;0;10236
2017-12-22 00:00:00.000;249;8080;4;0;10237
2017-12-22 00:00:00.000;289;8080;1;0;10238
2017-12-22 00:00:00.000;157;8080;4;0;10239
2017-12-22 00:00:00.000;211;8080;;0;10240
2017-12-22 00:00:00.000;285;8080;1;0;10241
2017-12-22 00:00:00.000;204;8080;3;0;10242
2017-12-22 00:00:00.000;135;8080;4;0;10243
2017-12-22 00:00:00.000;140;8080;4;0;10244
2017-12-22 00:00:00.000;198;8080;4;0;10245
2017-12-22 00:00:00.000;291;8080;3;0;10246
2017-12-22 00:00:00.000;195;8080;1;0;10247
2017-12-22 00:00:00.000;267;8080;1;0;10248
2017-12-22 00:00:00.000;303;8080;1;0;10249
2017-12-22 00:00:00.000;235;8080;1;0;10250
2017-12-22 00:00:00.000;214;8080;3;0;10251
2017-12-22 00:00:00.000;222;8080;1;0;10252
2017-12-22 00:00:00.000;280;8080;;0;10253
2017-12-22 00:00:00.000;202;8080;4;0;10254
2017-12-22 00:00:00.000;142;8080;1;0;10255
2017-12-22 00:00:00.000;302;8080;3;0;10256
2017-12-22 00:00:00.000;298;8080;1;0;10257
2017-12-22 00:00:00.000;289;8080;;0;10258
2017-12-22 00:00:00.000;112;8080;1;0;10259
2017-12-22 00:00:00.000;181;8080;1;0;10260
2017-12-22 00:00:00.000;193;8080;1;0;10261
2017-12-22 00:00:00.000;176;8080;3;0;10262
2017-12-22 00:00:00.000;292;8080;1;0;10263
2017-12-22 00:00:00.000;161;8080;4;8,8;10264
2017-12-22 00:00:00.000;221;8080;3;0;10265
2017-12-22 00:00:00.000;156;8080;3;0;10266
2017-12-22 00:00:00.000;216;8080;3;0;10267
2017-12-22 00:00:00.000;213;8080;4;0;10268
2017-12-22 00:00:00.000;113;8080;1;0;10269
2017-12-22 00:00:00.000;192;8080;4;0;10270
2017-12-22 00:00:00.000;302;8080;;0;10271
2017-12-22 00:00:00.000;205;8080;1;0;10272
2017-12-22 00:00:00.000;264;8080;1;0;10273
2017-12-22 00:00:00.000;130;8080;3;0;10274
2017-12-22 00:00:00.000;194;8080;3;0;10275
2017-12-22 00:00:00.000;281;8080;3;0;10276
2017-12-22 00:00:00.000;241;8080;3;0;10277
2017-12-22 00:00:00.000;205;8080;1;0;10278
2017-12-22 00:00:00.000;244;8080;1;0;10279
2017-12-22 00:00:00.000;121;8080;4;0;10280
2017-12-22 00:00:00.000;207;8080;1;0;10281
2017-12-22 00:00:00.000;275;8080;4;0;10282
2017-12-22 00:00:00.000;185;8080;3;0;10283
2017-12-22 00:00:00.000;249;8080;1;0;10284
2017-12-22 00:00:00.000;199;8080;1;0;10285
2017-12-22 00:00:00.000;277;8080;1;0;10286
2017-12-22 00:00:00.000;203;8080;4;0;10287
2017-12-22 00:00:00.000;207;8080;1;0;10288
2017-12-22 00:00:00.000;299;8080;1;0;10289
2017-12-22 00:00:00.000;291;8080;4;0;10290
2017-12-22 00:00:00.000;292;8080;4;0;10291
2017-12-22 00:00:00.000;115;8080;1;0;10292
2017-12-22 00:00:00.000;119;8080;1;0;10293
2017-12-22 00:00:00.000;280;8080;1;0;10294
2017-12-22 00:00:00.000;255;8080;4;0;10295
2017-12-22 00:00:00.000;151;8080;1;0;10296
2017-12-22 00:00:00.000;180;8080;4;0;10297
2017-12-22 00:00:00.000;192;8080;1;0;10298
2017-12-22 00:00:00.000;308;8080;1;0;10299
2017-12-22 00:00:00.000;241;8080;3;0;10300
2017-12-22 00:00:00.000;237;8080;1;0;10301
2017-12-22 00:00:00.000;238;8080;4;0;10302
2017-12-22 00:00:00.000;170;8080;1;0;10303
2017-12-22 00:00:00.000;261;8080;1;0;10304
2017-12-22 00:00:00.000;202;8080;3;0;10305
2017-12-22 00:00:00.000;291;8080;3;0;10306
2017-12-22 00:00:00.000;174;8080;3;0;10307
2017-12-22 00:00:00.000;308;8080;1;0;10308
2017-12-22 00:00:00.000;257;8080;4;0;10309
2017-12-22 00:00:00.000;293;8080;1;0;10310
2017-12-22 00:00:00.000;136;8080;4;0;10311
2017-12-22 00:00:00.000;172;8080;4;0;10312
2017-12-22 00:00:00.000;169;8080;1;0;10313
2017-12-22 00:00:00.000;269;8080;1;0;10314
2017-12-22 00:00:00.000;240;8080;4;0;10315
2017-12-22 00:00:00.000;179;8080;1;0;10316
2017-12-22 00:00:00.000;235;8080;3;0;10317
2017-12-22 00:00:00.000;233;8080;1;0;10318
2017-12-22 00:00:00.000;250;8080;4;0;10319
2017-12-22 00:00:00.000;268;8080;4;0;10320
2017-12-22 00:00:00.000;205;8080;3;0;10321
2017-12-22 00:00:00.000;277;8080;4;0;10322
2017-12-22 00:00:00.000;230;8080;1;0;10323
2017-12-22 00:00:00.000;220;8080;1;0;10324
2017-12-22 00:00:00.000;246;8080;3;0;10325
2017-12-22 00:00:00.000;126;8080;1;0;10326
2017-12-22 00:00:00.000;195;8080;1;0;10327
2017-12-22 00:00:00.000;156;8080;;0;10328
2017-12-22 00:00:00.000;150;8080;1;0;10329
2017-12-22 00:00:00.000;229;8080;3;0;10330
2017-12-22 00:00:00.000;303;8080;3;0;10331
2017-12-22 00:00:00.000;228;8080;4;0;10332
2017-12-22 00:00:00.000;201;8080;4;0;10333
2017-12-22 00:00:00.000;136;8080;1;0;10334
2017-12-22 00:00:00.000;204;8080;1;0;10335
2017-12-22 00:00:00.000;113;8080;3;0;10336
2017-12-22 00:00:00.000;304;8080;3;0;10337
2017-12-22 00:00:00.000;169;8080;4;0;10338
2017-12-22 00:00:00.000;272;8080;4;0;10339
2017-12-22 00:00:00.000;270;8080;1;0;10340
2017-12-22 00:00:00.000;146;8080;;0;10341
2017-12-22 00:00:00.000;198;8080;3;0;10342
2017-12-22 00:00:00.000;302;8080;1;0;10343
2017-12-22 00:00:00.000;279;8080;1;0;10344
2017-12-22 00:00:00.000;263;8080;;0;10345
2017-12-22 00:00:00.000;278;8080;3;0;10346
2017-12-22 00:00:00.000;271;8080;1;0;10347
2017-12-22 00:00:00.000;200;8080;1;0;10348
2017-12-22 00:00:00.000;174;8080;1;0;10349
2017-12-22 00:00:00.000;178;8080;1;0;10350
2017-12-22 00:00:00.000;272;8080;4;0;10351
2017-12-22 00:00:00.000;155;8080;1;0;10352
2017-12-22 00:00:00.000;274;8080;;0;10353
2017-12-22 00:00:00.000;307;8080;1;0;10354
2017-12-22 00:00:00.000;265;8080;4;0;10355
2017-12-22 00:00:00.000;280;8080;1;0;10356
2017-01-23 00:00:00.000;281;UGB ;1;0;10357
2017-01-23 00:00:00.000;162;UGB ;;0;10358
2017-01-23 00:00:00.000;249;UGB ;3;0;10359
2017-01-23 00:00:00.000;301;UGB ;;0;10360
2017-01-23 00:00:00.000;294;UGB ;;0;10361
2017-01-23 00:00:00.000;294;UGB ;3;0;10362
2017-01-23 00:00:00.000;249;UGB ;3;0;10363
2017-01-23 00:00:00.000;157;UGB ;1;0;10364
2017-01-23 00:00:00.000;262;UGB ;;0;10365
2017-01-23 00:00:00.000;292;UGB ;3;0;10366
2017-01-23 00:00:00.000;218;UGB ;4;0;10367
2017-01-23 00:00:00.000;141;UGB ;1;0;10368
2017-01-23 00:00:00.000;254;UGB ;1;0;10369
2017-02-23 00:00:00.000;243;UGB ;;0;10370
2017-02-23 00:00:00.000;271;UGB ;3;0;10371
2017-02-23 00:00:00.000;160;UGB ;3;0;10372
2017-02-23 00:00:00.000;237;UGB ;4;0;10373
2017-02-23 00:00:00.000;223;UGB ;1;0;10374
2017-02-23 00:00:00.000;250;UGB ;1;0;10375
2017-02-23 00:00:00.000;302;UGB ;3;0;10376
2017-02-23 00:00:00.000;172;UGB ;3;0;10377
2017-02-23 00:00:00.000;237;UGB ;1;0;10378
2017-02-23 00:00:00.000;188;UGB ;1;0;10379
2017-02-23 00:00:00.000;207;UGB ;1;0;10380
2017-02-23 00:00:00.000;224;UGB ;4;0;10381
2017-02-23 00:00:00.000;117;UGB ;4;0;10382
2017-02-23 00:00:00.000;117;UGB ;1;0;10383
2017-02-23 00:00:00.000;255;UGB ;4;0;10384
2017-02-23 00:00:00.000;202;UGB ;1;0;10385
2017-02-23 00:00:00.000;145;UGB ;;0;10386
2017-02-23 00:00:00.000;183;UGB ;3;0;10387
2017-02-23 00:00:00.000;309;UGB ;1;0;10388
2017-02-23 00:00:00.000;200;UGB ;1;0;10389
2017-02-23 00:00:00.000;121;UGB ;3;0;10390
2017-02-23 00:00:00.000;176;UGB ;1;0;10391
2017-02-23 00:00:00.000;152;UGB ;1;0;10392
2017-02-23 00:00:00.000;248;UGB ;4;0;10393
2017-02-23 00:00:00.000;182;UGB ;3;0;10394
2017-02-23 00:00:00.000;139;UGB ;4;0;10395
2017-02-23 00:00:00.000;113;UGB ;3;0;10396
2017-02-23 00:00:00.000;223;UGB ;1;0;10397
2017-02-23 00:00:00.000;290;UGB ;1;0;10398
2017-02-23 00:00:00.000;197;UGB ;3;0;10399
2017-02-23 00:00:00.000;208;UGB ;1;0;10400
2017-02-23 00:00:00.000;202;UGB ;4;0;10401
2017-02-23 00:00:00.000;212;UGB ;1;0;10402
2017-02-23 00:00:00.000;265;UGB ;3;0;10403
2017-02-23 00:00:00.000;225;UGB ;;0;10404
2017-02-23 00:00:00.000;215;UGB ;;0;10405
2017-02-23 00:00:00.000;263;UGB ;;0;10406
2017-02-23 00:00:00.000;143;UGB ;3;0;10407
2017-02-23 00:00:00.000;257;UGB ;1;75,8;10408
2017-02-23 00:00:00.000;245;UGB ;1;0;10409
2017-02-23 00:00:00.000;192;UGB ;3;0;10410
2017-02-23 00:00:00.000;200;UGB ;3;0;10411
2017-03-23 00:00:00.000;190;UGB ;1;0;10412
2017-03-23 00:00:00.000;239;UGB ;3;0;10413
2017-03-23 00:00:00.000;144;UGB ;4;0;10414
2017-03-23 00:00:00.000;111;UGB ;3;0;10415
2017-03-23 00:00:00.000;202;UGB ;1;0;10416
2017-03-23 00:00:00.000;214;UGB ;3;0;10417
2017-03-23 00:00:00.000;308;UGB ;4;0;10418
2017-03-23 00:00:00.000;255;UGB ;4;0;10419
2017-03-23 00:00:00.000;269;UGB ;1;0;10420
2017-03-23 00:00:00.000;123;UGB ;;0;10421
2017-03-23 00:00:00.000;243;UGB ;;0;10422
2017-03-23 00:00:00.000;239;UGB ;1;0;10423
2017-03-23 00:00:00.000;280;UGB ;1;0;10424
2017-03-23 00:00:00.000;215;UGB ;3;0;10425
2017-03-23 00:00:00.000;180;UGB ;4;0;10426
2017-03-23 00:00:00.000;266;UGB ;1;0;10427
2017-03-23 00:00:00.000;306;UGB ;1;0;10428
2017-04-23 00:00:00.000;126;WAO ;4;0;10429
2017-04-23 00:00:00.000;218;WAO ;;0;10430
2017-11-23 00:00:00.000;162;8080;1;0;10431
2017-11-23 00:00:00.000;128;8080;1;0;10432
2017-11-23 00:00:00.000;213;8080;4;0;10433
2017-11-23 00:00:00.000;237;8080;3;0;10434
2017-11-23 00:00:00.000;259;8080;4;0;10435
2017-11-23 00:00:00.000;260;8080;4;0;10436
2017-11-23 00:00:00.000;297;8080;3;0;10437
2017-11-23 00:00:00.000;159;8080;4;0;10438
2017-11-23 00:00:00.000;126;8080;1;0;10439
2017-11-23 00:00:00.000;309;8080;3;0;10440
2017-11-23 00:00:00.000;117;8080;4;0;10441
2017-11-23 00:00:00.000;190;8080;;0;10442
2017-11-23 00:00:00.000;122;8080;4;0;10443
2017-11-23 00:00:00.000;173;8080;3;0;10444
2017-11-23 00:00:00.000;226;8080;4;0;10445
2017-11-23 00:00:00.000;172;8080;1;0;10446
2017-11-23 00:00:00.000;154;8080;;0;10447
2017-11-23 00:00:00.000;243;8080;;0;10448
2017-11-23 00:00:00.000;139;8080;3;0;10449
2017-11-23 00:00:00.000;112;8080;;0;10450
2017-11-23 00:00:00.000;140;8080;1;0;10451
2017-11-23 00:00:00.000;116;8080;1;0;10452
2017-11-23 00:00:00.000;245;8080;4;0;10453
2017-11-23 00:00:00.000;175;8080;;0;10454
2017-11-23 00:00:00.000;159;8080;3;0;10455
2017-11-23 00:00:00.000;144;8080;4;0;10456
2017-11-23 00:00:00.000;145;8080;;0;10457
2017-12-23 00:00:00.000;252;8080;4;0;10458
2017-12-23 00:00:00.000;244;8080;1;0;10459
2017-12-23 00:00:00.000;138;8080;4;0;10460
2017-12-23 00:00:00.000;286;8080;3;0;10461
2017-12-23 00:00:00.000;225;8080;3;0;10462
2017-12-23 00:00:00.000;295;8080;3;0;10463
2017-12-23 00:00:00.000;286;8080;4;0;10464
2017-12-23 00:00:00.000;288;8080;3;0;10465
2017-12-23 00:00:00.000;179;8080;1;0;10466
2017-12-23 00:00:00.000;256;8080;1;0;10467
2017-12-23 00:00:00.000;211;8080;3;0;10468
2017-12-23 00:00:00.000;274;8080;3;0;10469
2017-12-23 00:00:00.000;264;8080;3;0;10470
2017-12-23 00:00:00.000;134;8080;1;0;10471
2017-12-23 00:00:00.000;281;8080;1;0;10472
2017-12-23 00:00:00.000;238;8080;4;0;10473
2017-12-23 00:00:00.000;259;8080;1;0;10474
2017-12-23 00:00:00.000;132;8080;3;0;10475
2017-12-23 00:00:00.000;132;8080;1;0;10476
2017-12-23 00:00:00.000;243;8080;4;0;10477
2017-12-23 00:00:00.000;198;8080;4;0;10478
2017-12-23 00:00:00.000;270;8080;4;0;10479
2017-12-23 00:00:00.000;278;8080;3;0;10480
2017-12-23 00:00:00.000;164;8080;4;0;10481
2017-12-23 00:00:00.000;310;8080;;0;10482
2017-12-23 00:00:00.000;232;8080;4;0;10483
2017-12-23 00:00:00.000;258;8080;4;0;10484
2017-12-23 00:00:00.000;236;8080;4;0;10485
2017-12-23 00:00:00.000;120;8080;3;0;10486
2017-12-23 00:00:00.000;119;8080;1;0;10487
2017-12-23 00:00:00.000;160;8080;4;0;10488
2017-12-23 00:00:00.000;178;8080;4;0;10489
2017-12-23 00:00:00.000;155;8080;4;0;10490
2017-12-23 00:00:00.000;305;8080;3;0;10491
2017-12-23 00:00:00.000;294;8080;4;0;10492
2017-12-23 00:00:00.000;231;8080;1;0;10493
2017-12-23 00:00:00.000;181;8080;3;0;10494
2017-12-23 00:00:00.000;184;8080;3;0;10495
2017-12-23 00:00:00.000;187;8080;1;0;10496
2017-12-23 00:00:00.000;166;8080;4;0;10497
2017-12-23 00:00:00.000;219;8080;1;0;10498
2017-12-23 00:00:00.000;266;8080;3;0;10499
2017-12-23 00:00:00.000;311;8080;4;0;10500
2017-12-23 00:00:00.000;298;8080;1;0;10501
2017-12-23 00:00:00.000;252;8080;3;0;10502
2017-12-23 00:00:00.000;255;8080;1;0;10503
2017-12-23 00:00:00.000;299;8080;4;0;10504
2017-12-23 00:00:00.000;138;8080;1;0;10505
2017-12-23 00:00:00.000;297;8080;1;0;10506
2017-12-23 00:00:00.000;287;8080;4;0;10507
2017-12-23 00:00:00.000;192;8080;1;0;10508
2017-12-23 00:00:00.000;147;8080;1;0;10509
2017-12-23 00:00:00.000;206;8080;3;0;10510
2017-12-23 00:00:00.000;201;8080;3;0;10511
2017-12-23 00:00:00.000;198;8080;1;0;10512
2017-12-23 00:00:00.000;144;8080;4;0;10513
2017-12-23 00:00:00.000;310;8080;3;0;10514
2017-12-23 00:00:00.000;194;8080;4;0;10515
2017-12-23 00:00:00.000;124;8080;;0;10516
2017-12-23 00:00:00.000;309;8080;1;0;10517
2017-12-23 00:00:00.000;193;8080;1;0;10518
2017-12-23 00:00:00.000;249;8080;4;0;10519
2017-12-23 00:00:00.000;169;8080;4;0;10520
2017-12-23 00:00:00.000;230;8080;3;0;10521
2017-12-23 00:00:00.000;270;8080;4;0;10522
2017-12-23 00:00:00.000;191;8080;3;0;10523
2017-12-23 00:00:00.000;310;8080;3;0;10524
2017-12-23 00:00:00.000;157;8080;4;0;10525
2017-12-23 00:00:00.000;244;8080;4;0;10526
2017-12-23 00:00:00.000;280;8080;3;0;10527
2017-12-23 00:00:00.000;280;8080;1;0;10528
2017-12-23 00:00:00.000;199;8080;3;0;10529
2017-12-23 00:00:00.000;117;8080;4;0;10530
2017-12-23 00:00:00.000;198;8080;4;0;10531
2017-12-23 00:00:00.000;181;8080;1;0;10532
2017-12-23 00:00:00.000;299;8080;3;0;10533
2017-12-23 00:00:00.000;174;8080;4;0;10534
2017-12-23 00:00:00.000;134;8080;1;0;10535
2017-12-23 00:00:00.000;257;8080;3;0;10536
2017-12-23 00:00:00.000;212;8080;4;0;10537
2017-12-23 00:00:00.000;120;8080;1;0;10538
2017-12-23 00:00:00.000;205;8080;1;0;10539
2017-12-23 00:00:00.000;192;8080;3;0;10540
2017-12-23 00:00:00.000;169;8080;4;0;10541
2017-12-23 00:00:00.000;243;8080;1;0;10542
2017-12-23 00:00:00.000;299;8080;1;0;10543
2017-12-23 00:00:00.000;129;8080;4;0;10544
2017-12-23 00:00:00.000;113;8080;4;0;10545
2017-12-23 00:00:00.000;232;8080;3;0;10546
2017-12-23 00:00:00.000;305;8080;4;0;10547
2017-12-23 00:00:00.000;298;8080;1;0;10548
2017-12-23 00:00:00.000;196;8080;1;0;10549
2017-12-23 00:00:00.000;298;8080;1;0;10550
2017-12-23 00:00:00.000;192;8080;4;0;10551
2017-12-23 00:00:00.000;243;8080;3;0;10552
2017-12-23 00:00:00.000;258;8080;3;0;10553
2017-12-23 00:00:00.000;141;8080;4;0;10554
2017-12-23 00:00:00.000;114;8080;3;0;10555
2017-12-23 00:00:00.000;242;8080;4;0;10556
2017-12-23 00:00:00.000;131;8080;1;0;10557
2017-12-23 00:00:00.000;121;8080;1;0;10558
2017-12-23 00:00:00.000;285;8080;3;0;10559
2017-12-23 00:00:00.000;221;8080;4;0;10560
2017-12-23 00:00:00.000;272;8080;4;0;10561
2017-12-23 00:00:00.000;310;8080;3;0;10562
2017-12-23 00:00:00.000;112;8080;1;0;10563
2017-12-23 00:00:00.000;145;8080;1;0;10564
2017-12-23 00:00:00.000;214;8080;3;0;10565
2017-12-23 00:00:00.000;119;8080;1;0;10566
2017-12-23 00:00:00.000;158;8080;4;0;10567
2017-12-23 00:00:00.000;142;8080;4;0;10568
2017-12-23 00:00:00.000;165;8080;;0;10569
2017-12-23 00:00:00.000;244;8080;;0;10570
2017-12-23 00:00:00.000;202;8080;4;0;10571
2017-12-23 00:00:00.000;300;8080;3;0;10572
2017-12-23 00:00:00.000;249;8080;4;0;10573
2017-12-23 00:00:00.000;204;8080;4;0;10574
2017-12-23 00:00:00.000;197;8080;4;0;10575
2017-12-23 00:00:00.000;121;8080;4;0;10576
2017-12-23 00:00:00.000;263;8080;1;0;10577
2017-12-23 00:00:00.000;255;8080;1;0;10578
2017-12-23 00:00:00.000;237;8080;4;0;10579
2017-12-23 00:00:00.000;291;8080;4;0;10580
2017-12-23 00:00:00.000;161;8080;4;0;10581
2017-12-23 00:00:00.000;160;8080;4;0;10582
2017-12-23 00:00:00.000;296;8080;4;0;10583
2017-12-23 00:00:00.000;240;8080;;0;10584
2017-12-23 00:00:00.000;203;8080;1;0;10585
2017-12-23 00:00:00.000;309;8080;4;0;10586
2017-12-23 00:00:00.000;156;8080;1;0;10587
2017-12-23 00:00:00.000;235;8080;1;0;10588
2017-12-23 00:00:00.000;183;8080;4;0;10589
2017-12-23 00:00:00.000;125;8080;3;0;10590
2017-12-23 00:00:00.000;294;8080;1;0;10591
2017-12-23 00:00:00.000;181;8080;4;0;10592
2017-12-23 00:00:00.000;199;8080;4;0;10593
2017-12-23 00:00:00.000;200;8080;1;0;10594
2017-12-23 00:00:00.000;147;8080;1;0;10595
2017-12-23 00:00:00.000;227;8080;3;0;10596
2017-12-23 00:00:00.000;119;8080;1;0;10597
2017-12-23 00:00:00.000;303;8080;1;0;10598
2017-12-23 00:00:00.000;222;8080;1;0;10599
2017-12-23 00:00:00.000;186;8080;1;0;10600
2017-12-23 00:00:00.000;236;8080;3;0;10601
2017-12-23 00:00:00.000;168;8080;4;0;10602
2017-12-23 00:00:00.000;155;8080;3;0;10603
2017-12-23 00:00:00.000;154;8080;4;0;10604
2017-12-23 00:00:00.000;153;8080;4;0;10605
2017-12-23 00:00:00.000;233;8080;3;0;10606
2017-12-23 00:00:00.000;190;8080;4;0;10607
2017-12-23 00:00:00.000;214;8080;1;0;10608
2017-12-23 00:00:00.000;117;8080;4;0;10609
2017-12-23 00:00:00.000;237;8080;1;0;10610
2017-12-23 00:00:00.000;191;8080;4;0;10611
2017-12-23 00:00:00.000;154;8080;1;0;10612
2017-12-23 00:00:00.000;259;8080;4;0;10613
2017-12-23 00:00:00.000;170;8080;4;0;10614
2017-12-23 00:00:00.000;138;8080;3;0;10615
2017-12-23 00:00:00.000;209;8080;4;0;10616
2017-12-23 00:00:00.000;150;8080;4;0;10617
2017-12-23 00:00:00.000;305;8080;1;0;10618
2017-12-23 00:00:00.000;307;8080;3;0;10619
2017-12-23 00:00:00.000;180;8080;1;0;10620
2017-12-23 00:00:00.000;118;8080;4;0;10621
2017-12-23 00:00:00.000;194;8080;3;0;10622
2017-12-23 00:00:00.000;185;8080;1;0;10623
2017-12-23 00:00:00.000;118;8080;4;0;10624
2017-12-23 00:00:00.000;212;8080;3;0;10625
2017-12-23 00:00:00.000;240;8080;4;0;10626
2017-12-23 00:00:00.000;308;8080;3;0;10627
2017-12-23 00:00:00.000;247;8080;1;0;10628
2017-12-23 00:00:00.000;216;8080;3;0;10629
2017-12-23 00:00:00.000;278;8080;4;0;10630
2017-12-23 00:00:00.000;121;8080;4;0;10631
2017-12-23 00:00:00.000;161;8080;4;0;10632
2017-12-23 00:00:00.000;226;8080;;0;10633
2017-12-23 00:00:00.000;279;8080;4;0;10634
2017-12-23 00:00:00.000;242;8080;1;0;10635
2017-12-23 00:00:00.000;217;8080;3;0;10636
2017-12-23 00:00:00.000;280;8080;1;0;10637
2017-12-23 00:00:00.000;225;8080;1;0;10638
2017-12-23 00:00:00.000;142;8080;1;0;10639
2017-12-23 00:00:00.000;250;8080;4;0;10640
2017-12-23 00:00:00.000;294;8080;3;0;10641
2017-12-23 00:00:00.000;190;8080;4;0;10642
2017-12-23 00:00:00.000;133;8080;1;0;10643
2017-12-23 00:00:00.000;188;8080;3;0;10644
2017-12-23 00:00:00.000;276;8080;4;0;10645
2017-12-23 00:00:00.000;249;8080;4;0;10646
2017-12-23 00:00:00.000;165;8080;1;0;10647
2017-12-23 00:00:00.000;122;8080;1;0;10648
2017-12-23 00:00:00.000;293;8080;1;0;10649
2017-12-23 00:00:00.000;222;8080;1;0;10650
2017-12-23 00:00:00.000;134;8080;1;0;10651
2017-12-23 00:00:00.000;138;8080;1;0;10652
2017-12-23 00:00:00.000;204;8080;3;0;10653
2017-12-23 00:00:00.000;169;8080;3;0;10654
2017-12-23 00:00:00.000;306;8080;4;0;10655
2017-12-23 00:00:00.000;248;8080;1;0;10656
2017-12-23 00:00:00.000;228;8080;;0;10657
2017-12-23 00:00:00.000;198;8080;3;0;10658
2017-12-23 00:00:00.000;277;8080;1;0;10659
2017-12-23 00:00:00.000;159;8080;1;0;10660
2017-12-23 00:00:00.000;122;8080;4;0;10661
2017-12-23 00:00:00.000;195;8080;3;0;10662
2017-12-23 00:00:00.000;257;8080;4;0;10663
2017-12-23 00:00:00.000;141;8080;1;0;10664
2017-12-23 00:00:00.000;115;8080;1;0;10665
2017-12-23 00:00:00.000;232;8080;3;0;10666
2017-12-23 00:00:00.000;143;8080;4;0;10667
2017-12-23 00:00:00.000;237;8080;1;0;10668
2017-12-23 00:00:00.000;225;8080;4;0;10669
2017-12-23 00:00:00.000;303;8080;4;0;10670
2017-12-23 00:00:00.000;194;8080;4;0;10671
2017-12-23 00:00:00.000;199;8080;1;0;10672
2017-12-23 00:00:00.000;148;8080;1;0;10673
2017-12-23 00:00:00.000;300;8080;4;0;10674
2017-12-23 00:00:00.000;160;8080;4;0;10675
2017-12-23 00:00:00.000;176;8080;4;0;10676
2017-12-23 00:00:00.000;177;8080;4;0;10677
2017-12-23 00:00:00.000;266;8080;4;0;10678
2017-12-23 00:00:00.000;291;8080;4;0;10679
2017-12-23 00:00:00.000;235;8080;1;0;10680
2017-12-23 00:00:00.000;266;8080;1;0;10681
2017-12-23 00:00:00.000;123;8080;;0;10682
2017-12-23 00:00:00.000;195;8080;4;0;10683
2017-12-23 00:00:00.000;233;8080;4;0;10684
2017-12-23 00:00:00.000;193;8080;3;0;10685
2017-12-23 00:00:00.000;216;8080;3;0;10686
2017-12-23 00:00:00.000;118;8080;1;0;10687
2017-12-23 00:00:00.000;237;8080;1;0;10688
2017-12-23 00:00:00.000;307;8080;1;0;10689
2017-12-23 00:00:00.000;150;8080;3;0;10690
2017-12-23 00:00:00.000;258;8080;1;0;10691
2017-12-23 00:00:00.000;127;8080;4;0;10692
2017-12-23 00:00:00.000;142;8080;4;0;10693
2017-12-23 00:00:00.000;139;8080;4;0;10694
2017-12-23 00:00:00.000;198;8080;4;0;10695
2017-12-23 00:00:00.000;239;8080;4;0;10696
2017-12-23 00:00:00.000;177;8080;1;0;10697
2017-12-23 00:00:00.000;284;8080;1;0;10698
2017-12-23 00:00:00.000;286;8080;1;0;10699
2017-12-23 00:00:00.000;265;8080;1;0;10700
2017-12-23 00:00:00.000;274;8080;1;0;10701
2017-12-23 00:00:00.000;151;8080;1;0;10702
2017-12-23 00:00:00.000;127;8080;1;0;10703
2017-12-23 00:00:00.000;113;8080;3;0;10704
2017-12-23 00:00:00.000;274;8080;1;0;10705
2017-12-23 00:00:00.000;280;8080;1;0;10706
2017-12-23 00:00:00.000;256;8080;1;0;10707
2017-12-23 00:00:00.000;141;8080;1;0;10708
2017-12-23 00:00:00.000;176;8080;3;0;10709
2017-12-23 00:00:00.000;136;8080;1;0;10710
2017-12-23 00:00:00.000;131;8080;1;0;10711
2017-12-23 00:00:00.000;225;8080;4;0;10712
2017-12-23 00:00:00.000;151;8080;4;0;10713
2017-12-23 00:00:00.000;168;8080;1;0;10714
2017-12-23 00:00:00.000;239;8080;1;0;10715
2017-12-23 00:00:00.000;205;8080;3;0;10716
2017-12-23 00:00:00.000;149;8080;4;0;10717
2017-12-23 00:00:00.000;167;8080;1;0;10718
2017-12-23 00:00:00.000;248;8080;1;0;10719
2017-12-23 00:00:00.000;197;8080;4;0;10720
2017-12-23 00:00:00.000;172;8080;3;0;10721
2017-12-23 00:00:00.000;122;8080;1;0;10722
2017-12-23 00:00:00.000;292;8080;4;0;10723
2017-12-23 00:00:00.000;224;8080;1;0;10724
2017-12-23 00:00:00.000;154;8080;4;0;10725
2017-12-23 00:00:00.000;253;8080;1;0;10726
2017-12-23 00:00:00.000;189;8080;1;0;10727
2017-12-23 00:00:00.000;216;8080;3;0;10728
2017-12-23 00:00:00.000;148;8080;4;0;10729
2017-12-23 00:00:00.000;174;8080;3;0;10730
2017-12-23 00:00:00.000;111;8080;1;0;10731
2017-12-23 00:00:00.000;270;8080;1;0;10732
2017-12-23 00:00:00.000;140;8080;1;0;10733
2017-12-23 00:00:00.000;121;8080;1;0;10734
2017-12-23 00:00:00.000;212;8080;4;0;10735
2017-12-23 00:00:00.000;216;8080;4;0;10736
2017-12-23 00:00:00.000;173;8080;1;0;10737
2017-12-23 00:00:00.000;147;8080;1;0;10738
2017-12-23 00:00:00.000;260;8080;3;0;10739
2017-12-23 00:00:00.000;116;8080;3;0;10740
2017-12-23 00:00:00.000;297;8080;1;0;10741
2017-12-23 00:00:00.000;156;8080;3;0;10742
2017-12-23 00:00:00.000;292;8080;1;0;10743
2017-12-23 00:00:00.000;294;8080;3;0;10744
2017-12-23 00:00:00.000;169;8080;4;0;10745
2017-12-23 00:00:00.000;300;8080;1;0;10746
2017-12-23 00:00:00.000;266;8080;3;0;10747
2017-12-23 00:00:00.000;259;8080;3;0;10748
2017-12-23 00:00:00.000;255;8080;1;0;10749
2017-12-23 00:00:00.000;169;8080;1;0;10750
2017-12-23 00:00:00.000;231;8080;4;0;10751
2017-12-23 00:00:00.000;301;8080;1;0;10752
2017-12-23 00:00:00.000;175;8080;1;0;10753
2017-12-23 00:00:00.000;155;8080;1;0;10754
2017-12-23 00:00:00.000;143;8080;1;0;10755
2017-12-23 00:00:00.000;203;8080;4;0;10756
2017-12-23 00:00:00.000;188;8080;1;0;10757
2017-12-23 00:00:00.000;132;8080;1;0;10758
2017-12-23 00:00:00.000;302;8080;3;0;10759
2017-12-23 00:00:00.000;120;8080;1;0;10760
2017-12-23 00:00:00.000;241;8080;3;0;10761
2017-12-23 00:00:00.000;127;8080;3;0;10762
2017-12-23 00:00:00.000;151;8080;1;0;10763
2017-12-23 00:00:00.000;286;8080;3;0;10764
2017-12-23 00:00:00.000;198;8080;3;0;10765
2017-12-23 00:00:00.000;159;8080;1;0;10766
2017-12-23 00:00:00.000;125;8080;4;0;10767
2017-12-23 00:00:00.000;292;8080;3;0;10768
2017-12-23 00:00:00.000;226;8080;1;0;10769
2017-12-23 00:00:00.000;239;8080;3;0;10770
2017-12-23 00:00:00.000;269;8080;3;0;10771
2017-12-23 00:00:00.000;182;8080;1;0;10772
2017-12-23 00:00:00.000;191;8080;4;0;10773
2017-12-23 00:00:00.000;191;8080;1;0;10774
2017-12-23 00:00:00.000;291;8080;4;0;10775
2017-12-23 00:00:00.000;112;8080;4;0;10776
2017-12-23 00:00:00.000;278;8080;1;0;10777
2017-12-23 00:00:00.000;294;8080;1;0;10778
2017-12-23 00:00:00.000;259;8080;1;0;10779
2017-12-23 00:00:00.000;225;8080;3;0;10780
2017-12-23 00:00:00.000;203;8080;3;0;10781
2017-12-23 00:00:00.000;265;8080;3;0;10782
2017-12-23 00:00:00.000;174;8080;4;0;10783
2017-12-23 00:00:00.000;164;8080;3;0;10784
2017-01-24 00:00:00.000;221;UGB ;1;0;10785
2017-01-24 00:00:00.000;152;UGB ;4;0;10786
2017-01-24 00:00:00.000;228;UGB ;1;0;10787
2017-01-24 00:00:00.000;127;UGB ;;0;10788
2017-01-24 00:00:00.000;151;UGB ;4;0;10789
2017-01-24 00:00:00.000;163;UGB ;1;0;10790
2017-01-24 00:00:00.000;295;UGB ;1;0;10791
2017-01-24 00:00:00.000;277;UGB ;;0;10792
2017-01-24 00:00:00.000;269;UGB ;;0;10793
2017-01-24 00:00:00.000;253;UGB ;3;0;10794
2017-01-24 00:00:00.000;254;UGB ;3;0;10795
2017-01-24 00:00:00.000;210;UGB ;;0;10796
2017-01-24 00:00:00.000;218;UGB ;4;0;10797
2017-01-24 00:00:00.000;294;UGB ;;0;10798
2017-01-24 00:00:00.000;194;UGB ;;0;10799
2017-01-24 00:00:00.000;124;UGB ;4;0;10800
2017-02-24 00:00:00.000;148;UGB ;1;0;10801
2017-02-24 00:00:00.000;194;UGB ;;0;10802
2017-02-24 00:00:00.000;189;UGB ;4;0;10803
2017-02-24 00:00:00.000;211;UGB ;3;0;10804
2017-02-24 00:00:00.000;312;UGB ;1;0;10805
2017-02-24 00:00:00.000;151;UGB ;;0;10806
2017-02-24 00:00:00.000;210;UGB ;1;0;10807
2017-02-24 00:00:00.000;271;UGB ;1;49,7;10808
2017-02-24 00:00:00.000;292;UGB ;4;0;10809
2017-02-24 00:00:00.000;113;UGB ;1;0;10810
2017-02-24 00:00:00.000;214;UGB ;3;0;10811
2017-02-24 00:00:00.000;274;UGB ;1;0;10812
2017-02-24 00:00:00.000;141;UGB ;4;0;10813
2017-02-24 00:00:00.000;207;UGB ;3;0;10814
2017-02-24 00:00:00.000;294;UGB ;1;0;10815
2017-02-24 00:00:00.000;115;UGB ;1;0;10816
2017-02-24 00:00:00.000;252;UGB ;1;0;10817
2017-02-24 00:00:00.000;274;UGB ;3;0;10818
2017-02-24 00:00:00.000;263;UGB ;1;0;10819
2017-02-24 00:00:00.000;168;UGB ;4;0;10820
2017-02-24 00:00:00.000;211;UGB ;4;0;10821
2017-02-24 00:00:00.000;143;UGB ;3;0;10822
2017-02-24 00:00:00.000;135;UGB ;;0;10823
2017-02-24 00:00:00.000;193;UGB ;1;0;10824
2017-02-24 00:00:00.000;277;UGB ;4;0;10825
2017-02-24 00:00:00.000;255;UGB ;3;0;10826
2017-02-24 00:00:00.000;210;UGB ;4;0;10827
2017-02-24 00:00:00.000;283;UGB ;;0;10828
2017-02-24 00:00:00.000;190;UGB ;;0;10829
2017-02-24 00:00:00.000;198;UGB ;1;0;10830
2017-02-24 00:00:00.000;297;UGB ;4;0;10831
2017-02-24 00:00:00.000;142;UGB ;4;153,8;10832
2017-02-24 00:00:00.000;209;UGB ;4;0;10833
2017-02-24 00:00:00.000;146;UGB ;1;0;10834
2017-02-24 00:00:00.000;214;UGB ;1;0;10835
2017-02-24 00:00:00.000;188;UGB ;;0;10836
2017-02-24 00:00:00.000;114;UGB ;;0;10837
2017-02-24 00:00:00.000;226;UGB ;4;0;10838
2017-02-24 00:00:00.000;246;UGB ;3;0;10839
2017-02-24 00:00:00.000;293;UGB ;1;0;10840
2017-02-24 00:00:00.000;282;UGB ;1;0;10841
2017-02-24 00:00:00.000;153;UGB ;;0;10842
2017-02-24 00:00:00.000;140;UGB ;;0;10843
2017-02-24 00:00:00.000;232;UGB ;4;0;10844
2017-02-24 00:00:00.000;151;UGB ;3;0;10845
2017-02-24 00:00:00.000;162;UGB ;3;0;10846
2017-02-24 00:00:00.000;221;UGB ;3;0;10847
2017-02-24 00:00:00.000;253;UGB ;4;0;10848
2017-02-24 00:00:00.000;307;UGB ;;0;10849
2017-02-24 00:00:00.000;168;UGB ;;0;10850
2017-02-24 00:00:00.000;154;UGB ;1;0;10851
2017-02-24 00:00:00.000;174;UGB ;4;0;10852
2017-02-24 00:00:00.000;202;UGB ;1;0;10853
2017-02-24 00:00:00.000;269;UGB ;4;0;10854
2017-02-24 00:00:00.000;117;UGB ;3;0;10855
2017-02-24 00:00:00.000;210;UGB ;;0;10856
2017-02-24 00:00:00.000;268;UGB ;1;0;10857
2017-02-24 00:00:00.000;309;UGB ;1;0;10858
2017-02-24 00:00:00.000;177;UGB ;4;0;10859
2017-02-24 00:00:00.000;251;UGB ;;0;10860
2017-03-24 00:00:00.000;198;UGB ;3;0;10861
2017-03-24 00:00:00.000;154;UGB ;3;0;10862
2017-03-24 00:00:00.000;145;UGB ;4;0;10863
2017-03-24 00:00:00.000;220;UGB ;4;0;10864
2017-03-24 00:00:00.000;117;UGB ;4;0;10865
2017-03-24 00:00:00.000;253;UGB ;3;0;10866
2017-03-24 00:00:00.000;169;UGB ;;0;10867
2017-03-24 00:00:00.000;302;UGB ;3;0;10868
2017-03-24 00:00:00.000;111;UGB ;1;0;10869
2017-03-24 00:00:00.000;140;UGB ;4;0;10870
2017-03-24 00:00:00.000;121;UGB ;1;0;10871
2017-03-24 00:00:00.000;172;UGB ;1;0;10872
2017-03-24 00:00:00.000;311;UGB ;1;0;10873
2017-03-24 00:00:00.000;144;UGB ;1;0;10874
2017-04-24 00:00:00.000;132;WAO ;3;0;10875
2017-04-24 00:00:00.000;198;WAO ;3;0;10876
2017-04-24 00:00:00.000;259;WAO ;3;0;10877
2017-04-24 00:00:00.000;146;WAO ;4;0;10878
2017-04-24 00:00:00.000;151;WAO ;4;0;10879
2017-04-24 00:00:00.000;258;WAO ;3;0;10880
2017-04-24 00:00:00.000;144;WAO ;3;0;10881
2017-04-24 00:00:00.000;230;WAO ;1;0;10882
2017-04-24 00:00:00.000;159;WAO ;4;0;10883
2017-11-24 00:00:00.000;239;8080;3;0;10884
2017-11-24 00:00:00.000;291;8080;3;0;10885
2017-11-24 00:00:00.000;258;8080;;0;10886
2017-11-24 00:00:00.000;207;8080;4;0;10887
2017-11-24 00:00:00.000;297;8080;1;0;10888
2017-11-24 00:00:00.000;209;8080;3;0;10889
2017-11-24 00:00:00.000;256;8080;1;0;10890
2017-11-24 00:00:00.000;115;8080;;0;10891
2017-11-24 00:00:00.000;299;8080;;0;10892
2017-11-24 00:00:00.000;249;8080;4;0;10893
2017-11-24 00:00:00.000;114;8080;3;0;10894
2017-11-24 00:00:00.000;230;8080;3;0;10895
2017-11-24 00:00:00.000;258;8080;3;0;10896
2017-11-24 00:00:00.000;115;8080;4;0;10897
2017-11-24 00:00:00.000;222;8080;1;0;10898
2017-11-24 00:00:00.000;285;8080;3;0;10899
2017-11-24 00:00:00.000;137;8080;4;0;10900
2017-11-24 00:00:00.000;271;8080;;0;10901
2017-11-24 00:00:00.000;169;8080;4;0;10902
2017-11-24 00:00:00.000;140;8080;;0;10903
2017-11-24 00:00:00.000;268;8080;3;0;10904
2017-11-24 00:00:00.000;280;8080;;0;10905
2017-11-24 00:00:00.000;299;8080;1;0;10906
2017-11-24 00:00:00.000;227;8080;1;0;10907
2017-11-24 00:00:00.000;205;8080;4;0;10908
2017-11-24 00:00:00.000;199;8080;3;0;10909
2017-12-24 00:00:00.000;202;8080;4;0;10910
2017-12-24 00:00:00.000;279;8080;4;0;10911
2017-12-24 00:00:00.000;181;8080;4;0;10912
2017-12-24 00:00:00.000;118;8080;1;0;10913
2017-12-24 00:00:00.000;204;8080;3;0;10914
2017-12-24 00:00:00.000;225;8080;4;0;10915
2017-12-24 00:00:00.000;303;8080;3;0;10916
2017-12-24 00:00:00.000;234;8080;3;0;10917
2017-12-24 00:00:00.000;282;8080;4;0;10918
2017-12-24 00:00:00.000;200;8080;1;0;10919
2017-12-24 00:00:00.000;231;8080;1;0;10920
2017-12-24 00:00:00.000;154;8080;1;0;10921
2017-12-24 00:00:00.000;262;8080;4;0;10922
2017-12-24 00:00:00.000;188;8080;4;0;10923
2017-12-24 00:00:00.000;113;8080;1;0;10924
2017-12-24 00:00:00.000;238;8080;3;0;10925
2017-12-24 00:00:00.000;296;8080;1;0;10926
2017-12-24 00:00:00.000;246;8080;4;0;10927
2017-12-24 00:00:00.000;117;8080;4;0;10928
2017-12-24 00:00:00.000;167;8080;4;0;10929
2017-12-24 00:00:00.000;303;8080;1;0;10930
2017-12-24 00:00:00.000;126;8080;3;0;10931
2017-12-24 00:00:00.000;125;8080;3;0;10932
2017-12-24 00:00:00.000;112;8080;3;0;10933
2017-12-24 00:00:00.000;141;8080;4;0;10934
2017-12-24 00:00:00.000;261;8080;4;0;10935
2017-12-24 00:00:00.000;297;8080;1;0;10936
2017-12-24 00:00:00.000;289;8080;4;0;10937
2017-12-24 00:00:00.000;227;8080;3;0;10938
2017-12-24 00:00:00.000;217;8080;1;0;10939
2017-12-24 00:00:00.000;198;8080;1;0;10940
2017-12-24 00:00:00.000;250;8080;4;0;10941
2017-12-24 00:00:00.000;147;8080;3;0;10942
2017-12-24 00:00:00.000;305;8080;3;0;10943
2017-12-24 00:00:00.000;274;8080;4;0;10944
2017-12-24 00:00:00.000;168;8080;4;0;10945
2017-12-24 00:00:00.000;182;8080;3;0;10946
2017-12-24 00:00:00.000;121;8080;1;0;10947
2017-12-24 00:00:00.000;179;8080;4;0;10948
2017-12-24 00:00:00.000;127;8080;4;0;10949
2017-12-24 00:00:00.000;299;8080;4;0;10950
2017-12-24 00:00:00.000;253;8080;3;0;10951
2017-12-24 00:00:00.000;260;8080;3;0;10952
2017-12-24 00:00:00.000;220;8080;1;0;10953
2017-12-24 00:00:00.000;200;8080;1;0;10954
2017-12-24 00:00:00.000;156;8080;1;0;10955
2017-12-24 00:00:00.000;116;8080;1;0;10956
2017-12-24 00:00:00.000;274;8080;1;0;10957
2017-12-24 00:00:00.000;160;8080;3;0;10958
2017-12-24 00:00:00.000;261;8080;3;0;10959
2017-12-24 00:00:00.000;247;8080;1;0;10960
2017-12-24 00:00:00.000;166;8080;4;0;10961
2017-12-24 00:00:00.000;305;8080;4;0;10962
2017-12-24 00:00:00.000;160;8080;4;0;10963
2017-12-24 00:00:00.000;215;8080;4;0;10964
2017-12-24 00:00:00.000;210;8080;3;0;10965
2017-12-24 00:00:00.000;258;8080;1;0;10966
2017-12-24 00:00:00.000;248;8080;3;0;10967
2017-12-24 00:00:00.000;213;8080;1;0;10968
2017-12-24 00:00:00.000;134;8080;4;0;10969
2017-12-24 00:00:00.000;147;8080;3;0;10970
2017-12-24 00:00:00.000;219;8080;3;0;10971
2017-12-24 00:00:00.000;288;8080;3;0;10972
2017-12-24 00:00:00.000;168;8080;4;0;10973
2017-12-24 00:00:00.000;125;8080;3;0;10974
2017-12-24 00:00:00.000;305;8080;4;0;10975
2017-12-24 00:00:00.000;230;8080;4;0;10976
2017-12-24 00:00:00.000;147;8080;4;0;10977
2017-12-24 00:00:00.000;298;8080;3;0;10978
2017-12-24 00:00:00.000;251;8080;3;0;10979
2017-12-24 00:00:00.000;202;8080;3;0;10980
2017-12-24 00:00:00.000;113;8080;1;0;10981
2017-12-24 00:00:00.000;164;8080;3;0;10982
2017-12-24 00:00:00.000;143;8080;4;0;10983
2017-12-24 00:00:00.000;249;8080;4;0;10984
2017-12-24 00:00:00.000;296;8080;1;0;10985
2017-12-24 00:00:00.000;178;8080;3;0;10986
2017-12-24 00:00:00.000;277;8080;1;0;10987
2017-12-24 00:00:00.000;111;8080;3;0;10988
2017-12-24 00:00:00.000;128;8080;3;0;10989
2017-12-24 00:00:00.000;257;8080;1;0;10990
2017-12-24 00:00:00.000;218;8080;3;0;10991
2017-12-24 00:00:00.000;155;8080;4;0;10992
2017-12-24 00:00:00.000;301;8080;1;0;10993
2017-12-24 00:00:00.000;127;8080;4;0;10994
2017-12-24 00:00:00.000;217;8080;1;0;10995
2017-12-24 00:00:00.000;158;8080;1;0;10996
2017-12-24 00:00:00.000;179;8080;1;0;10997
2017-12-24 00:00:00.000;185;8080;4;0;10998
2017-12-24 00:00:00.000;137;8080;4;0;10999
2017-12-24 00:00:00.000;124;8080;4;0;11000
2017-12-24 00:00:00.000;243;8080;1;0;11001
2017-12-24 00:00:00.000;271;8080;3;0;11002
2017-12-24 00:00:00.000;174;8080;1;0;11003
2017-12-24 00:00:00.000;139;8080;1;0;11004
2017-12-24 00:00:00.000;154;8080;1;0;11005
2017-12-24 00:00:00.000;154;8080;3;0;11006
2017-12-24 00:00:00.000;266;8080;3;0;11007
2017-12-24 00:00:00.000;213;8080;1;0;11008
2017-12-24 00:00:00.000;167;8080;3;0;11009
2017-12-24 00:00:00.000;132;8080;1;0;11010
2017-12-24 00:00:00.000;181;8080;4;0;11011
2017-12-24 00:00:00.000;184;8080;1;0;11012
2017-12-24 00:00:00.000;176;8080;3;0;11013
2017-12-24 00:00:00.000;124;8080;4;0;11014
2017-12-24 00:00:00.000;180;8080;3;0;11015
2017-12-24 00:00:00.000;157;8080;4;0;11016
2017-12-24 00:00:00.000;284;8080;4;0;11017
2017-12-24 00:00:00.000;111;8080;4;0;11018
2017-12-24 00:00:00.000;162;8080;4;0;11019
2017-12-24 00:00:00.000;184;8080;4;0;11020
2017-12-24 00:00:00.000;305;8080;1;0;11021
2017-12-24 00:00:00.000;162;8080;4;0;11022
2017-12-24 00:00:00.000;232;8080;$$;0;11023
2017-12-24 00:00:00.000;252;8080;1;0;11024
2017-12-24 00:00:00.000;213;8080;4;0;11025
2017-12-24 00:00:00.000;150;8080;4;0;11026
2017-12-24 00:00:00.000;187;8080;;0;11027
2017-12-24 00:00:00.000;240;8080;4;0;11028
2017-12-24 00:00:00.000;263;8080;1;0;11029
2017-12-24 00:00:00.000;304;8080;3;0;11030
2017-12-24 00:00:00.000;263;8080;3;0;11031
2017-12-24 00:00:00.000;311;8080;1;0;11032
2017-12-24 00:00:00.000;225;8080;1;0;11033
2017-12-24 00:00:00.000;283;8080;1;0;11034
2017-12-24 00:00:00.000;281;8080;3;0;11035
2017-12-24 00:00:00.000;158;8080;3;0;11036
2017-12-24 00:00:00.000;195;8080;1;0;11037
2017-12-24 00:00:00.000;144;8080;1;0;11038
2017-12-24 00:00:00.000;207;8080;1;0;11039
2017-12-24 00:00:00.000;194;8080;3;0;11040
2017-12-24 00:00:00.000;297;8080;4;0;11041
2017-12-24 00:00:00.000;191;8080;4;0;11042
2017-12-24 00:00:00.000;201;8080;4;0;11043
2017-12-24 00:00:00.000;136;8080;4;0;11044
2017-12-24 00:00:00.000;230;8080;4;0;11045
2017-12-24 00:00:00.000;278;8080;4;0;11046
2017-12-24 00:00:00.000;205;8080;3;0;11047
2017-12-24 00:00:00.000;159;8080;1;0;11048
2017-12-24 00:00:00.000;272;8080;4;0;11049
2017-12-24 00:00:00.000;194;8080;3;0;11050
2017-12-24 00:00:00.000;127;8080;3;0;11051
2017-12-24 00:00:00.000;276;8080;4;0;11052
2017-12-24 00:00:00.000;111;8080;3;0;11053
2017-12-24 00:00:00.000;254;8080;1;0;11054
2017-12-24 00:00:00.000;262;8080;1;0;11055
2017-12-24 00:00:00.000;191;8080;3;0;11056
2017-12-24 00:00:00.000;211;8080;4;0;11057
2017-12-24 00:00:00.000;286;8080;1;0;11058
2017-12-24 00:00:00.000;231;8080;1;0;11059
2017-12-24 00:00:00.000;302;8080;3;0;11060
2017-12-24 00:00:00.000;235;8080;4;0;11061
2017-12-24 00:00:00.000;222;8080;1;0;11062
2017-12-24 00:00:00.000;184;8080;;0;11063
2017-12-24 00:00:00.000;141;8080;3;0;11064
2017-12-24 00:00:00.000;278;8080;3;0;11065
2017-12-24 00:00:00.000;181;8080;4;0;11066
2017-12-24 00:00:00.000;273;8080;3;0;11067
2017-12-24 00:00:00.000;143;8080;3;0;11068
2017-12-24 00:00:00.000;228;8080;4;0;11069
2017-12-24 00:00:00.000;277;8080;1;0;11070
2017-12-24 00:00:00.000;170;8080;1;0;11071
2017-12-24 00:00:00.000;206;8080;4;0;11072
2017-12-24 00:00:00.000;235;8080;;0;11073
2017-12-24 00:00:00.000;113;8080;1;0;11074
2017-12-24 00:00:00.000;158;8080;4;0;11075
2017-12-24 00:00:00.000;278;8080;1;0;11076
2017-12-24 00:00:00.000;188;8080;4;0;11077
2017-12-24 00:00:00.000;129;8080;4;0;11078
2017-12-24 00:00:00.000;299;8080;4;0;11079
2017-12-24 00:00:00.000;192;8080;1;0;11080
2017-12-24 00:00:00.000;230;8080;4;0;11081
2017-12-24 00:00:00.000;210;8080;1;0;11082
2017-12-24 00:00:00.000;257;8080;4;0;11083
2017-12-24 00:00:00.000;198;8080;3;0;11084
2017-12-24 00:00:00.000;164;8080;1;0;11085
2017-12-24 00:00:00.000;142;8080;3;0;11086
2017-12-24 00:00:00.000;202;8080;3;0;11087
2017-12-24 00:00:00.000;182;8080;4;0;11088
2017-12-24 00:00:00.000;291;8080;4;0;11089
2017-12-24 00:00:00.000;155;8080;1;0;11090
2017-12-24 00:00:00.000;261;8080;1;0;11091
2017-12-24 00:00:00.000;174;8080;1;0;11092
2017-12-24 00:00:00.000;312;8080;4;0;11093
2017-12-24 00:00:00.000;135;8080;4;0;11094
2017-12-24 00:00:00.000;216;8080;1;0;11095
2017-12-24 00:00:00.000;278;8080;3;0;11096
2017-12-24 00:00:00.000;296;8080;4;0;11097
2017-12-24 00:00:00.000;296;8080;1;0;11098
2017-12-24 00:00:00.000;153;8080;1;0;11099
2017-12-24 00:00:00.000;249;8080;1;0;11100
2017-12-24 00:00:00.000;176;8080;4;0;11101
2017-12-24 00:00:00.000;115;8080;1;0;11102
2017-12-24 00:00:00.000;213;8080;4;0;11103
2017-12-24 00:00:00.000;170;8080;1;0;11104
2017-12-24 00:00:00.000;295;8080;1;0;11105
2017-12-24 00:00:00.000;168;8080;4;0;11106
2017-12-24 00:00:00.000;239;8080;3;0;11107
2017-12-24 00:00:00.000;237;8080;1;0;11108
2017-12-24 00:00:00.000;164;8080;4;0;11109
2017-12-24 00:00:00.000;194;8080;1;0;11110
2017-12-24 00:00:00.000;295;8080;1;0;11111
2017-12-24 00:00:00.000;124;8080;1;0;11112
2017-12-24 00:00:00.000;234;8080;1;0;11113
2017-12-24 00:00:00.000;258;8080;4;0;11114
2017-12-24 00:00:00.000;181;8080;4;0;11115
2017-12-24 00:00:00.000;248;8080;1;0;11116
2017-12-24 00:00:00.000;195;8080;1;0;11117
2017-12-24 00:00:00.000;177;8080;3;0;11118
2017-12-24 00:00:00.000;255;8080;1;0;11119
2017-12-24 00:00:00.000;265;8080;3;0;11120
2017-12-24 00:00:00.000;131;8080;4;0;11121
2017-12-24 00:00:00.000;187;8080;1;0;11122
2017-12-24 00:00:00.000;210;8080;1;0;11123
2017-12-24 00:00:00.000;116;8080;3;0;11124
2017-12-24 00:00:00.000;138;8080;4;0;11125
2017-12-24 00:00:00.000;231;8080;3;0;11126
2017-12-24 00:00:00.000;132;8080;3;0;11127
2017-12-24 00:00:00.000;138;8080;4;0;11128
2017-12-24 00:00:00.000;274;8080;;0;11129
2017-12-24 00:00:00.000;274;8080;;0;11130
2017-12-24 00:00:00.000;185;8080;3;0;11131
2017-12-24 00:00:00.000;242;8080;4;0;11132
2017-12-24 00:00:00.000;227;8080;3;0;11133
2017-12-24 00:00:00.000;270;8080;3;0;11134
2017-12-24 00:00:00.000;176;8080;1;0;11135
2017-12-24 00:00:00.000;268;8080;3;0;11136
2017-12-24 00:00:00.000;163;8080;4;0;11137
2017-12-24 00:00:00.000;308;8080;1;0;11138
2017-12-24 00:00:00.000;249;8080;1;0;11139
2017-12-24 00:00:00.000;200;8080;4;0;11140
2017-12-24 00:00:00.000;179;8080;1;0;11141
2017-12-24 00:00:00.000;210;8080;3;0;11142
2017-12-24 00:00:00.000;294;8080;1;0;11143
2017-12-24 00:00:00.000;240;8080;4;0;11144
2017-12-24 00:00:00.000;186;8080;1;0;11145
2017-12-24 00:00:00.000;307;8080;4;0;11146
2017-12-24 00:00:00.000;198;8080;3;0;11147
2017-12-24 00:00:00.000;135;8080;4;0;11148
2017-12-24 00:00:00.000;311;8080;4;0;11149
2017-12-24 00:00:00.000;119;8080;1;0;11150
2017-12-24 00:00:00.000;133;8080;1;0;11151
2017-12-24 00:00:00.000;149;8080;4;0;11152
2017-12-24 00:00:00.000;134;8080;1;0;11153
2017-12-24 00:00:00.000;270;8080;1;0;11154
2017-12-24 00:00:00.000;278;8080;4;0;11155
2017-12-24 00:00:00.000;186;8080;1;0;11156
2017-12-24 00:00:00.000;265;8080;1;0;11157
2017-12-24 00:00:00.000;260;8080;1;0;11158
2017-12-24 00:00:00.000;267;8080;4;0;11159
2017-12-24 00:00:00.000;126;8080;1;0;11160
2017-12-24 00:00:00.000;115;8080;3;0;11161
2017-12-24 00:00:00.000;141;8080;4;0;11162
2017-12-24 00:00:00.000;305;8080;3;0;11163
2017-12-24 00:00:00.000;163;8080;3;0;11164
2017-12-24 00:00:00.000;197;8080;4;0;11165
2017-12-24 00:00:00.000;311;8080;3;0;11166
2017-12-24 00:00:00.000;142;8080;;0;11167
2017-12-24 00:00:00.000;164;8080;1;0;11168
2017-12-24 00:00:00.000;123;8080;1;0;11169
2017-12-24 00:00:00.000;177;8080;1;0;11170
2017-12-24 00:00:00.000;306;8080;1;0;11171
2017-12-24 00:00:00.000;214;8080;4;0;11172
2017-12-24 00:00:00.000;213;8080;1;0;11173
2017-12-24 00:00:00.000;257;8080;1;0;11174
2017-12-24 00:00:00.000;280;8080;4;0;11175
2017-12-24 00:00:00.000;163;8080;3;0;11176
2017-12-24 00:00:00.000;305;8080;3;0;11177
2017-12-24 00:00:00.000;126;8080;1;0;11178
2017-12-24 00:00:00.000;128;8080;4;0;11179
2017-12-24 00:00:00.000;221;8080;1;0;11180
2017-12-24 00:00:00.000;205;8080;4;0;11181
2017-12-24 00:00:00.000;286;8080;4;0;11182
2017-12-24 00:00:00.000;133;8080;1;0;11183
2017-12-24 00:00:00.000;164;8080;1;0;11184
2017-12-24 00:00:00.000;242;8080;1;0;11185
2017-12-24 00:00:00.000;192;8080;1;0;11186
2017-12-24 00:00:00.000;258;8080;1;0;11187
2017-12-24 00:00:00.000;311;8080;4;0;11188
2017-12-24 00:00:00.000;217;8080;3;0;11189
2017-12-24 00:00:00.000;191;8080;1;0;11190
2017-12-24 00:00:00.000;215;8080;3;0;11191
2017-12-24 00:00:00.000;191;8080;4;0;11192
2017-12-24 00:00:00.000;225;8080;4;0;11193
2017-12-24 00:00:00.000;180;8080;1;0;11194
2017-12-24 00:00:00.000;250;8080;1;0;11195
2017-12-24 00:00:00.000;185;8080;1;0;11196
2017-12-24 00:00:00.000;118;8080;3;0;11197
2017-12-24 00:00:00.000;124;8080;1;0;11198
2017-12-24 00:00:00.000;113;8080;1;0;11199
2017-12-24 00:00:00.000;135;8080;1;0;11200
2017-12-24 00:00:00.000;304;8080;1;0;11201
2017-12-24 00:00:00.000;132;8080;3;0;11202
2017-12-24 00:00:00.000;125;8080;;0;11203
2017-12-24 00:00:00.000;291;8080;3;0;11204
2017-12-24 00:00:00.000;297;8080;3;0;11205
2017-12-24 00:00:00.000;149;8080;1;0;11206
2017-12-24 00:00:00.000;228;8080;4;0;11207
2017-12-24 00:00:00.000;228;8080;4;0;11208
2017-12-24 00:00:00.000;178;8080;4;0;11209
2017-12-24 00:00:00.000;120;8080;1;0;11210
2017-12-24 00:00:00.000;194;8080;4;0;11211
2017-12-24 00:00:00.000;264;8080;4;0;11212
2017-12-24 00:00:00.000;250;8080;1;0;11213
2017-12-24 00:00:00.000;189;8080;4;0;11214
2017-12-24 00:00:00.000;161;8080;4;0;11215
2017-12-24 00:00:00.000;139;8080;4;0;11216
2017-12-24 00:00:00.000;137;8080;1;0;11217
2017-12-24 00:00:00.000;239;8080;3;0;11218
2017-12-24 00:00:00.000;154;8080;1;0;11219
2017-12-24 00:00:00.000;279;8080;1;0;11220
2017-12-24 00:00:00.000;149;8080;3;0;11221
2017-12-24 00:00:00.000;111;8080;1;0;11222
2017-12-24 00:00:00.000;152;8080;3;0;11223
2017-12-24 00:00:00.000;274;8080;1;0;11224
2017-12-24 00:00:00.000;139;8080;1;0;11225
2017-12-24 00:00:00.000;283;8080;3;0;11226
2017-12-24 00:00:00.000;271;8080;4;0;11227
2017-12-24 00:00:00.000;173;8080;4;0;11228
2017-12-24 00:00:00.000;137;8080;4;0;11229
2017-12-24 00:00:00.000;175;8080;3;0;11230
2017-12-24 00:00:00.000;233;8080;1;0;11231
2017-12-24 00:00:00.000;159;8080;;0;11232
2017-12-24 00:00:00.000;246;8080;1;0;11233
2017-12-24 00:00:00.000;220;8080;;0;11234
2017-01-25 00:00:00.000;247;UGB ;1;0;11235
2017-01-25 00:00:00.000;131;UGB ;1;0;11236
2017-01-25 00:00:00.000;240;UGB ;3;0;11237
2017-01-25 00:00:00.000;179;UGB ;3;0;11238
2017-01-25 00:00:00.000;199;UGB ;4;0;11239
2017-01-25 00:00:00.000;183;UGB ;1;0;11240
2017-01-25 00:00:00.000;299;UGB ;1;0;11241
2017-01-25 00:00:00.000;161;UGB ;;0;11242
2017-01-25 00:00:00.000;284;UGB ;1;0;11243
2017-01-25 00:00:00.000;140;UGB ;;0;11244
2017-01-25 00:00:00.000;145;UGB ;3;0;11245
2017-01-25 00:00:00.000;283;UGB ;;0;11246
2017-01-25 00:00:00.000;302;UGB ;3;0;11247
2017-01-25 00:00:00.000;163;UGB ;4;0;11248
2017-01-25 00:00:00.000;193;UGB ;1;0;11249
2017-02-25 00:00:00.000;133;UGB ;4;0;11250
2017-02-25 00:00:00.000;196;UGB ;1;0;11251
2017-02-25 00:00:00.000;168;UGB ;4;0;11252
2017-02-25 00:00:00.000;178;UGB ;4;0;11253
2017-02-25 00:00:00.000;292;UGB ;3;0;11254
2017-02-25 00:00:00.000;302;UGB ;3;0;11255
2017-02-25 00:00:00.000;241;UGB ;3;0;11256
2017-02-25 00:00:00.000;253;UGB ;4;0;11257
2017-02-25 00:00:00.000;204;UGB ;4;0;11258
2017-02-25 00:00:00.000;225;UGB ;;0;11259
2017-02-25 00:00:00.000;111;UGB ;4;0;11260
2017-02-25 00:00:00.000;221;UGB ;4;0;11261
2017-02-25 00:00:00.000;264;UGB ;4;0;11262
2017-02-25 00:00:00.000;248;UGB ;1;0;11263
2017-02-25 00:00:00.000;231;UGB ;1;0;11264
2017-02-25 00:00:00.000;249;UGB ;4;0;11265
2017-02-25 00:00:00.000;228;UGB ;;0;11266
2017-02-25 00:00:00.000;279;UGB ;3;0;11267
2017-02-25 00:00:00.000;293;UGB ;3;0;11268
2017-02-25 00:00:00.000;118;UGB ;4;0;11269
2017-02-25 00:00:00.000;214;UGB ;1;0;11270
2017-02-25 00:00:00.000;240;UGB ;1;0;11271
2017-02-25 00:00:00.000;307;UGB ;;0;11272
2017-02-25 00:00:00.000;251;UGB ;1;0;11273
2017-02-25 00:00:00.000;282;UGB ;4;0;11274
2017-02-25 00:00:00.000;203;UGB ;4;0;11275
2017-02-25 00:00:00.000;234;UGB ;1;0;11276
2017-02-25 00:00:00.000;248;UGB ;1;0;11277
2017-02-25 00:00:00.000;303;UGB ;1;0;11278
2017-02-25 00:00:00.000;299;UGB ;1;0;11279
2017-02-25 00:00:00.000;236;UGB ;1;0;11280
2017-02-25 00:00:00.000;212;UGB ;4;0;11281
2017-02-25 00:00:00.000;144;UGB ;4;0;11282
2017-02-25 00:00:00.000;229;UGB ;3;0;11283
2017-02-25 00:00:00.000;168;UGB ;4;0;11284
2017-02-25 00:00:00.000;191;UGB ;3;0;11285
2017-02-25 00:00:00.000;193;UGB ;;0;11286
2017-03-25 00:00:00.000;302;UGB ;1;0;11287
2017-03-25 00:00:00.000;240;UGB ;3;0;11288
2017-03-25 00:00:00.000;137;UGB ;3;0;11289
2017-03-25 00:00:00.000;240;UGB ;3;0;11290
2017-03-25 00:00:00.000;154;UGB ;3;0;11291
2017-03-25 00:00:00.000;131;UGB ;4;0;11292
2017-03-25 00:00:00.000;227;UGB ;3;0;11293
2017-03-25 00:00:00.000;235;UGB ;4;0;11294
2017-03-25 00:00:00.000;223;UGB ;3;0;11295
2017-03-25 00:00:00.000;179;UGB ;3;0;11296
2017-03-25 00:00:00.000;119;UGB ;3;0;11297
2017-03-25 00:00:00.000;260;UGB ;3;0;11298
2017-03-25 00:00:00.000;288;UGB ;1;0;11299
2017-03-25 00:00:00.000;140;UGB ;4;0;11300
2017-03-25 00:00:00.000;134;UGB ;3;0;11301
2017-03-25 00:00:00.000;123;UGB ;3;0;11302
2017-03-25 00:00:00.000;217;UGB ;1;0;11303
2017-03-25 00:00:00.000;124;UGB ;3;0;11304
2017-03-25 00:00:00.000;282;UGB ;4;0;11305
2017-03-25 00:00:00.000;204;UGB ;4;0;11306
2017-03-25 00:00:00.000;167;UGB ;4;0;11307
2017-03-25 00:00:00.000;143;UGB ;4;0;11308
2017-03-25 00:00:00.000;157;UGB ;4;0;11309
2017-03-25 00:00:00.000;305;UGB ;;0;11310
2017-04-25 00:00:00.000;160;WAO ;;0;11311
2017-04-25 00:00:00.000;197;WAO ;4;0;11312
2017-04-25 00:00:00.000;226;WAO ;4;0;11313
2017-04-25 00:00:00.000;215;WAO ;;0;11314
2017-04-25 00:00:00.000;238;WAO ;;0;11315
2017-11-25 00:00:00.000;293;8080;3;0;11316
2017-11-25 00:00:00.000;207;8080;3;0;11317
2017-11-25 00:00:00.000;205;8080;4;0;11318
2017-11-25 00:00:00.000;210;8080;1;0;11319
2017-11-25 00:00:00.000;307;8080;3;0;11320
2017-11-25 00:00:00.000;291;8080;3;0;11321
2017-11-25 00:00:00.000;235;8080;1;0;11322
2017-11-25 00:00:00.000;176;8080;3;0;11323
2017-11-25 00:00:00.000;174;8080;1;0;11324
2017-11-25 00:00:00.000;296;8080;4;0;11325
2017-11-25 00:00:00.000;169;8080;1;0;11326
2017-11-25 00:00:00.000;137;8080;1;0;11327
2017-11-25 00:00:00.000;299;8080;1;0;11328
2017-11-25 00:00:00.000;249;8080;1;0;11329
2017-11-25 00:00:00.000;199;8080;;0;11330
2017-11-25 00:00:00.000;138;8080;;0;11331
2017-11-25 00:00:00.000;127;8080;4;0;11332
2017-11-25 00:00:00.000;162;8080;3;0;11333
2017-11-25 00:00:00.000;220;8080;1;0;11334
2017-11-25 00:00:00.000;159;8080;1;0;11335
2017-11-25 00:00:00.000;230;8080;;0;11336
2017-11-25 00:00:00.000;262;8080;1;0;11337
2017-11-25 00:00:00.000;154;8080;4;0;11338
2017-11-25 00:00:00.000;208;8080;;0;11339
2017-11-25 00:00:00.000;140;8080;4;0;11340
2017-11-25 00:00:00.000;237;8080;4;0;11341
2017-11-25 00:00:00.000;137;8080;3;0;11342
2017-11-25 00:00:00.000;268;8080;;0;11343
2017-11-25 00:00:00.000;225;8080;4;0;11344
2017-11-25 00:00:00.000;179;8080;3;0;11345
2017-11-25 00:00:00.000;302;8080;;0;11346
2017-11-25 00:00:00.000;181;8080;3;0;11347
2017-11-25 00:00:00.000;263;8080;3;0;11348
2017-11-25 00:00:00.000;130;8080;;0;11349
2017-11-25 00:00:00.000;191;8080;;0;11350
2017-11-25 00:00:00.000;144;8080;;0;11351
2017-11-25 00:00:00.000;242;8080;1;0;11352
2017-11-25 00:00:00.000;301;8080;;0;11353
2017-01-26 00:00:00.000;140;UGB ;;0;11354
2017-01-26 00:00:00.000;231;UGB ;1;0;11355
2017-01-26 00:00:00.000;199;UGB ;4;0;11356
2017-01-26 00:00:00.000;241;UGB ;;0;11357
2017-01-26 00:00:00.000;112;UGB ;4;0;11358
2017-01-26 00:00:00.000;254;UGB ;3;0;11359
2017-01-26 00:00:00.000;260;UGB ;1;0;11360
2017-01-26 00:00:00.000;224;UGB ;;0;11361
2017-01-26 00:00:00.000;204;UGB ;1;0;11362
2017-01-26 00:00:00.000;197;UGB ;1;0;11363
2017-01-26 00:00:00.000;252;UGB ;3;0;11364
2017-01-26 00:00:00.000;299;UGB ;4;0;11365
2017-02-26 00:00:00.000;150;UGB ;3;0;11366
2017-02-26 00:00:00.000;301;UGB ;4;0;11367
2017-02-26 00:00:00.000;111;UGB ;3;0;11368
2017-02-26 00:00:00.000;293;UGB ;4;0;11369
2017-02-26 00:00:00.000;136;UGB ;4;0;11370
2017-02-26 00:00:00.000;258;UGB ;4;0;11371
2017-02-26 00:00:00.000;301;UGB ;4;0;11372
2017-02-26 00:00:00.000;140;UGB ;;0;11373
2017-03-26 00:00:00.000;249;UGB ;3;0;11374
2017-03-26 00:00:00.000;253;UGB ;;0;11375
2017-03-26 00:00:00.000;269;UGB ;;0;11376
2017-03-26 00:00:00.000;155;UGB ;;0;11377
2017-03-26 00:00:00.000;208;UGB ;4;0;11378
2017-03-26 00:00:00.000;148;UGB ;3;0;11379
2017-03-26 00:00:00.000;115;UGB ;4;0;11380
2017-03-26 00:00:00.000;233;UGB ;1;0;11381
2017-04-26 00:00:00.000;163;WAO ;3;0;11382
2017-04-26 00:00:00.000;311;WAO ;;0;11383
2017-04-26 00:00:00.000;182;WAO ;4;0;11384
2017-04-26 00:00:00.000;308;WAO ;3;0;11385
2017-04-26 00:00:00.000;127;WAO ;1;0;11386
2017-04-26 00:00:00.000;292;WAO ;3;0;11387
2017-04-26 00:00:00.000;242;WAO ;4;0;11388
2017-04-26 00:00:00.000;222;WAO ;3;0;11389
2017-04-26 00:00:00.000;257;WAO ;;0;11390
2017-11-26 00:00:00.000;130;8080;4;0;11391
2017-11-26 00:00:00.000;258;8080;;0;11392
2017-11-26 00:00:00.000;260;8080;;0;11393
2017-11-26 00:00:00.000;274;8080;1;0;11394
2017-11-26 00:00:00.000;229;8080;;0;11395
2017-11-26 00:00:00.000;242;8080;1;0;11396
2017-11-26 00:00:00.000;292;8080;4;0;11397
2017-11-26 00:00:00.000;311;8080;1;0;11398
2017-11-26 00:00:00.000;184;8080;3;0;11399
2017-11-26 00:00:00.000;231;8080;1;0;11400
2017-11-26 00:00:00.000;264;8080;;0;11401
2017-11-26 00:00:00.000;192;8080;4;0;11402
2017-11-26 00:00:00.000;275;8080;1;0;11403
2017-11-26 00:00:00.000;243;8080;;0;11404
2017-11-26 00:00:00.000;141;8080;;0;11405
2017-11-26 00:00:00.000;219;8080;1;0;11406
2017-11-26 00:00:00.000;163;8080;1;0;11407
2017-11-26 00:00:00.000;170;8080;;0;11408
2017-11-26 00:00:00.000;139;8080;4;0;11409
2017-11-26 00:00:00.000;154;8080;3;0;11410
2017-11-26 00:00:00.000;305;8080;4;0;11411
2017-11-26 00:00:00.000;142;8080;4;0;11412
2017-11-26 00:00:00.000;112;8080;4;0;11413
2017-11-26 00:00:00.000;208;8080;4;0;11414
2017-11-26 00:00:00.000;163;8080;1;0;11415
2017-11-26 00:00:00.000;138;8080;;0;11416
2017-11-26 00:00:00.000;111;8080;;0;11417
2017-11-26 00:00:00.000;236;8080;3;0;11418
2017-11-26 00:00:00.000;238;8080;3;0;11419
2017-11-26 00:00:00.000;165;8080;3;0;11420
2017-11-26 00:00:00.000;127;8080;1;0;11421
2017-11-26 00:00:00.000;153;8080;3;0;11422
2017-11-26 00:00:00.000;197;8080;3;0;11423
2017-11-26 00:00:00.000;213;8080;4;0;11424
2017-11-26 00:00:00.000;249;8080;;0;11425
2017-11-26 00:00:00.000;297;8080;;0;11426
2017-11-26 00:00:00.000;196;8080;1;0;11427
2017-11-26 00:00:00.000;312;8080;;0;11428
2017-11-26 00:00:00.000;124;8080;1;0;11429
2017-11-26 00:00:00.000;284;8080;4;0;11430
2017-11-26 00:00:00.000;289;8080;1;0;11431
2017-11-26 00:00:00.000;201;8080;4;0;11432
2017-11-26 00:00:00.000;198;8080;;0;11433
2017-11-26 00:00:00.000;268;8080;3;0;11434
2017-11-26 00:00:00.000;185;8080;;0;11435
2017-11-26 00:00:00.000;169;8080;;0;11436
2017-11-26 00:00:00.000;308;8080;;0;11437
2017-11-26 00:00:00.000;153;8080;;0;11438
2017-11-26 00:00:00.000;305;8080;1;0;11439
2017-11-26 00:00:00.000;121;8080;1;0;11440
2017-11-26 00:00:00.000;176;8080;1;0;11441
2017-11-26 00:00:00.000;262;8080;1;0;11442
2017-11-26 00:00:00.000;296;8080;1;0;11443
2017-11-26 00:00:00.000;222;8080;;0;11444
2017-12-26 00:00:00.000;122;8080;4;0;11445
2017-12-26 00:00:00.000;297;8080;3;0;11446
2017-12-26 00:00:00.000;242;8080;;0;11447
2017-12-26 00:00:00.000;235;8080;1;0;11448
2017-12-26 00:00:00.000;205;8080;1;0;11449
2017-12-26 00:00:00.000;255;8080;1;0;11450
2017-12-26 00:00:00.000;224;8080;4;0;11451
2017-12-26 00:00:00.000;235;8080;4;0;11452
2017-12-26 00:00:00.000;116;8080;4;0;11453
2017-12-26 00:00:00.000;298;8080;;0;11454
2017-12-26 00:00:00.000;242;8080;1;0;11455
2017-12-26 00:00:00.000;262;8080;;0;11456
2017-12-26 00:00:00.000;143;8080;;0;11457
2017-12-26 00:00:00.000;147;8080;4;0;11458
2017-12-26 00:00:00.000;176;8080;3;0;11459
2017-12-26 00:00:00.000;214;8080;;0;11460
2017-12-26 00:00:00.000;239;8080;3;0;11461
2017-12-26 00:00:00.000;261;8080;4;0;11462
2017-12-26 00:00:00.000;239;8080;3;0;11463
2017-12-26 00:00:00.000;161;8080;4;0;11464
2017-12-26 00:00:00.000;303;8080;1;0;11465
2017-12-26 00:00:00.000;303;8080;;0;11466
2017-12-26 00:00:00.000;127;8080;3;0;11467
2017-12-26 00:00:00.000;253;8080;1;0;11468
2017-12-26 00:00:00.000;272;8080;;0;11469
2017-12-26 00:00:00.000;241;8080;3;0;11470
2017-12-26 00:00:00.000;240;8080;;0;11471
2017-12-26 00:00:00.000;132;8080;1;0;11472
2017-12-26 00:00:00.000;148;8080;1;0;11473
2017-12-26 00:00:00.000;187;8080;1;0;11474
2017-12-26 00:00:00.000;206;8080;4;0;11475
2017-12-26 00:00:00.000;257;8080;4;0;11476
2017-12-26 00:00:00.000;222;8080;4;0;11477
2017-12-26 00:00:00.000;187;8080;;0;11478
2017-12-26 00:00:00.000;164;8080;;0;11479
2017-12-26 00:00:00.000;174;8080;1;0;11480
2017-12-26 00:00:00.000;302;8080;;0;11481
2017-12-26 00:00:00.000;249;8080;4;0;11482
2017-12-26 00:00:00.000;125;8080;3;0;11483
2017-12-26 00:00:00.000;269;8080;1;0;11484
2017-12-26 00:00:00.000;148;8080;3;0;11485
2017-12-26 00:00:00.000;220;8080;4;0;11486
2017-12-26 00:00:00.000;155;8080;1;0;11487
2017-12-26 00:00:00.000;156;8080;4;0;11488
2017-12-26 00:00:00.000;287;8080;3;0;11489
2017-12-26 00:00:00.000;155;8080;;0;11490
2017-01-27 00:00:00.000;149;UGB ;4;0;11491
2017-01-27 00:00:00.000;287;UGB ;3;0;11492
2017-01-27 00:00:00.000;168;UGB ;3;0;11493
2017-01-27 00:00:00.000;126;UGB ;4;0;11494
2017-01-27 00:00:00.000;306;UGB ;4;0;11495
2017-01-27 00:00:00.000;230;UGB ;1;0;11496
2017-01-27 00:00:00.000;190;UGB ;1;0;11497
2017-01-27 00:00:00.000;235;UGB ;1;0;11498
2017-01-27 00:00:00.000;191;UGB ;3;0;11499
2017-01-27 00:00:00.000;119;UGB ;1;0;11500
2017-01-27 00:00:00.000;134;UGB ;3;0;11501
2017-01-27 00:00:00.000;226;UGB ;3;0;11502
2017-01-27 00:00:00.000;252;UGB ;1;0;11503
2017-01-27 00:00:00.000;267;UGB ;4;0;11504
2017-01-27 00:00:00.000;233;UGB ;3;0;11505
2017-01-27 00:00:00.000;263;UGB ;1;0;11506
2017-01-27 00:00:00.000;229;UGB ;3;0;11507
2017-01-27 00:00:00.000;225;UGB ;4;0;11508
2017-01-27 00:00:00.000;259;UGB ;;0;11509
2017-01-27 00:00:00.000;142;UGB ;;0;11510
2017-01-27 00:00:00.000;136;UGB ;;0;11511
2017-01-27 00:00:00.000;284;UGB ;4;0;11512
2017-01-27 00:00:00.000;174;UGB ;;0;11513
2017-01-27 00:00:00.000;112;UGB ;1;0;11514
2017-03-27 00:00:00.000;156;UGB ;3;0;11515
2017-03-27 00:00:00.000;308;UGB ;1;0;11516
2017-03-27 00:00:00.000;272;UGB ;1;0;11517
2017-03-27 00:00:00.000;160;UGB ;3;0;11518
2017-03-27 00:00:00.000;236;UGB ;3;0;11519
2017-03-27 00:00:00.000;218;UGB ;1;0;11520
2017-03-27 00:00:00.000;193;UGB ;;0;11521
2017-04-27 00:00:00.000;120;WAO ;3;0;11522
2017-04-27 00:00:00.000;242;WAO ;;0;11523
2017-04-27 00:00:00.000;112;WAO ;;0;11524
2017-04-27 00:00:00.000;273;WAO ;4;0;11525
2017-04-27 00:00:00.000;299;WAO ;4;0;11526
2017-04-27 00:00:00.000;264;WAO ;3;0;11527
2017-04-27 00:00:00.000;172;WAO ;3;0;11528
2017-04-27 00:00:00.000;126;WAO ;4;0;11529
2017-04-27 00:00:00.000;279;WAO ;;0;11530
2017-11-27 00:00:00.000;309;8080;4;0;11531
2017-11-27 00:00:00.000;125;8080;1;0;11532
2017-11-27 00:00:00.000;146;8080;3;0;11533
2017-11-27 00:00:00.000;269;8080;;0;11534
2017-11-27 00:00:00.000;138;8080;3;0;11535
2017-11-27 00:00:00.000;305;8080;1;0;11536
2017-11-27 00:00:00.000;200;8080;;0;11537
2017-11-27 00:00:00.000;140;8080;1;0;11538
2017-11-27 00:00:00.000;143;8080;3;0;11539
2017-11-27 00:00:00.000;280;8080;;0;11540
2017-11-27 00:00:00.000;258;8080;;0;11541
2017-11-27 00:00:00.000;169;8080;;0;11542
2017-11-27 00:00:00.000;197;8080;;0;11543
2017-11-27 00:00:00.000;280;8080;1;0;11544
2017-11-27 00:00:00.000;148;8080;3;0;11545
2017-11-27 00:00:00.000;127;8080;1;0;11546
2017-11-27 00:00:00.000;184;8080;1;0;11547
2017-11-27 00:00:00.000;263;8080;3;37,9;11548
2017-11-27 00:00:00.000;124;8080;1;0;11549
2017-11-27 00:00:00.000;193;8080;3;0;11550
2017-11-27 00:00:00.000;255;8080;3;0;11551
2017-11-27 00:00:00.000;164;8080;1;0;11552
2017-11-27 00:00:00.000;303;8080;;0;11553
2017-11-27 00:00:00.000;206;8080;4;0;11554
2017-11-27 00:00:00.000;275;8080;1;0;11555
2017-11-27 00:00:00.000;137;8080;4;0;11556
2017-11-27 00:00:00.000;270;8080;;0;11557
2017-11-27 00:00:00.000;296;8080;1;0;11558
2017-11-27 00:00:00.000;141;8080;3;0;11559
2017-11-27 00:00:00.000;281;8080;4;0;11560
2017-12-27 00:00:00.000;237;8080;3;0;11561
2017-12-27 00:00:00.000;268;8080;3;0;11562
2017-12-27 00:00:00.000;111;8080;1;0;11563
2017-12-27 00:00:00.000;217;8080;3;0;11564
2017-12-27 00:00:00.000;259;8080;1;0;11565
2017-12-27 00:00:00.000;258;8080;4;0;11566
2017-12-27 00:00:00.000;192;8080;3;0;11567
2017-12-27 00:00:00.000;214;8080;4;0;11568
2017-12-27 00:00:00.000;215;8080;3;0;11569
2017-12-27 00:00:00.000;192;8080;3;0;11570
2017-12-27 00:00:00.000;312;8080;3;0;11571
2017-12-27 00:00:00.000;124;8080;4;0;11572
2017-12-27 00:00:00.000;200;8080;1;0;11573
2017-12-27 00:00:00.000;290;8080;;0;11574
2017-12-27 00:00:00.000;204;8080;1;0;11575
2017-12-27 00:00:00.000;178;8080;3;0;11576
2017-12-27 00:00:00.000;218;8080;1;0;11577
2017-12-27 00:00:00.000;192;8080;1;0;11578
2017-12-27 00:00:00.000;216;8080;4;0;11579
2017-12-27 00:00:00.000;270;8080;1;0;11580
2017-12-27 00:00:00.000;129;8080;3;0;11581
2017-12-27 00:00:00.000;182;8080;1;0;11582
2017-12-27 00:00:00.000;284;8080;4;0;11583
2017-12-27 00:00:00.000;140;8080;3;0;11584
2017-12-27 00:00:00.000;225;8080;1;0;11585
2017-12-27 00:00:00.000;282;8080;;0;11586
2017-12-27 00:00:00.000;173;8080;4;0;11587
2017-12-27 00:00:00.000;239;8080;1;0;11588
2017-12-27 00:00:00.000;202;8080;4;0;11589
2017-12-27 00:00:00.000;199;8080;4;0;11590
2017-12-27 00:00:00.000;289;8080;1;0;11591
2017-12-27 00:00:00.000;284;8080;4;0;11592
2017-12-27 00:00:00.000;208;8080;3;0;11593
2017-12-27 00:00:00.000;264;8080;1;0;11594
2017-12-27 00:00:00.000;118;8080;4;0;11595
2017-12-27 00:00:00.000;135;8080;3;0;11596
2017-12-27 00:00:00.000;243;8080;3;0;11597
2017-12-27 00:00:00.000;144;8080;;0;11598
2017-12-27 00:00:00.000;220;8080;4;0;11599
2017-12-27 00:00:00.000;146;8080;1;0;11600
2017-12-27 00:00:00.000;238;8080;1;0;11601
2017-12-27 00:00:00.000;148;8080;;0;11602
2017-12-27 00:00:00.000;265;8080;4;0;11603
2017-12-27 00:00:00.000;150;8080;4;0;11604
2017-12-27 00:00:00.000;296;8080;1;0;11605
2017-12-27 00:00:00.000;204;8080;4;0;11606
2017-12-27 00:00:00.000;165;8080;;0;11607
2017-12-27 00:00:00.000;249;8080;3;0;11608
2017-12-27 00:00:00.000;153;8080;1;0;11609
2017-12-27 00:00:00.000;125;8080;1;0;11610
2017-12-27 00:00:00.000;129;8080;4;0;11611
2017-12-27 00:00:00.000;114;8080;4;0;11612
2017-12-27 00:00:00.000;271;8080;1;0;11613
2017-12-27 00:00:00.000;295;8080;3;0;11614
2017-12-27 00:00:00.000;210;8080;;0;11615
2017-12-27 00:00:00.000;209;8080;4;0;11616
2017-12-27 00:00:00.000;306;8080;;0;11617
2017-12-27 00:00:00.000;146;8080;1;0;11618
2017-12-27 00:00:00.000;308;8080;;0;11619
2017-12-27 00:00:00.000;239;8080;4;0;11620
2017-01-28 00:00:00.000;171;UGB ;3;0;11621
2017-01-28 00:00:00.000;250;UGB ;1;0;11622
2017-01-28 00:00:00.000;256;UGB ;;0;11623
2017-01-28 00:00:00.000;177;UGB ;3;0;11624
2017-01-28 00:00:00.000;297;UGB ;1;0;11625
2017-01-28 00:00:00.000;122;UGB ;4;0;11626
2017-01-28 00:00:00.000;189;UGB ;4;0;11627
2017-01-28 00:00:00.000;274;UGB ;;0;11628
2017-01-28 00:00:00.000;139;UGB ;4;0;11629
2017-01-28 00:00:00.000;230;UGB ;3;0;11630
2017-01-28 00:00:00.000;193;UGB ;;0;11631
2017-01-28 00:00:00.000;144;UGB ;;0;11632
2017-01-28 00:00:00.000;308;UGB ;;0;11633
2017-01-28 00:00:00.000;275;UGB ;1;0;11634
2017-01-28 00:00:00.000;288;UGB ;;0;11635
2017-01-28 00:00:00.000;269;UGB ;;0;11636
2017-01-28 00:00:00.000;153;UGB ;3;0;11637
2017-01-28 00:00:00.000;258;UGB ;;0;11638
2017-01-28 00:00:00.000;139;UGB ;;0;11639
2017-01-28 00:00:00.000;115;UGB ;1;0;11640
2017-01-28 00:00:00.000;293;UGB ;1;0;11641
2017-01-28 00:00:00.000;186;UGB ;;0;11642
2017-03-28 00:00:00.000;189;UGB ;3;0;11643
2017-03-28 00:00:00.000;223;UGB ;;0;11644
2017-03-28 00:00:00.000;157;UGB ;3;0;11645
2017-03-28 00:00:00.000;240;UGB ;4;0;11646
2017-03-28 00:00:00.000;252;UGB ;1;0;11647
2017-03-28 00:00:00.000;204;UGB ;4;0;11648
2017-03-28 00:00:00.000;276;UGB ;1;0;11649
2017-03-28 00:00:00.000;251;UGB ;;0;11650
2017-03-28 00:00:00.000;170;UGB ;1;0;11651
2017-04-28 00:00:00.000;150;WAO ;3;0;11652
2017-04-28 00:00:00.000;311;WAO ;4;0;11653
2017-04-28 00:00:00.000;117;WAO ;1;0;11654
2017-04-28 00:00:00.000;220;WAO ;4;0;11655
2017-04-28 00:00:00.000;114;WAO ;4;0;11656
2017-04-28 00:00:00.000;238;WAO ;1;0;11657
2017-04-28 00:00:00.000;147;WAO ;3;0;11658
2017-04-28 00:00:00.000;250;WAO ;4;0;11659
2017-04-28 00:00:00.000;219;WAO ;4;0;11660
2017-04-28 00:00:00.000;164;WAO ;3;0;11661
2017-04-28 00:00:00.000;181;WAO ;3;0;11662
2017-04-28 00:00:00.000;129;WAO ;;0;11663
2017-04-28 00:00:00.000;138;WAO ;4;0;11664
2017-04-28 00:00:00.000;118;WAO ;4;0;11665
2017-04-28 00:00:00.000;286;WAO ;;0;11666
2017-04-28 00:00:00.000;236;WAO ;1;0;11667
2017-11-28 00:00:00.000;228;8080;1;0;11668
2017-11-28 00:00:00.000;121;8080;4;0;11669
2017-11-28 00:00:00.000;221;8080;3;0;11670
2017-11-28 00:00:00.000;239;8080;;0;11671
2017-11-28 00:00:00.000;134;8080;4;0;11672
2017-11-28 00:00:00.000;312;8080;1;0;11673
2017-11-28 00:00:00.000;182;8080;3;0;11674
2017-11-28 00:00:00.000;311;8080;;0;11675
2017-11-28 00:00:00.000;260;8080;;0;11676
2017-11-28 00:00:00.000;139;8080;;0;11677
2017-11-28 00:00:00.000;245;8080;;0;11678
2017-11-28 00:00:00.000;142;8080;;0;11679
2017-11-28 00:00:00.000;166;8080;;0;11680
2017-11-28 00:00:00.000;152;8080;3;0;11681
2017-11-28 00:00:00.000;136;8080;1;0;11682
2017-11-28 00:00:00.000;169;8080;;0;11683
2017-11-28 00:00:00.000;130;8080;1;0;11684
2017-11-28 00:00:00.000;308;8080;4;0;11685
2017-11-28 00:00:00.000;206;8080;1;0;11686
2017-11-28 00:00:00.000;280;8080;;0;11687
2017-11-28 00:00:00.000;118;8080;1;0;11688
2017-11-28 00:00:00.000;312;8080;1;0;11689
2017-12-28 00:00:00.000;198;8080;3;0;11690
2017-12-28 00:00:00.000;164;8080;3;0;11691
2017-12-28 00:00:00.000;213;8080;3;0;11692
2017-12-28 00:00:00.000;278;8080;3;0;11693
2017-12-28 00:00:00.000;213;8080;1;0;11694
2017-12-28 00:00:00.000;160;8080;1;0;11695
2017-12-28 00:00:00.000;277;8080;1;0;11696
2017-12-28 00:00:00.000;198;8080;1;0;11697
2017-12-28 00:00:00.000;294;8080;3;0;11698
2017-12-28 00:00:00.000;129;8080;3;0;11699
2017-12-28 00:00:00.000;242;8080;3;0;11700
2017-12-28 00:00:00.000;115;8080;1;0;11701
2017-12-28 00:00:00.000;283;8080;3;0;11702
2017-12-28 00:00:00.000;168;8080;;0;11703
2017-12-28 00:00:00.000;269;8080;4;0;11704
2017-12-28 00:00:00.000;186;8080;4;0;11705
2017-12-28 00:00:00.000;154;8080;3;0;11706
2017-12-28 00:00:00.000;187;8080;1;0;11707
2017-12-28 00:00:00.000;159;8080;1;0;11708
2017-12-28 00:00:00.000;306;8080;4;0;11709
2017-12-28 00:00:00.000;153;8080;1;0;11710
2017-12-28 00:00:00.000;266;8080;1;0;11711
2017-12-28 00:00:00.000;133;8080;4;0;11712
2017-12-28 00:00:00.000;290;8080;1;0;11713
2017-12-28 00:00:00.000;248;8080;3;0;11714
2017-12-28 00:00:00.000;146;8080;4;0;11715
2017-12-28 00:00:00.000;130;8080;1;0;11716
2017-12-28 00:00:00.000;222;8080;1;0;11717
2017-12-28 00:00:00.000;274;8080;3;0;11718
2017-12-28 00:00:00.000;169;8080;1;0;11719
2017-12-28 00:00:00.000;262;8080;3;0;11720
2017-12-28 00:00:00.000;176;8080;1;0;11721
2017-12-28 00:00:00.000;247;8080;1;0;11722
2017-12-28 00:00:00.000;196;8080;1;0;11723
2017-12-28 00:00:00.000;288;8080;1;0;11724
2017-12-28 00:00:00.000;147;8080;1;0;11725
2017-12-28 00:00:00.000;288;8080;4;0;11726
2017-12-28 00:00:00.000;172;8080;3;0;11727
2017-12-28 00:00:00.000;239;8080;1;0;11728
2017-12-28 00:00:00.000;289;8080;1;0;11729
2017-12-28 00:00:00.000;227;8080;1;0;11730
2017-12-28 00:00:00.000;212;8080;3;0;11731
2017-12-28 00:00:00.000;192;8080;4;0;11732
2017-12-28 00:00:00.000;119;8080;3;0;11733
2017-12-28 00:00:00.000;166;8080;3;0;11734
2017-12-28 00:00:00.000;303;8080;1;0;11735
2017-12-28 00:00:00.000;209;8080;3;0;11736
2017-12-28 00:00:00.000;191;8080;1;0;11737
2017-12-28 00:00:00.000;302;8080;4;0;11738
2017-12-28 00:00:00.000;139;8080;;0;11739
2017-12-28 00:00:00.000;162;8080;1;0;11740
2017-12-28 00:00:00.000;114;8080;1;0;11741
2017-12-28 00:00:00.000;308;8080;4;0;11742
2017-12-28 00:00:00.000;309;8080;;0;11743
2017-12-28 00:00:00.000;124;8080;;0;11744
2017-12-28 00:00:00.000;173;8080;1;0;11745
2017-12-28 00:00:00.000;186;8080;4;0;11746
2017-12-28 00:00:00.000;258;8080;1;0;11747
2017-01-29 00:00:00.000;224;UGB ;4;0;11748
2017-01-29 00:00:00.000;195;UGB ;1;0;11749
2017-01-29 00:00:00.000;210;UGB ;3;0;11750
2017-01-29 00:00:00.000;295;UGB ;3;0;11751
2017-01-29 00:00:00.000;274;UGB ;1;0;11752
2017-01-29 00:00:00.000;149;UGB ;;0;11753
2017-01-29 00:00:00.000;223;UGB ;4;0;11754
2017-01-29 00:00:00.000;238;UGB ;;0;11755
2017-01-29 00:00:00.000;168;UGB ;;0;11756
2017-03-29 00:00:00.000;261;UGB ;1;0;11757
2017-03-29 00:00:00.000;132;UGB ;4;0;11758
2017-03-29 00:00:00.000;120;UGB ;4;0;11759
2017-03-29 00:00:00.000;217;UGB ;3;0;11760
2017-03-29 00:00:00.000;262;UGB ;3;0;11761
2017-03-29 00:00:00.000;142;UGB ;1;0;11762
2017-03-29 00:00:00.000;174;UGB ;1;0;11763
2017-03-29 00:00:00.000;235;UGB ;3;0;11764
2017-03-29 00:00:00.000;113;UGB ;3;0;11765
2017-03-29 00:00:00.000;164;UGB ;4;0;11766
2017-03-29 00:00:00.000;167;UGB ;3;0;11767
2017-03-29 00:00:00.000;136;UGB ;4;0;11768
2017-03-29 00:00:00.000;170;UGB ;1;0;11769
2017-03-29 00:00:00.000;236;UGB ;;0;11770
2017-04-29 00:00:00.000;311;WAO ;1;0;11771
2017-04-29 00:00:00.000;125;WAO ;3;0;11772
2017-04-29 00:00:00.000;223;WAO ;4;0;11773
2017-04-29 00:00:00.000;140;WAO ;4;0;11774
2017-04-29 00:00:00.000;297;WAO ;3;0;11775
2017-04-29 00:00:00.000;151;WAO ;4;0;11776
2017-04-29 00:00:00.000;298;WAO ;3;0;11777
2017-04-29 00:00:00.000;229;WAO ;4;0;11778
2017-04-29 00:00:00.000;273;WAO ;1;0;11779
2017-04-29 00:00:00.000;298;WAO ;1;0;11780
2017-04-29 00:00:00.000;211;WAO ;1;0;11781
2017-04-29 00:00:00.000;192;WAO ;1;0;11782
2017-04-29 00:00:00.000;205;WAO ;4;0;11783
2017-04-29 00:00:00.000;129;WAO ;1;0;11784
2017-04-29 00:00:00.000;192;WAO ;4;0;11785
2017-04-29 00:00:00.000;244;WAO ;4;0;11786
2017-04-29 00:00:00.000;113;WAO ;1;0;11787
2017-04-29 00:00:00.000;181;WAO ;4;0;11788
2017-04-29 00:00:00.000;146;WAO ;3;0;11789
2017-04-29 00:00:00.000;119;WAO ;1;0;11790
2017-04-29 00:00:00.000;128;WAO ;;0;11791
2017-04-29 00:00:00.000;240;WAO ;4;0;11792
2017-04-29 00:00:00.000;189;WAO ;3;0;11793
2017-04-29 00:00:00.000;209;WAO ;4;0;11794
2017-04-29 00:00:00.000;145;WAO ;3;0;11795
2017-04-29 00:00:00.000;216;WAO ;3;0;11796
2017-04-29 00:00:00.000;168;WAO ;3;0;11797
2017-04-29 00:00:00.000;167;WAO ;4;0;11798
2017-04-29 00:00:00.000;138;WAO ;4;0;11799
2017-04-29 00:00:00.000;113;WAO ;4;0;11800
2017-04-29 00:00:00.000;166;WAO ;3;0;11801
2017-04-29 00:00:00.000;213;WAO ;3;0;11802
2017-04-29 00:00:00.000;225;WAO ;4;0;11803
2017-04-29 00:00:00.000;263;WAO ;3;0;11804
2017-04-29 00:00:00.000;305;WAO ;3;0;11805
2017-11-29 00:00:00.000;191;8080;1;0;11806
2017-11-29 00:00:00.000;311;8080;3;0;11807
2017-11-29 00:00:00.000;213;8080;1;0;11808
2017-11-29 00:00:00.000;233;8080;3;0;11809
2017-11-29 00:00:00.000;217;8080;1;0;11810
2017-11-29 00:00:00.000;228;8080;1;0;11811
2017-11-29 00:00:00.000;144;8080;3;0;11812
2017-11-29 00:00:00.000;274;8080;1;0;11813
2017-11-29 00:00:00.000;115;8080;1;0;11814
2017-11-29 00:00:00.000;235;8080;3;0;11815
2017-11-29 00:00:00.000;310;8080;1;0;11816
2017-11-29 00:00:00.000;205;8080;;0;11817
2017-11-29 00:00:00.000;152;8080;1;0;11818
2017-11-29 00:00:00.000;132;8080;4;0;11819
2017-11-29 00:00:00.000;135;8080;;0;11820
2017-11-29 00:00:00.000;198;8080;4;0;11821
2017-11-29 00:00:00.000;210;8080;$$;0;11822
2017-11-29 00:00:00.000;150;8080;1;0;11823
2017-11-29 00:00:00.000;310;8080;;0;11824
2017-11-29 00:00:00.000;278;8080;3;0;11825
2017-11-29 00:00:00.000;288;8080;;0;11826
2017-11-29 00:00:00.000;124;8080;4;0;11827
2017-12-29 00:00:00.000;295;8080;1;0;11828
2017-12-29 00:00:00.000;207;8080;4;0;11829
2017-12-29 00:00:00.000;227;8080;4;0;11830
2017-12-29 00:00:00.000;225;8080;4;0;11831
2017-12-29 00:00:00.000;299;8080;4;0;11832
2017-12-29 00:00:00.000;170;8080;1;0;11833
2017-12-29 00:00:00.000;224;8080;4;0;11834
2017-12-29 00:00:00.000;205;8080;1;0;11835
2017-12-29 00:00:00.000;237;8080;;0;11836
2017-12-29 00:00:00.000;173;8080;;0;11837
2017-12-29 00:00:00.000;177;8080;1;0;11838
2017-12-29 00:00:00.000;187;8080;1;0;11839
2017-12-29 00:00:00.000;255;8080;1;0;11840
2017-12-29 00:00:00.000;153;8080;4;0;11841
2017-12-29 00:00:00.000;311;8080;3;0;11842
2017-12-29 00:00:00.000;128;8080;3;0;11843
2017-12-29 00:00:00.000;238;8080;3;0;11844
2017-12-29 00:00:00.000;126;8080;3;0;11845
2017-12-29 00:00:00.000;178;8080;1;0;11846
2017-12-29 00:00:00.000;266;8080;1;0;11847
2017-12-29 00:00:00.000;252;8080;3;0;11848
2017-12-29 00:00:00.000;139;8080;1;0;11849
2017-12-29 00:00:00.000;239;8080;4;0;11850
2017-12-29 00:00:00.000;125;8080;1;0;11851
2017-12-29 00:00:00.000;208;8080;4;0;11852
2017-12-29 00:00:00.000;149;8080;1;0;11853
2017-12-29 00:00:00.000;199;8080;3;0;11854
2017-12-29 00:00:00.000;287;8080;3;0;11855
2017-12-29 00:00:00.000;195;8080;1;0;11856
2017-12-29 00:00:00.000;250;8080;1;0;11857
2017-12-29 00:00:00.000;201;8080;3;0;11858
2017-12-29 00:00:00.000;303;8080;3;0;11859
2017-12-29 00:00:00.000;170;8080;3;0;11860
2017-12-29 00:00:00.000;162;8080;3;0;11861
2017-12-29 00:00:00.000;300;8080;1;0;11862
2017-12-29 00:00:00.000;222;8080;4;0;11863
2017-12-29 00:00:00.000;126;8080;4;0;11864
2017-12-29 00:00:00.000;218;8080;3;0;11865
2017-12-29 00:00:00.000;239;8080;4;0;11866
2017-12-29 00:00:00.000;273;8080;1;0;11867
2017-12-29 00:00:00.000;224;8080;4;0;11868
2017-12-29 00:00:00.000;142;8080;4;0;11869
2017-12-29 00:00:00.000;288;8080;3;0;11870
2017-12-29 00:00:00.000;193;8080;4;0;11871
2017-12-29 00:00:00.000;141;8080;1;0;11872
2017-12-29 00:00:00.000;213;8080;1;0;11873
2017-12-29 00:00:00.000;164;8080;4;0;11874
2017-12-29 00:00:00.000;309;8080;3;0;11875
2017-12-29 00:00:00.000;195;8080;1;0;11876
2017-12-29 00:00:00.000;146;8080;4;0;11877
2017-12-29 00:00:00.000;145;8080;;0;11878
2017-12-29 00:00:00.000;233;8080;1;0;11879
2017-12-29 00:00:00.000;279;8080;1;0;11880
2017-12-29 00:00:00.000;254;8080;3;0;11881
2017-12-29 00:00:00.000;186;8080;1;0;11882
2017-12-29 00:00:00.000;301;8080;4;0;11883
2017-12-29 00:00:00.000;136;8080;1;0;11884
2017-12-29 00:00:00.000;208;8080;1;0;11885
2017-12-29 00:00:00.000;215;8080;3;0;11886
2017-12-29 00:00:00.000;265;8080;;0;11887
2017-12-29 00:00:00.000;204;8080;1;0;11888
2017-12-29 00:00:00.000;254;8080;4;0;11889
2017-12-29 00:00:00.000;201;8080;1;0;11890
2017-12-29 00:00:00.000;134;8080;3;0;11891
2017-12-29 00:00:00.000;250;8080;4;0;11892
2017-12-29 00:00:00.000;115;8080;3;0;11893
2017-12-29 00:00:00.000;306;8080;1;0;11894
2017-12-29 00:00:00.000;148;8080;4;0;11895
2017-12-29 00:00:00.000;201;8080;1;0;11896
2017-12-29 00:00:00.000;248;8080;3;0;11897
2017-12-29 00:00:00.000;292;8080;1;0;11898
2017-12-29 00:00:00.000;311;8080;1;0;11899
2017-12-29 00:00:00.000;157;8080;;0;11900
2017-12-29 00:00:00.000;302;8080;;0;11901
2017-12-29 00:00:00.000;226;8080;1;0;11902
2017-12-29 00:00:00.000;252;8080;4;0;11903
2017-12-29 00:00:00.000;247;8080;3;0;11904
2017-12-29 00:00:00.000;244;8080;4;0;11905
2017-12-29 00:00:00.000;136;8080;3;0;11906
2017-12-29 00:00:00.000;300;8080;1;0;11907
2017-12-29 00:00:00.000;288;8080;;0;11908
2017-12-29 00:00:00.000;253;8080;1;0;11909
2017-12-29 00:00:00.000;213;8080;4;0;11910
2017-12-29 00:00:00.000;285;8080;4;0;11911
2017-12-29 00:00:00.000;233;8080;;0;11912
2017-12-29 00:00:00.000;120;8080;3;0;11913
2017-12-29 00:00:00.000;129;8080;4;0;11914
2017-12-29 00:00:00.000;274;8080;4;0;11915
2017-12-29 00:00:00.000;134;8080;3;0;11916
2017-12-29 00:00:00.000;203;8080;4;0;11917
2017-12-29 00:00:00.000;279;8080;4;0;11918
2017-12-29 00:00:00.000;230;8080;1;0;11919
2017-12-29 00:00:00.000;275;8080;4;0;11920
2017-12-29 00:00:00.000;217;8080;4;0;11921
2017-12-29 00:00:00.000;283;8080;3;0;11922
2017-12-29 00:00:00.000;180;8080;3;0;11923
2017-12-29 00:00:00.000;198;8080;4;0;11924
2017-12-29 00:00:00.000;245;8080;3;0;11925
2017-12-29 00:00:00.000;302;8080;1;0;11926
2017-12-29 00:00:00.000;112;8080;4;0;11927
2017-01-30 00:00:00.000;194;UGB ;3;0;11928
2017-01-30 00:00:00.000;299;UGB ;4;0;11929
2017-01-30 00:00:00.000;258;UGB ;4;0;11930
2017-01-30 00:00:00.000;294;UGB ;3;0;11931
2017-01-30 00:00:00.000;132;UGB ;4;0;11932
2017-01-30 00:00:00.000;120;UGB ;1;0;11933
2017-01-30 00:00:00.000;244;UGB ;3;0;11934
2017-01-30 00:00:00.000;124;UGB ;1;0;11935
2017-01-30 00:00:00.000;265;UGB ;1;0;11936
2017-01-30 00:00:00.000;154;UGB ;;0;11937
2017-01-30 00:00:00.000;246;UGB ;1;0;11938
2017-01-30 00:00:00.000;309;UGB ;;0;11939
2017-03-30 00:00:00.000;236;WAO ;;183,4;11940
2017-03-30 00:00:00.000;156;UGB ;4;0;11941
2017-03-30 00:00:00.000;257;UGB ;4;35,9;11942
2017-03-30 00:00:00.000;134;UGB ;1;0;11943
2017-03-30 00:00:00.000;189;UGB ;4;0;11944
2017-03-30 00:00:00.000;301;UGB ;1;0;11945
2017-03-30 00:00:00.000;254;UGB ;1;0;11946
2017-03-30 00:00:00.000;214;UGB ;3;0;11947
2017-03-30 00:00:00.000;288;UGB ;4;0;11948
2017-03-30 00:00:00.000;189;UGB ;4;0;11949
2017-03-30 00:00:00.000;222;UGB ;4;0;11950
2017-03-30 00:00:00.000;156;UGB ;4;0;11951
2017-03-30 00:00:00.000;191;UGB ;4;0;11952
2017-03-30 00:00:00.000;172;UGB ;4;0;11953
2017-03-30 00:00:00.000;286;UGB ;1;0;11954
2017-03-30 00:00:00.000;283;UGB ;3;0;11955
2017-03-30 00:00:00.000;138;UGB ;3;0;11956
2017-03-30 00:00:00.000;301;UGB ;4;0;11957
2017-03-30 00:00:00.000;243;UGB ;3;0;11958
2017-04-30 00:00:00.000;174;WAO ;1;0;11959
2017-04-30 00:00:00.000;127;WAO ;4;0;11960
2017-04-30 00:00:00.000;119;WAO ;1;0;11961
2017-04-30 00:00:00.000;264;WAO ;4;0;11962
2017-04-30 00:00:00.000;228;WAO ;3;0;11963
2017-04-30 00:00:00.000;241;WAO ;;0;11964
2017-04-30 00:00:00.000;122;WAO ;1;0;11965
2017-04-30 00:00:00.000;162;WAO ;3;0;11966
2017-04-30 00:00:00.000;290;WAO ;4;0;11967
2017-04-30 00:00:00.000;266;WAO ;4;0;11968
2017-04-30 00:00:00.000;300;WAO ;3;0;11969
2017-04-30 00:00:00.000;260;WAO ;4;0;11970
2017-11-30 00:00:00.000;185;8080;1;0;11971
2017-11-30 00:00:00.000;243;8080;4;0;11972
2017-11-30 00:00:00.000;274;8080;4;0;11973
2017-11-30 00:00:00.000;284;8080;4;0;11974
2017-11-30 00:00:00.000;169;8080;3;0;11975
2017-11-30 00:00:00.000;228;8080;;0;11976
2017-11-30 00:00:00.000;214;8080;4;0;11977
2017-11-30 00:00:00.000;276;8080;;0;11978
2017-11-30 00:00:00.000;248;8080;;0;11979
2017-11-30 00:00:00.000;265;8080;1;0;11980
2017-11-30 00:00:00.000;280;8080;;0;11981
2017-11-30 00:00:00.000;186;8080;;0;11982
2017-11-30 00:00:00.000;270;8080;;0;11983
2017-11-30 00:00:00.000;218;8080;;0;11984
2017-11-30 00:00:00.000;228;8080;;0;11985
2017-11-30 00:00:00.000;287;8080;4;0;11986
2017-11-30 00:00:00.000;231;8080;;0;11987
2017-11-30 00:00:00.000;296;8080;;0;11988
2017-11-30 00:00:00.000;309;8080;1;0;11989
2017-11-30 00:00:00.000;168;8080;;0;11990
2017-11-30 00:00:00.000;219;8080;;0;11991
2017-11-30 00:00:00.000;177;8080;1;0;11992
2017-11-30 00:00:00.000;280;8080;;0;11993
2017-11-30 00:00:00.000;294;8080;;0;11994
2017-11-30 00:00:00.000;209;8080;1;0;11995
2017-11-30 00:00:00.000;117;8080;;0;11996
2017-12-30 00:00:00.000;117;8080;1;0;11997
2017-12-30 00:00:00.000;308;8080;3;0;11998
2017-12-30 00:00:00.000;122;8080;3;0;11999
2017-12-30 00:00:00.000;134;8080;1;0;12000
2017-12-30 00:00:00.000;228;8080;1;0;12001
2017-12-30 00:00:00.000;303;8080;4;0;12002
2017-12-30 00:00:00.000;274;8080;1;0;12003
2017-12-30 00:00:00.000;188;8080;1;0;12004
2017-12-30 00:00:00.000;158;8080;3;0;12005
2017-12-30 00:00:00.000;187;8080;;0;12006
2017-12-30 00:00:00.000;217;8080;1;0;12007
2017-12-30 00:00:00.000;206;8080;1;0;12008
2017-12-30 00:00:00.000;120;8080;1;0;12009
2017-12-30 00:00:00.000;143;8080;1;0;12010
2017-12-30 00:00:00.000;244;8080;1;0;12011
2017-12-30 00:00:00.000;119;8080;;0;12012
2017-12-30 00:00:00.000;114;8080;4;0;12013
2017-12-30 00:00:00.000;225;8080;1;0;12014
2017-12-30 00:00:00.000;221;8080;4;0;12015
2017-12-30 00:00:00.000;273;8080;3;0;12016
2017-12-30 00:00:00.000;136;8080;1;0;12017
2017-12-30 00:00:00.000;224;8080;4;0;12018
2017-12-30 00:00:00.000;139;8080;4;0;12019
2017-12-30 00:00:00.000;138;8080;1;0;12020
2017-12-30 00:00:00.000;153;8080;3;0;12021
2017-12-30 00:00:00.000;305;8080;3;0;12022
2017-12-30 00:00:00.000;160;8080;4;0;12023
2017-12-30 00:00:00.000;252;8080;4;0;12024
2017-12-30 00:00:00.000;121;8080;1;0;12025
2017-12-30 00:00:00.000;241;8080;4;0;12026
2017-12-30 00:00:00.000;225;8080;1;0;12027
2017-12-30 00:00:00.000;170;8080;4;0;12028
2017-12-30 00:00:00.000;140;8080;4;0;12029
2017-12-30 00:00:00.000;133;8080;4;0;12030
2017-12-30 00:00:00.000;282;8080;1;0;12031
2017-12-30 00:00:00.000;171;8080;1;0;12032
2017-12-30 00:00:00.000;149;8080;4;0;12033
2017-12-30 00:00:00.000;244;8080;1;0;12034
2017-12-30 00:00:00.000;310;8080;3;0;12035
2017-12-30 00:00:00.000;193;8080;4;0;12036
2017-12-30 00:00:00.000;165;8080;4;0;12037
2017-12-30 00:00:00.000;260;8080;4;0;12038
2017-12-30 00:00:00.000;115;8080;4;0;12039
2017-12-30 00:00:00.000;180;8080;4;0;12040
2017-12-30 00:00:00.000;225;8080;4;0;12041
2017-12-30 00:00:00.000;253;8080;1;0;12042
2017-12-30 00:00:00.000;154;8080;4;0;12043
2017-12-30 00:00:00.000;228;8080;;0;12044
2017-12-30 00:00:00.000;235;8080;1;0;12045
2017-12-30 00:00:00.000;190;8080;4;0;12046
2017-12-30 00:00:00.000;123;8080;1;0;12047
2017-12-30 00:00:00.000;199;8080;4;0;12048
2017-12-30 00:00:00.000;162;8080;1;0;12049
2017-12-30 00:00:00.000;250;8080;1;0;12050
2017-12-30 00:00:00.000;181;8080;4;0;12051
2017-12-30 00:00:00.000;312;8080;1;0;12052
2017-12-30 00:00:00.000;285;8080;1;0;12053
2017-12-30 00:00:00.000;203;8080;4;0;12054
2017-12-30 00:00:00.000;308;8080;4;0;12055
2017-12-30 00:00:00.000;261;8080;1;0;12056
2017-12-30 00:00:00.000;282;8080;;0;12057
2017-12-30 00:00:00.000;296;8080;3;0;12058
2017-12-30 00:00:00.000;183;8080;1;0;12059
2017-12-30 00:00:00.000;137;8080;4;0;12060
2017-12-30 00:00:00.000;291;8080;4;0;12061
2017-12-30 00:00:00.000;255;8080;1;0;12062
2017-12-30 00:00:00.000;153;8080;4;0;12063
2017-12-30 00:00:00.000;185;8080;1;0;12064
2017-12-30 00:00:00.000;171;8080;1;0;12065
2017-12-30 00:00:00.000;290;8080;4;0;12066
2017-12-30 00:00:00.000;146;8080;1;0;12067
2017-12-30 00:00:00.000;309;8080;3;0;12068
2017-12-30 00:00:00.000;230;8080;1;0;12069
2017-12-30 00:00:00.000;247;8080;1;0;12070
2017-12-30 00:00:00.000;232;8080;3;0;12071
2017-12-30 00:00:00.000;303;8080;;0;12072
2017-12-30 00:00:00.000;296;8080;4;0;12073
2017-12-30 00:00:00.000;304;8080;3;0;12074
2017-12-30 00:00:00.000;252;8080;4;0;12075
2017-12-30 00:00:00.000;228;8080;3;0;12076
2017-12-30 00:00:00.000;279;8080;1;0;12077
2017-12-30 00:00:00.000;208;8080;1;0;12078
2017-12-30 00:00:00.000;211;8080;3;0;12079
2017-12-30 00:00:00.000;159;8080;1;0;12080
2017-12-30 00:00:00.000;254;8080;1;0;12081
2017-12-30 00:00:00.000;276;8080;3;0;12082
2017-12-30 00:00:00.000;198;8080;3;0;12083
2017-12-30 00:00:00.000;180;8080;4;0;12084
2017-12-30 00:00:00.000;279;8080;;0;12085
2017-12-30 00:00:00.000;229;8080;3;0;12086
2017-12-30 00:00:00.000;162;8080;4;0;12087
2017-12-30 00:00:00.000;168;8080;3;0;12088
2017-12-30 00:00:00.000;119;8080;1;0;12089
2017-12-30 00:00:00.000;300;8080;4;0;12090
2017-12-30 00:00:00.000;189;8080;;0;12091
2017-12-30 00:00:00.000;230;8080;3;0;12092
2017-12-30 00:00:00.000;122;8080;1;0;12093
2017-12-30 00:00:00.000;286;8080;4;0;12094
2017-12-30 00:00:00.000;252;8080;4;0;12095
2017-12-30 00:00:00.000;182;8080;3;0;12096
2017-12-30 00:00:00.000;122;8080;;0;12097
2017-12-30 00:00:00.000;194;8080;4;0;12098
2017-12-30 00:00:00.000;261;8080;4;0;12099
2017-12-30 00:00:00.000;194;8080;;0;12100
2017-12-30 00:00:00.000;307;8080;1;30;12101
2017-12-30 00:00:00.000;257;8080;3;0;12102
2017-12-30 00:00:00.000;305;8080;;0;12103
2017-12-30 00:00:00.000;308;8080;3;0;12104
2017-12-30 00:00:00.000;305;8080;4;0;12105
2017-12-30 00:00:00.000;119;8080;;0;12106
2017-12-30 00:00:00.000;178;8080;4;0;12107
2017-12-30 00:00:00.000;306;8080;;0;12108
2017-12-30 00:00:00.000;297;8080;3;0;12109
2017-12-30 00:00:00.000;227;8080;4;0;12110
2017-12-30 00:00:00.000;219;8080;1;0;12111
2017-12-30 00:00:00.000;243;8080;1;0;12112
2017-12-30 00:00:00.000;302;8080;;0;12113
2017-12-30 00:00:00.000;304;8080;4;0;12114
2017-12-30 00:00:00.000;138;8080;3;0;12115
2017-12-30 00:00:00.000;134;8080;4;0;12116
2017-12-30 00:00:00.000;310;8080;3;0;12117
2017-12-30 00:00:00.000;129;8080;4;0;12118
2017-12-30 00:00:00.000;276;8080;;0;12119
2017-12-30 00:00:00.000;150;8080;1;0;12120
2017-12-30 00:00:00.000;161;8080;;0;12121
2017-12-30 00:00:00.000;289;8080;1;0;12122
2017-12-30 00:00:00.000;116;8080;3;0;12123
2017-12-30 00:00:00.000;161;8080;4;0;12124
2017-12-30 00:00:00.000;168;8080;;0;12125
2017-12-30 00:00:00.000;232;8080;4;0;12126
2017-12-30 00:00:00.000;189;8080;;0;12127
2017-12-30 00:00:00.000;248;8080;;0;12128
2017-01-31 00:00:00.000;189;UGB ;4;0;12129
2017-01-31 00:00:00.000;170;UGB ;4;0;12130
2017-01-31 00:00:00.000;193;UGB ;4;0;12131
2017-01-31 00:00:00.000;277;UGB ;4;0;12132
2017-01-31 00:00:00.000;119;UGB ;4;0;12133
2017-01-31 00:00:00.000;195;UGB ;4;0;12134
2017-01-31 00:00:00.000;218;UGB ;1;0;12135
2017-01-31 00:00:00.000;168;UGB ;3;0;12136
2017-01-31 00:00:00.000;302;UGB ;4;0;12137
2017-01-31 00:00:00.000;289;UGB ;4;0;12138
2017-01-31 00:00:00.000;267;UGB ;;0;12139
2017-01-31 00:00:00.000;239;UGB ;4;0;12140
2017-01-31 00:00:00.000;124;UGB ;;0;12141
2017-01-31 00:00:00.000;117;UGB ;1;62,9;12142
2017-01-31 00:00:00.000;131;UGB ;1;0;12143
2017-01-31 00:00:00.000;272;UGB ;;0;12144
2017-01-31 00:00:00.000;279;UGB ;3;0;12145
2017-01-31 00:00:00.000;126;UGB ;4;0;12146
2017-01-31 00:00:00.000;192;UGB ;1;0;12147
2017-03-31 00:00:00.000;279;UGB ;3;0;12148
2017-03-31 00:00:00.000;182;UGB ;4;0;12149
2017-03-31 00:00:00.000;285;UGB ;4;0;12150
2017-03-31 00:00:00.000;308;UGB ;4;0;12151
2017-03-31 00:00:00.000;273;UGB ;3;0;12152
2017-03-31 00:00:00.000;252;UGB ;1;0;12153
2017-03-31 00:00:00.000;186;UGB ;3;0;12154
2017-03-31 00:00:00.000;285;UGB ;1;0;12155
2017-03-31 00:00:00.000;149;UGB ;4;0;12156
2017-03-31 00:00:00.000;291;UGB ;;0;12157
2017-03-31 00:00:00.000;200;UGB ;4;0;12158
2017-03-31 00:00:00.000;209;UGB ;1;0;12159
2017-03-31 00:00:00.000;298;UGB ;3;0;12160
2017-03-31 00:00:00.000;135;UGB ;4;0;12161
2017-03-31 00:00:00.000;288;UGB ;1;0;12162
2017-03-31 00:00:00.000;149;UGB ;1;0;12163
2017-03-31 00:00:00.000;111;UGB ;1;0;12164
2017-03-31 00:00:00.000;265;UGB ;3;0;12165
2017-03-31 00:00:00.000;193;UGB ;4;0;12166
2017-03-31 00:00:00.000;232;UGB ;3;0;12167
2017-03-31 00:00:00.000;303;UGB ;4;0;12168
2017-03-31 00:00:00.000;287;UGB ;4;0;12169
2017-03-31 00:00:00.000;250;UGB ;4;0;12170
2017-03-31 00:00:00.000;290;UGB ;1;0;12171
2017-03-31 00:00:00.000;162;UGB ;4;0;12172
2017-03-31 00:00:00.000;134;UGB ;4;0;12173
2017-03-31 00:00:00.000;281;UGB ;1;0;12174
2017-03-31 00:00:00.000;128;UGB ;1;0;12175
2017-03-31 00:00:00.000;290;UGB ;3;0;12176
2017-03-31 00:00:00.000;284;UGB ;3;0;12177
2017-03-31 00:00:00.000;167;UGB ;4;0;12178
2017-03-31 00:00:00.000;245;UGB ;1;0;12179
2017-03-31 00:00:00.000;138;UGB ;1;0;12180
2017-03-31 00:00:00.000;135;UGB ;1;0;12181
2017-03-31 00:00:00.000;188;UGB ;4;0;12182
2017-03-31 00:00:00.000;300;UGB ;4;0;12183
2017-12-31 00:00:00.000;271;8080;3;0;12184
2017-12-31 00:00:00.000;182;8080;1;0;12185
2017-12-31 00:00:00.000;117;8080;1;0;12186
2017-12-31 00:00:00.000;139;8080;3;0;12187
2017-12-31 00:00:00.000;275;8080;1;0;12188
2017-12-31 00:00:00.000;156;8080;1;0;12189
2017-12-31 00:00:00.000;178;8080;3;0;12190
2017-12-31 00:00:00.000;139;8080;4;0;12191
2017-12-31 00:00:00.000;238;8080;1;0;12192
2017-12-31 00:00:00.000;204;8080;;0;12193
2017-12-31 00:00:00.000;266;8080;;0;12194
2017-12-31 00:00:00.000;285;8080;3;0;12195
2017-12-31 00:00:00.000;115;8080;1;0;12196
2017-12-31 00:00:00.000;125;8080;4;0;12197
2017-12-31 00:00:00.000;152;8080;4;0;12198
2017-12-31 00:00:00.000;232;8080;1;0;12199
2017-12-31 00:00:00.000;256;8080;4;0;12200
2017-12-31 00:00:00.000;302;8080;3;0;12201
2017-12-31 00:00:00.000;290;8080;3;0;12202
2017-12-31 00:00:00.000;200;8080;4;0;12203
2017-12-31 00:00:00.000;149;8080;1;0;12204
2017-12-31 00:00:00.000;175;8080;4;0;12205
2017-12-31 00:00:00.000;212;8080;4;0;12206
2017-12-31 00:00:00.000;161;8080;1;0;12207
2017-12-31 00:00:00.000;152;8080;3;0;12208
2017-12-31 00:00:00.000;243;8080;4;0;12209
2017-12-31 00:00:00.000;250;8080;4;0;12210
2017-12-31 00:00:00.000;298;8080;3;0;12211
2017-12-31 00:00:00.000;163;8080;1;0;12212
2017-12-31 00:00:00.000;274;8080;1;0;12213
2017-12-31 00:00:00.000;217;8080;1;0;12214
2017-12-31 00:00:00.000;215;8080;1;0;12215
2017-12-31 00:00:00.000;171;8080;4;0;12216
2017-12-31 00:00:00.000;239;8080;3;0;12217
2017-12-31 00:00:00.000;267;8080;1;0;12218
2017-12-31 00:00:00.000;247;8080;4;0;12219
2017-12-31 00:00:00.000;301;8080;4;0;12220
2017-12-31 00:00:00.000;244;8080;4;0;12221
2017-12-31 00:00:00.000;159;8080;4;0;12222
2017-12-31 00:00:00.000;182;8080;4;0;12223
2017-12-31 00:00:00.000;265;8080;3;0;12224
2017-12-31 00:00:00.000;245;8080;4;0;12225
2017-12-31 00:00:00.000;211;8080;4;0;12226
2017-12-31 00:00:00.000;146;8080;1;0;12227
2017-12-31 00:00:00.000;148;8080;1;0;12228
2017-12-31 00:00:00.000;113;8080;4;0;12229
2017-12-31 00:00:00.000;228;8080;3;0;12230
2017-12-31 00:00:00.000;242;8080;1;0;12231
2017-12-31 00:00:00.000;169;8080;1;0;12232
2017-12-31 00:00:00.000;222;8080;1;0;12233
2017-12-31 00:00:00.000;142;8080;4;0;12234
2017-12-31 00:00:00.000;293;8080;3;0;12235
2017-12-31 00:00:00.000;124;8080;4;0;12236
2017-12-31 00:00:00.000;296;8080;1;0;12237
2017-12-31 00:00:00.000;257;8080;3;0;12238
2017-12-31 00:00:00.000;282;8080;4;0;12239
2017-12-31 00:00:00.000;158;8080;1;0;12240
2017-12-31 00:00:00.000;279;8080;1;0;12241
2017-12-31 00:00:00.000;148;8080;1;0;12242
2017-12-31 00:00:00.000;133;8080;4;0;12243
2017-12-31 00:00:00.000;273;8080;4;0;12244
2017-12-31 00:00:00.000;118;8080;1;0;12245
2017-12-31 00:00:00.000;309;8080;3;0;12246
2017-12-31 00:00:00.000;290;8080;3;0;12247
2017-12-31 00:00:00.000;251;8080;1;0;12248
2017-12-31 00:00:00.000;226;8080;4;0;12249
2017-12-31 00:00:00.000;184;8080;4;0;12250
2017-12-31 00:00:00.000;302;8080;1;0;12251
2017-12-31 00:00:00.000;144;8080;;0;12252
2017-12-31 00:00:00.000;134;8080;4;0;12253
2017-12-31 00:00:00.000;156;8080;1;0;12254
2017-12-31 00:00:00.000;228;8080;1;0;12255
2017-12-31 00:00:00.000;175;8080;1;0;12256
2017-12-31 00:00:00.000;184;8080;4;0;12257
2017-12-31 00:00:00.000;245;8080;4;0;12258
2017-12-31 00:00:00.000;149;8080;3;0;12259
2017-12-31 00:00:00.000;137;8080;3;0;12260
2017-12-31 00:00:00.000;184;8080;1;0;12261
2017-12-31 00:00:00.000;257;8080;1;0;12262
2017-12-31 00:00:00.000;220;8080;4;0;12263
2017-12-31 00:00:00.000;176;8080;4;0;12264
2017-12-31 00:00:00.000;165;8080;3;0;12265
2017-12-31 00:00:00.000;156;8080;3;0;12266
2017-12-31 00:00:00.000;247;8080;1;0;12267
2017-12-31 00:00:00.000;311;8080;3;0;12268
2017-12-31 00:00:00.000;165;8080;1;0;12269
2017-12-31 00:00:00.000;275;8080;1;0;12270
2017-12-31 00:00:00.000;262;8080;3;0;12271
2017-12-31 00:00:00.000;159;8080;3;0;12272
2017-12-31 00:00:00.000;173;8080;4;0;12273
2017-12-31 00:00:00.000;132;8080;1;0;12274
2017-12-31 00:00:00.000;281;8080;1;0;12275
2017-12-31 00:00:00.000;292;8080;1;0;12276
2017-12-31 00:00:00.000;303;8080;4;0;12277
2017-12-31 00:00:00.000;186;8080;3;0;12278
2017-12-31 00:00:00.000;236;8080;1;0;12279
2017-12-31 00:00:00.000;275;8080;1;0;12280
2017-12-31 00:00:00.000;286;8080;3;0;12281
2017-12-31 00:00:00.000;198;8080;3;0;12282
2017-12-31 00:00:00.000;310;8080;1;0;12283
2017-12-31 00:00:00.000;137;8080;1;0;12284
2017-12-31 00:00:00.000;299;8080;4;0;12285
2017-12-31 00:00:00.000;209;8080;3;0;12286
2017-12-31 00:00:00.000;232;8080;1;0;12287
2017-12-31 00:00:00.000;205;8080;1;0;12288
2017-12-31 00:00:00.000;214;8080;4;0;12289
2017-12-31 00:00:00.000;264;8080;1;0;12290
2017-12-31 00:00:00.000;220;8080;4;0;12291
2017-12-31 00:00:00.000;220;8080;1;0;12292
2017-12-31 00:00:00.000;241;8080;1;0;12293
2017-12-31 00:00:00.000;124;8080;;0;12294
2017-12-31 00:00:00.000;151;8080;4;0;12295
2017-12-31 00:00:00.000;175;8080;1;0;12296
2017-12-31 00:00:00.000;276;8080;4;0;12297
2017-12-31 00:00:00.000;140;8080;4;0;12298
2017-12-31 00:00:00.000;146;8080;3;0;12299
2017-12-31 00:00:00.000;227;8080;3;0;12300
2017-12-31 00:00:00.000;194;8080;3;0;12301
2017-12-31 00:00:00.000;193;8080;3;0;12302
2017-12-31 00:00:00.000;139;8080;3;0;12303
2017-12-31 00:00:00.000;210;8080;1;0;12304
2017-12-31 00:00:00.000;222;8080;3;0;12305
2017-12-31 00:00:00.000;307;8080;1;0;12306
2017-12-31 00:00:00.000;258;8080;1;0;12307
2017-12-31 00:00:00.000;243;8080;3;0;12308
