DATA;TOTAL_VENDA;CAIXA_VENDEDOR;COD_FORMA_PGTO;VALOR_CANCELADO;NUMERO_CUPOM_FISCAL
2017-02-01 00:00:00.000;149,0;UGB ;1;0,0;5698
2017-02-01 00:00:00.000;162,0;UGB ;1;0,0;5699
2017-02-01 00:00:00.000;124,0;UGB ;4;0,0;5700
2017-02-01 00:00:00.000;270,0;UGB ;1;0,0;5701
2017-02-01 00:00:00.000;284,0;UGB ;1;0,0;5702
2017-02-01 00:00:00.000;218,0;UGB ;3;0,0;5703
2017-02-01 00:00:00.000;269,0;UGB ;3;0,0;5704
2017-02-01 00:00:00.000;202,0;UGB ;4;0,0;5705
2017-02-01 00:00:00.000;309,0;UGB ;;0,0;5706
2017-02-01 00:00:00.000;311,0;UGB ;3;0,0;5707
2017-02-01 00:00:00.000;184,0;UGB ;;0,0;5708
2017-02-01 00:00:00.000;239,0;UGB ;1;0,0;5709
2017-02-01 00:00:00.000;135,0;UGB ;;0,0;5710
2017-02-01 00:00:00.000;225,0;UGB ;4;0,0;5711
2017-02-01 00:00:00.000;113,0;UGB ;1;0,0;5712
2017-03-01 00:00:00.000;204,0;UGB ;3;0,0;5713
2017-03-01 00:00:00.000;306,0;UGB ;4;0,0;5714
2017-03-01 00:00:00.000;142,0;UGB ;;0,0;5715
2017-03-01 00:00:00.000;303,0;UGB ;1;0,0;5716
2017-03-01 00:00:00.000;151,0;UGB ;3;0,0;5717
2017-03-01 00:00:00.000;288,0;UGB ;4;0,0;5718
2017-03-01 00:00:00.000;234,0;UGB ;;0,0;5719
2017-03-01 00:00:00.000;126,0;UGB ;1;0,0;5720
2017-03-01 00:00:00.000;216,0;UGB ;1;0,0;5721
2017-03-01 00:00:00.000;300,0;UGB ;4;0,0;5722
2017-03-01 00:00:00.000;218,0;UGB ;3;0,0;5723
2017-03-01 00:00:00.000;279,0;UGB ;4;0,0;5724
2017-03-01 00:00:00.000;290,0;UGB ;;0,0;5725
2017-03-01 00:00:00.000;272,0;UGB ;4;0,0;5726
2017-04-01 00:00:00.000;245,0;UGB ;4;0,0;5727
2017-04-01 00:00:00.000;234,0;UGB ;;0,0;5728
2017-04-01 00:00:00.000;117,0;UGB ;4;0,0;5729
2017-04-01 00:00:00.000;169,0;UGB ;;0,0;5730
2017-04-01 00:00:00.000;247,0;UGB ;;5200,0;5731
2017-04-01 00:00:00.000;230,0;UGB ;4;0,0;5732
2017-04-01 00:00:00.000;276,0;UGB ;4;0,0;5733
2017-04-01 00:00:00.000;119,0;UGB ;4;0,0;5734
2017-04-01 00:00:00.000;296,0;UGB ;4;0,0;5735
2017-04-01 00:00:00.000;178,0;UGB ;3;0,0;5736
2017-04-01 00:00:00.000;228,0;UGB ;1;0,0;5737
2017-04-01 00:00:00.000;245,0;UGB ;3;890,0;5738
2017-04-01 00:00:00.000;117,0;UGB ;4;756,0;5739
2017-04-01 00:00:00.000;199,0;UGB ;4;965,0;5740
2017-04-01 00:00:00.000;148,0;UGB ;4;0,0;5741
2017-04-01 00:00:00.000;252,0;UGB ;4;0,0;5742
2017-04-01 00:00:00.000;126,0;UGB ;;0,0;5743
2017-04-01 00:00:00.000;213,0;UGB ;4;0,0;5744
2017-04-01 00:00:00.000;128,0;UGB ;4;0,0;5745
2017-04-01 00:00:00.000;279,0;UGB ;4;0,0;5746
2017-04-01 00:00:00.000;195,0;UGB ;3;0,0;5747
2017-04-01 00:00:00.000;307,0;UGB ;;0,0;5748
2017-04-01 00:00:00.000;208,0;UGB ;1;0,0;5749
2017-04-01 00:00:00.000;137,0;UGB ;;0,0;5750
2017-04-01 00:00:00.000;271,0;UGB ;4;0,0;5751
2017-04-01 00:00:00.000;300,0;UGB ;;0,0;5752
2017-04-01 00:00:00.000;177,0;UGB ;4;122,7;5753
2017-04-01 00:00:00.000;282,0;UGB ;4;899,9;5754
2017-04-01 00:00:00.000;211,0;UGB ;4;988,3;5755
2017-04-01 00:00:00.000;230,0;UGB ;4;0,0;5756
2017-05-01 00:00:00.000;288,0;WAO ;1;0,0;5757
2017-05-01 00:00:00.000;138,0;WAO ;1;0,0;5758
2017-05-01 00:00:00.000;121,0;WAO ;4;0,0;5759
2017-05-01 00:00:00.000;259,0;WAO ;1;0,0;5760
2017-05-01 00:00:00.000;158,0;WAO ;;0,0;5761
2017-05-01 00:00:00.000;269,0;WAO ;4;0,0;5762
2017-05-01 00:00:00.000;242,0;WAO ;;0,0;5763
2017-05-01 00:00:00.000;228,0;WAO ;4;0,0;5764
2017-12-01 00:00:00.000;183,0;8080;1;0,0;5765
2017-12-01 00:00:00.000;233,0;8080;4;0,0;5766
2017-12-01 00:00:00.000;271,0;8080;4;0,0;5767
2017-12-01 00:00:00.000;261,0;8080;;0,0;5768
2017-12-01 00:00:00.000;188,0;8080;4;1500,0;5769
2017-12-01 00:00:00.000;168,0;8080;1;0,0;5770
2017-12-01 00:00:00.000;217,0;8080;1;0,0;5771
2017-12-01 00:00:00.000;263,0;8080;4;0,0;5772
2017-12-01 00:00:00.000;176,0;8080;4;0,0;5773
2017-12-01 00:00:00.000;228,0;8080;4;0,0;5774
2017-12-01 00:00:00.000;211,0;8080;1;0,0;5775
2017-12-01 00:00:00.000;150,0;8080;1;0,0;5776
2017-12-01 00:00:00.000;188,0;8080;4;0,0;5777
2017-12-01 00:00:00.000;204,0;8080;;0,0;5778
2017-12-01 00:00:00.000;209,0;8080;1;0,0;5779
2017-12-01 00:00:00.000;272,0;8080;4;0,0;5780
2017-12-01 00:00:00.000;225,0;8080;4;110,9;5781
2017-12-01 00:00:00.000;227,0;8080;1;112,9;5782
2017-12-01 00:00:00.000;215,0;8080;4;0,0;5783
2017-12-01 00:00:00.000;189,0;8080;1;0,0;5784
2017-12-01 00:00:00.000;226,0;8080;4;0,0;5785
2017-12-01 00:00:00.000;157,0;8080;4;0,0;5786
2017-12-01 00:00:00.000;218,0;8080;4;0,0;5787
2017-12-01 00:00:00.000;242,0;8080;4;0,0;5788
2017-12-01 00:00:00.000;279,0;8080;1;0,0;5789
2017-12-01 00:00:00.000;157,0;8080;1;0,0;5790
2017-12-01 00:00:00.000;137,0;8080;4;0,0;5791
2017-12-01 00:00:00.000;222,0;8080;1;0,0;5792
2017-12-01 00:00:00.000;129,0;8080;4;0,0;5793
2017-12-01 00:00:00.000;145,0;8080;4;0,0;5794
2017-12-01 00:00:00.000;176,0;8080;4;0,0;5795
2017-12-01 00:00:00.000;177,0;8080;4;0,0;5796
2017-12-01 00:00:00.000;145,0;8080;4;0,0;5797
2017-12-01 00:00:00.000;220,0;8080;4;0,0;5798
2017-12-01 00:00:00.000;284,0;8080;4;0,0;5799
2017-12-01 00:00:00.000;208,0;8080;4;0,0;5800
2017-12-01 00:00:00.000;265,0;8080;1;0,0;5801
2017-12-01 00:00:00.000;254,0;8080;1;0,0;5802
2017-12-01 00:00:00.000;142,0;8080;4;0,0;5803
2017-12-01 00:00:00.000;266,0;8080;1;0,0;5804
2017-12-01 00:00:00.000;284,0;8080;1;700,0;5805
2017-12-01 00:00:00.000;263,0;8080;4;0,0;5806
2017-12-01 00:00:00.000;203,0;8080;1;0,0;5807
2017-12-01 00:00:00.000;148,0;8080;4;0,0;5808
2017-12-01 00:00:00.000;223,0;8080;4;0,0;5809
2017-12-01 00:00:00.000;193,0;8080;4;0,0;5810
2017-12-01 00:00:00.000;248,0;8080;4;0,0;5811
2017-01-02 00:00:00.000;194,0;8080;4;0,0;5812
2017-01-02 00:00:00.000;187,0;8080;4;0,0;5813
2017-01-02 00:00:00.000;141,0;8080;1;0,0;5814
2017-01-02 00:00:00.000;142,0;8080;4;0,0;5815
2017-01-02 00:00:00.000;208,0;8080;4;0,0;5816
2017-01-02 00:00:00.000;294,0;8080;1;0,0;5817
2017-01-02 00:00:00.000;127,0;8080;1;0,0;5818
2017-01-02 00:00:00.000;284,0;8080;1;0,0;5819
2017-01-02 00:00:00.000;168,0;8080;;0,0;5820
2017-01-02 00:00:00.000;139,0;8080;4;0,0;5821
2017-01-02 00:00:00.000;144,0;8080;4;0,0;5822
2017-01-02 00:00:00.000;220,0;8080;4;0,0;5823
2017-01-02 00:00:00.000;283,0;8080;4;0,0;5824
2017-01-02 00:00:00.000;220,0;8080;4;0,0;5825
2017-01-02 00:00:00.000;193,0;8080;;0,0;5826
2017-01-02 00:00:00.000;258,0;8080;;0,0;5827
2017-02-02 00:00:00.000;202,0;UGB ;1;0,0;5828
2017-02-02 00:00:00.000;192,0;UGB ;4;0,0;5829
2017-02-02 00:00:00.000;113,0;UGB ;;0,0;5830
2017-02-02 00:00:00.000;239,0;UGB ;1;0,0;5831
2017-02-02 00:00:00.000;156,0;UGB ;1;0,0;5832
2017-02-02 00:00:00.000;270,0;UGB ;4;0,0;5833
2017-02-02 00:00:00.000;225,0;UGB ;3;0,0;5834
2017-02-02 00:00:00.000;186,0;UGB ;;0,0;5835
2017-02-02 00:00:00.000;134,0;UGB ;;0,0;5836
2017-02-02 00:00:00.000;238,0;UGB ;;0,0;5837
2017-02-02 00:00:00.000;303,0;UGB ;3;0,0;5838
2017-02-02 00:00:00.000;134,0;UGB ;1;0,0;5839
2017-02-02 00:00:00.000;208,0;UGB ;;0,0;5840
2017-02-02 00:00:00.000;196,0;UGB ;1;0,0;5841
2017-02-02 00:00:00.000;118,0;UGB ;1;0,0;5842
2017-02-02 00:00:00.000;174,0;UGB ;1;0,0;5843
2017-02-02 00:00:00.000;162,0;UGB ;1;0,0;5844
2017-02-02 00:00:00.000;258,0;UGB ;1;0,0;5845
2017-03-02 00:00:00.000;176,0;UGB ;1;0,0;5846
2017-03-02 00:00:00.000;311,0;UGB ;1;0,0;5847
2017-03-02 00:00:00.000;179,0;UGB ;4;0,0;5848
2017-03-02 00:00:00.000;129,0;UGB ;1;0,0;5849
2017-03-02 00:00:00.000;124,0;UGB ;4;0,0;5850
2017-03-02 00:00:00.000;197,0;UGB ;3;0,0;5851
2017-03-02 00:00:00.000;153,0;UGB ;4;0,0;5852
2017-03-02 00:00:00.000;130,0;UGB ;1;0,0;5853
2017-03-02 00:00:00.000;301,0;UGB ;4;0,0;5854
2017-03-02 00:00:00.000;112,0;UGB ;1;0,0;5855
2017-03-02 00:00:00.000;306,0;UGB ;;0,0;5856
2017-03-02 00:00:00.000;237,0;UGB ;3;0,0;5857
2017-03-02 00:00:00.000;191,0;UGB ;1;0,0;5858
2017-03-02 00:00:00.000;268,0;UGB ;3;0,0;5859
2017-03-02 00:00:00.000;174,0;UGB ;3;0,0;5860
2017-03-02 00:00:00.000;216,0;UGB ;;0,0;5861
2017-03-02 00:00:00.000;185,0;UGB ;4;0,0;5862
2017-03-02 00:00:00.000;227,0;UGB ;3;0,0;5863
2017-03-02 00:00:00.000;221,0;UGB ;;0,0;5864
2017-03-02 00:00:00.000;129,0;UGB ;1;0,0;5865
2017-03-02 00:00:00.000;281,0;UGB ;4;0,0;5866
2017-03-02 00:00:00.000;137,0;UGB ;3;0,0;5867
2017-03-02 00:00:00.000;224,0;UGB ;3;0,0;5868
2017-03-02 00:00:00.000;223,0;UGB ;4;0,0;5869
2017-03-02 00:00:00.000;286,0;UGB ;;0,0;5870
2017-03-02 00:00:00.000;242,0;UGB ;4;0,0;5871
2017-03-02 00:00:00.000;304,0;UGB ;4;0,0;5872
2017-03-02 00:00:00.000;130,0;UGB ;1;0,0;5873
2017-03-02 00:00:00.000;178,0;UGB ;3;0,0;5874
2017-03-02 00:00:00.000;148,0;UGB ;4;0,0;5875
2017-03-02 00:00:00.000;162,0;UGB ;4;0,0;5876
2017-03-02 00:00:00.000;160,0;UGB ;4;0,0;5877
2017-03-02 00:00:00.000;267,0;UGB ;3;0,0;5878
2017-03-02 00:00:00.000;189,0;UGB ;4;0,0;5879
2017-04-02 00:00:00.000;209,0;UGB ;3;0,0;5880
2017-04-02 00:00:00.000;301,0;UGB ;4;0,0;5881
2017-04-02 00:00:00.000;125,0;UGB ;4;0,0;5882
2017-04-02 00:00:00.000;225,0;UGB ;;0,0;5883
2017-04-02 00:00:00.000;160,0;UGB ;;0,0;5884
2017-04-02 00:00:00.000;141,0;UGB ;;0,0;5885
2017-04-02 00:00:00.000;291,0;UGB ;;0,0;5886
2017-04-02 00:00:00.000;271,0;UGB ;4;0,0;5887
2017-04-02 00:00:00.000;296,0;UGB ;1;0,0;5888
2017-04-02 00:00:00.000;201,0;UGB ;3;0,0;5889
2017-04-02 00:00:00.000;230,0;UGB ;4;0,0;5890
2017-04-02 00:00:00.000;297,0;UGB ;3;0,0;5891
2017-04-02 00:00:00.000;226,0;UGB ;4;0,0;5892
2017-05-02 00:00:00.000;136,0;WAO ;;0,0;5893
2017-05-02 00:00:00.000;249,0;WAO ;1;0,0;5894
2017-05-02 00:00:00.000;136,0;WAO ;4;0,0;5895
2017-05-02 00:00:00.000;193,0;WAO ;1;0,0;5896
2017-05-02 00:00:00.000;174,0;WAO ;1;0,0;5897
2017-05-02 00:00:00.000;295,0;WAO ;4;0,0;5898
2017-05-02 00:00:00.000;194,0;WAO ;4;0,0;5899
2017-05-02 00:00:00.000;151,0;WAO ;1;0,0;5900
2017-05-02 00:00:00.000;178,0;WAO ;3;0,0;5901
2017-12-02 00:00:00.000;183,0;8080;;235,7;5902
2017-12-02 00:00:00.000;236,0;8080;;101,5;5903
2017-12-02 00:00:00.000;186,0;8080;1;0,0;5904
2017-12-02 00:00:00.000;115,0;8080;;0,0;5905
2017-12-02 00:00:00.000;197,0;8080;4;0,0;5906
2017-12-02 00:00:00.000;147,0;8080;1;0,0;5907
2017-12-02 00:00:00.000;195,0;8080;;0,0;5908
2017-12-02 00:00:00.000;290,0;8080;4;0,0;5909
2017-12-02 00:00:00.000;203,0;8080;;0,0;5910
2017-12-02 00:00:00.000;282,0;8080;4;0,0;5911
2017-12-02 00:00:00.000;298,0;8080;1;0,0;5912
2017-12-02 00:00:00.000;144,0;8080;4;0,0;5913
2017-12-02 00:00:00.000;209,0;8080;4;1300,0;5914
2017-12-02 00:00:00.000;270,0;8080;1;900,0;5915
2017-12-02 00:00:00.000;219,0;8080;4;0,0;5916
2017-12-02 00:00:00.000;133,0;8080;3;0,0;5917
2017-12-02 00:00:00.000;244,0;8080;4;0,0;5918
2017-12-02 00:00:00.000;189,0;8080;1;0,0;5919
2017-12-02 00:00:00.000;291,0;8080;1;0,0;5920
2017-12-02 00:00:00.000;128,0;8080;3;0,0;5921
2017-12-02 00:00:00.000;255,0;8080;1;0,0;5922
2017-12-02 00:00:00.000;206,0;8080;3;0,0;5923
2017-12-02 00:00:00.000;286,0;8080;4;0,0;5924
2017-12-02 00:00:00.000;235,0;8080;4;0,0;5925
2017-12-02 00:00:00.000;153,0;8080;;0,0;5926
2017-12-02 00:00:00.000;191,0;8080;1;0,0;5927
2017-12-02 00:00:00.000;157,0;8080;;900,0;5928
2017-12-02 00:00:00.000;174,0;8080;1;0,0;5929
2017-12-02 00:00:00.000;206,0;8080;4;0,0;5930
2017-12-02 00:00:00.000;283,0;8080;4;0,0;5931
2017-12-02 00:00:00.000;211,0;8080;4;0,0;5932
2017-12-02 00:00:00.000;141,0;8080;4;0,0;5933
2017-12-02 00:00:00.000;216,0;8080;4;0,0;5934
2017-12-02 00:00:00.000;114,0;8080;3;0,0;5935
2017-12-02 00:00:00.000;287,0;8080;3;0,0;5936
2017-12-02 00:00:00.000;312,0;8080;4;0,0;5937
2017-12-02 00:00:00.000;125,0;8080;1;0,0;5938
2017-12-02 00:00:00.000;165,0;8080;4;0,0;5939
2017-12-02 00:00:00.000;302,0;8080;4;0,0;5940
2017-12-02 00:00:00.000;179,0;8080;4;0,0;5941
2017-12-02 00:00:00.000;213,0;8080;;0,0;5942
2017-12-02 00:00:00.000;120,0;8080;;0,0;5943
2017-12-02 00:00:00.000;152,0;8080;1;0,0;5944
2017-12-02 00:00:00.000;255,0;8080;4;0,0;5945
2017-12-02 00:00:00.000;268,0;8080;;0,0;5946
2017-12-02 00:00:00.000;299,0;8080;3;0,0;5947
2017-12-02 00:00:00.000;275,0;8080;3;0,0;5948
2017-12-02 00:00:00.000;311,0;8080;3;0,0;5949
2017-12-02 00:00:00.000;181,0;8080;1;0,0;5950
2017-12-02 00:00:00.000;277,0;8080;4;0,0;5951
2017-12-02 00:00:00.000;144,0;8080;;0,0;5952
2017-01-03 00:00:00.000;216,0;UGB ;1;0,0;5953
2017-01-03 00:00:00.000;205,0;UGB ;1;0,0;5954
2017-01-03 00:00:00.000;225,0;UGB ;1;0,0;5955
2017-01-03 00:00:00.000;302,0;UGB ;3;0,0;5956
2017-01-03 00:00:00.000;243,0;UGB ;3;0,0;5957
2017-01-03 00:00:00.000;209,0;UGB ;1;0,0;5958
2017-01-03 00:00:00.000;241,0;UGB ;4;0,0;5959
2017-01-03 00:00:00.000;179,0;UGB ;3;0,0;5960
2017-01-03 00:00:00.000;267,0;UGB ;4;0,0;5961
2017-01-03 00:00:00.000;169,0;UGB ;3;0,0;5962
2017-01-03 00:00:00.000;170,0;UGB ;1;0,0;5963
2017-01-03 00:00:00.000;169,0;UGB ;4;0,0;5964
2017-01-03 00:00:00.000;202,0;UGB ;;0,0;5965
2017-01-03 00:00:00.000;254,0;UGB ;;0,0;5966
2017-01-03 00:00:00.000;151,0;UGB ;;0,0;5967
2017-01-03 00:00:00.000;266,0;UGB ;1;0,0;5968
2017-01-03 00:00:00.000;211,0;UGB ;;0,0;5969
2017-01-03 00:00:00.000;161,0;UGB ;3;0,0;5970
2017-01-03 00:00:00.000;162,0;UGB ;1;0,0;5971
2017-01-03 00:00:00.000;223,0;UGB ;1;0,0;5972
2017-01-03 00:00:00.000;301,0;UGB ;;0,0;5973
2017-01-03 00:00:00.000;291,0;UGB ;3;0,0;5974
2017-01-03 00:00:00.000;173,0;UGB ;;0,0;5975
2017-01-03 00:00:00.000;220,0;UGB ;;69,15;5976
2017-02-03 00:00:00.000;115,0;UGB ;1;0,0;5977
2017-02-03 00:00:00.000;119,0;UGB ;1;0,0;5978
2017-02-03 00:00:00.000;197,0;UGB ;1;0,0;5979
2017-02-03 00:00:00.000;178,0;UGB ;1;0,0;5980
2017-02-03 00:00:00.000;184,0;UGB ;1;0,0;5981
2017-02-03 00:00:00.000;255,0;UGB ;1;0,0;5982
2017-02-03 00:00:00.000;191,0;UGB ;1;0,0;5983
2017-02-03 00:00:00.000;117,0;UGB ;3;0,0;5984
2017-02-03 00:00:00.000;276,0;UGB ;1;0,0;5985
2017-02-03 00:00:00.000;290,0;UGB ;4;0,0;5986
2017-02-03 00:00:00.000;234,0;UGB ;1;0,0;5987
2017-02-03 00:00:00.000;301,0;UGB ;;0,0;5988
2017-02-03 00:00:00.000;228,0;UGB ;1;0,0;5989
2017-02-03 00:00:00.000;133,0;UGB ;;0,0;5990
2017-02-03 00:00:00.000;240,0;UGB ;3;0,0;5991
2017-02-03 00:00:00.000;269,0;UGB ;;0,0;5992
2017-03-03 00:00:00.000;129,0;UGB ;1;0,0;5993
2017-03-03 00:00:00.000;165,0;UGB ;4;0,0;5994
2017-03-03 00:00:00.000;270,0;UGB ;4;0,0;5995
2017-03-03 00:00:00.000;236,0;UGB ;1;0,0;5996
2017-03-03 00:00:00.000;294,0;UGB ;4;0,0;5997
2017-03-03 00:00:00.000;301,0;UGB ;1;0,0;5998
2017-03-03 00:00:00.000;127,0;UGB ;1;0,0;5999
2017-03-03 00:00:00.000;263,0;UGB ;;0,0;6000
2017-03-03 00:00:00.000;156,0;UGB ;4;0,0;6001
2017-03-03 00:00:00.000;216,0;UGB ;;0,0;6002
2017-03-03 00:00:00.000;133,0;UGB ;4;0,0;6003
2017-03-03 00:00:00.000;304,0;UGB ;1;0,0;6004
2017-03-03 00:00:00.000;277,0;UGB ;3;0,0;6005
2017-03-03 00:00:00.000;153,0;UGB ;3;0,0;6006
2017-03-03 00:00:00.000;200,0;UGB ;3;0,0;6007
2017-03-03 00:00:00.000;186,0;UGB ;1;0,0;6008
2017-03-03 00:00:00.000;143,0;UGB ;;0,0;6009
2017-03-03 00:00:00.000;183,0;UGB ;;0,0;6010
2017-03-03 00:00:00.000;298,0;UGB ;3;0,0;6011
2017-03-03 00:00:00.000;273,0;UGB ;1;0,0;6012
2017-03-03 00:00:00.000;165,0;UGB ;3;0,0;6013
2017-03-03 00:00:00.000;223,0;UGB ;;0,0;6014
2017-03-03 00:00:00.000;182,0;UGB ;;0,0;6015
2017-03-03 00:00:00.000;213,0;UGB ;4;0,0;6016
2017-03-03 00:00:00.000;272,0;UGB ;3;0,0;6017
2017-03-03 00:00:00.000;147,0;UGB ;;0,0;6018
2017-03-03 00:00:00.000;223,0;UGB ;4;0,0;6019
2017-03-03 00:00:00.000;243,0;UGB ;;0,0;6020
2017-03-03 00:00:00.000;127,0;UGB ;;0,0;6021
2017-03-03 00:00:00.000;246,0;UGB ;1;0,0;6022
2017-03-03 00:00:00.000;255,0;UGB ;;0,0;6023
2017-03-03 00:00:00.000;113,0;UGB ;4;0,0;6024
2017-03-03 00:00:00.000;121,0;UGB ;1;0,0;6025
2017-03-03 00:00:00.000;218,0;UGB ;1;0,0;6026
2017-04-03 00:00:00.000;190,0;UGB ;4;0,0;6027
2017-04-03 00:00:00.000;115,0;UGB ;3;0,0;6028
2017-04-03 00:00:00.000;242,0;UGB ;;0,0;6029
2017-04-03 00:00:00.000;169,0;UGB ;4;0,0;6030
2017-04-03 00:00:00.000;164,0;UGB ;1;0,0;6031
2017-04-03 00:00:00.000;154,0;UGB ;1;33,9;6032
2017-04-03 00:00:00.000;190,0;UGB ;1;0,0;6033
2017-04-03 00:00:00.000;247,0;UGB ;3;0,0;6034
2017-04-03 00:00:00.000;203,0;UGB ;1;0,0;6035
2017-04-03 00:00:00.000;124,0;UGB ;4;0,0;6036
2017-04-03 00:00:00.000;123,0;UGB ;3;0,0;6037
2017-04-03 00:00:00.000;121,0;UGB ;1;0,0;6038
2017-04-03 00:00:00.000;143,0;UGB ;3;0,0;6039
2017-04-03 00:00:00.000;249,0;UGB ;3;0,0;6040
2017-04-03 00:00:00.000;278,0;UGB ;4;0,0;6041
2017-04-03 00:00:00.000;207,0;UGB ;1;0,0;6042
2017-04-03 00:00:00.000;169,0;UGB ;4;0,0;6043
2017-04-03 00:00:00.000;168,0;UGB ;3;0,0;6044
2017-04-03 00:00:00.000;165,0;UGB ;3;0,0;6045
2017-04-03 00:00:00.000;307,0;UGB ;4;0,0;6046
2017-04-03 00:00:00.000;301,0;UGB ;4;0,0;6047
2017-04-03 00:00:00.000;189,0;UGB ;1;0,0;6048
2017-04-03 00:00:00.000;269,0;UGB ;1;0,0;6049
2017-04-03 00:00:00.000;149,0;UGB ;3;0,0;6050
2017-04-03 00:00:00.000;218,0;UGB ;3;0,0;6051
2017-04-03 00:00:00.000;128,0;UGB ;1;0,0;6052
2017-04-03 00:00:00.000;305,0;UGB ;;0,0;6053
2017-04-03 00:00:00.000;159,0;UGB ;1;0,0;6054
2017-04-03 00:00:00.000;238,0;UGB ;4;0,0;6055
2017-05-03 00:00:00.000;215,0;WAO ;4;0,0;6056
2017-05-03 00:00:00.000;242,0;WAO ;1;0,0;6057
2017-05-03 00:00:00.000;261,0;WAO ;1;0,0;6058
2017-05-03 00:00:00.000;301,0;WAO ;1;0,0;6059
2017-05-03 00:00:00.000;270,0;WAO ;1;0,0;6060
2017-05-03 00:00:00.000;197,0;WAO ;4;0,0;6061
2017-05-03 00:00:00.000;206,0;WAO ;1;0,0;6062
2017-05-03 00:00:00.000;294,0;WAO ;3;0,0;6063
2017-05-03 00:00:00.000;298,0;WAO ;4;0,0;6064
2017-05-03 00:00:00.000;218,0;WAO ;4;0,0;6065
2017-05-03 00:00:00.000;213,0;WAO ;1;0,0;6066
2017-05-03 00:00:00.000;118,0;WAO ;;0,0;6067
2017-05-03 00:00:00.000;136,0;WAO ;3;0,0;6068
2017-05-03 00:00:00.000;241,0;WAO ;;0,0;6069
2017-05-03 00:00:00.000;256,0;WAO ;;0,0;6070
2017-05-03 00:00:00.000;298,0;WAO ;;0,0;6071
2017-05-03 00:00:00.000;177,0;WAO ;4;0,0;6072
2017-11-03 00:00:00.000;291,0;8080;1;28,9;6073
2017-11-03 00:00:00.000;264,0;8080;4;49,9;6074
2017-11-03 00:00:00.000;208,0;8080;3;0,0;6075
2017-11-03 00:00:00.000;312,0;8080;3;0,0;6076
2017-11-03 00:00:00.000;111,0;8080;4;47,9;6077
2017-11-03 00:00:00.000;196,0;8080;;0,0;6078
2017-11-03 00:00:00.000;132,0;8080;;0,0;6079
2017-11-03 00:00:00.000;263,0;8080;1;46,9;6080
2017-11-03 00:00:00.000;137,0;8080;1;86,6;6081
2017-11-03 00:00:00.000;200,0;8080;1;0,0;6082
2017-11-03 00:00:00.000;194,0;8080;4;0,0;6083
2017-11-03 00:00:00.000;194,0;8080;3;0,0;6084
2017-11-03 00:00:00.000;111,0;8080;1;0,0;6085
2017-11-03 00:00:00.000;194,0;8080;;0,0;6086
2017-11-03 00:00:00.000;283,0;8080;;0,0;6087
2017-11-03 00:00:00.000;278,0;8080;4;0,0;6088
2017-11-03 00:00:00.000;265,0;8080;4;0,0;6089
2017-11-03 00:00:00.000;115,0;8080;1;0,0;6090
2017-11-03 00:00:00.000;201,0;8080;1;0,0;6091
2017-11-03 00:00:00.000;131,0;8080;1;0,0;6092
2017-11-03 00:00:00.000;285,0;8080;;0,0;6093
2017-11-03 00:00:00.000;289,0;8080;;0,0;6094
2017-11-03 00:00:00.000;112,0;8080;4;0,0;6095
2017-11-03 00:00:00.000;215,0;8080;;0,0;6096
2017-11-03 00:00:00.000;112,0;8080;;0,0;6097
2017-11-03 00:00:00.000;291,0;8080;4;0,0;6098
2017-11-03 00:00:00.000;262,0;8080;;0,0;6099
2017-11-03 00:00:00.000;299,0;8080;4;0,0;6100
2017-12-03 00:00:00.000;246,0;8080;4;0,0;6101
2017-12-03 00:00:00.000;142,0;8080;1;0,0;6102
2017-12-03 00:00:00.000;211,0;8080;1;28,9;6103
2017-12-03 00:00:00.000;256,0;8080;;84,8;6104
2017-12-03 00:00:00.000;302,0;8080;1;0,0;6105
2017-12-03 00:00:00.000;216,0;8080;1;18,9;6106
2017-12-03 00:00:00.000;301,0;8080;1;0,0;6107
2017-12-03 00:00:00.000;125,0;8080;1;0,0;6108
2017-12-03 00:00:00.000;154,0;8080;1;0,0;6109
2017-12-03 00:00:00.000;216,0;8080;1;0,0;6110
2017-12-03 00:00:00.000;251,0;8080;1;0,0;6111
2017-12-03 00:00:00.000;242,0;8080;1;113,6;6112
2017-12-03 00:00:00.000;290,0;8080;1;84,8;6113
2017-12-03 00:00:00.000;203,0;8080;1;0,0;6114
2017-12-03 00:00:00.000;153,0;8080;4;0,0;6115
2017-12-03 00:00:00.000;243,0;8080;4;0,0;6116
2017-12-03 00:00:00.000;305,0;8080;1;0,0;6117
2017-12-03 00:00:00.000;120,0;8080;3;0,0;6118
2017-12-03 00:00:00.000;281,0;8080;4;0,0;6119
2017-12-03 00:00:00.000;192,0;8080;1;0,0;6120
2017-12-03 00:00:00.000;129,0;8080;1;0,0;6121
2017-12-03 00:00:00.000;204,0;8080;;0,0;6122
2017-12-03 00:00:00.000;276,0;8080;1;0,0;6123
2017-12-03 00:00:00.000;308,0;8080;1;0,0;6124
2017-12-03 00:00:00.000;293,0;8080;1;0,0;6125
2017-12-03 00:00:00.000;263,0;8080;4;0,0;6126
2017-12-03 00:00:00.000;241,0;8080;4;0,0;6127
2017-12-03 00:00:00.000;293,0;8080;1;0,0;6128
2017-12-03 00:00:00.000;232,0;8080;4;0,0;6129
2017-12-03 00:00:00.000;125,0;8080;1;0,0;6130
2017-12-03 00:00:00.000;231,0;8080;4;0,0;6131
2017-12-03 00:00:00.000;202,0;8080;1;0,0;6132
2017-12-03 00:00:00.000;283,0;8080;1;0,0;6133
2017-12-03 00:00:00.000;162,0;8080;4;0,0;6134
2017-12-03 00:00:00.000;144,0;8080;4;0,0;6135
2017-12-03 00:00:00.000;245,0;8080;4;0,0;6136
2017-12-03 00:00:00.000;136,0;8080;4;0,0;6137
2017-12-03 00:00:00.000;123,0;8080;1;0,0;6138
2017-12-03 00:00:00.000;246,0;8080;1;0,0;6139
2017-12-03 00:00:00.000;123,0;8080;4;0,0;6140
2017-12-03 00:00:00.000;311,0;8080;1;0,0;6141
2017-12-03 00:00:00.000;161,0;8080;4;0,0;6142
2017-12-03 00:00:00.000;144,0;8080;1;0,0;6143
2017-12-03 00:00:00.000;144,0;8080;1;0,0;6144
2017-12-03 00:00:00.000;279,0;8080;4;0,0;6145
2017-12-03 00:00:00.000;288,0;8080;4;0,0;6146
2017-12-03 00:00:00.000;249,0;8080;4;0,0;6147
2017-12-03 00:00:00.000;191,0;8080;3;0,0;6148
2017-12-03 00:00:00.000;193,0;8080;1;0,0;6149
2017-12-03 00:00:00.000;303,0;8080;3;0,0;6150
2017-12-03 00:00:00.000;263,0;8080;;0,0;6151
2017-12-03 00:00:00.000;205,0;8080;4;0,0;6152
2017-12-03 00:00:00.000;170,0;8080;4;0,0;6153
2017-12-03 00:00:00.000;128,0;8080;1;0,0;6154
2017-12-03 00:00:00.000;298,0;8080;1;0,0;6155
2017-12-03 00:00:00.000;191,0;8080;1;0,0;6156
2017-12-03 00:00:00.000;257,0;8080;3;0,0;6157
2017-12-03 00:00:00.000;292,0;8080;1;0,0;6158
2017-12-03 00:00:00.000;126,0;8080;4;0,0;6159
2017-12-03 00:00:00.000;132,0;8080;4;0,0;6160
2017-12-03 00:00:00.000;169,0;8080;4;0,0;6161
2017-12-03 00:00:00.000;251,0;8080;4;0,0;6162
2017-12-03 00:00:00.000;215,0;8080;1;0,0;6163
2017-12-03 00:00:00.000;205,0;8080;4;0,0;6164
2017-12-03 00:00:00.000;292,0;8080;4;0,0;6165
2017-12-03 00:00:00.000;243,0;8080;4;0,0;6166
2017-12-03 00:00:00.000;213,0;8080;4;0,0;6167
2017-12-03 00:00:00.000;220,0;8080;4;0,0;6168
2017-12-03 00:00:00.000;111,0;8080;4;0,0;6169
2017-12-03 00:00:00.000;240,0;8080;4;0,0;6170
2017-12-03 00:00:00.000;148,0;8080;4;0,0;6171
2017-12-03 00:00:00.000;293,0;8080;1;0,0;6172
2017-12-03 00:00:00.000;266,0;8080;3;0,0;6173
2017-12-03 00:00:00.000;238,0;8080;4;0,0;6174
2017-12-03 00:00:00.000;172,0;8080;;0,0;6175
2017-12-03 00:00:00.000;245,0;8080;1;0,0;6176
2017-12-03 00:00:00.000;260,0;8080;3;0,0;6177
2017-12-03 00:00:00.000;177,0;8080;4;0,0;6178
2017-12-03 00:00:00.000;227,0;8080;1;0,0;6179
2017-12-03 00:00:00.000;247,0;8080;1;0,0;6180
2017-12-03 00:00:00.000;116,0;8080;4;0,0;6181
2017-12-03 00:00:00.000;181,0;8080;4;0,0;6182
2017-12-03 00:00:00.000;141,0;8080;1;0,0;6183
2017-12-03 00:00:00.000;189,0;8080;4;0,0;6184
2017-12-03 00:00:00.000;169,0;8080;4;0,0;6185
2017-12-03 00:00:00.000;210,0;8080;3;0,0;6186
2017-12-03 00:00:00.000;127,0;8080;1;0,0;6187
2017-01-04 00:00:00.000;176,0;UGB ;4;0,0;6188
2017-01-04 00:00:00.000;152,0;UGB ;1;0,0;6189
2017-01-04 00:00:00.000;115,0;UGB ;1;0,0;6190
2017-01-04 00:00:00.000;153,0;UGB ;;0,0;6191
2017-01-04 00:00:00.000;295,0;UGB ;;0,0;6192
2017-01-04 00:00:00.000;206,0;UGB ;;0,0;6193
2017-01-04 00:00:00.000;129,0;UGB ;1;0,0;6194
2017-01-04 00:00:00.000;173,0;UGB ;1;0,0;6195
2017-01-04 00:00:00.000;299,0;UGB ;1;0,0;6196
2017-01-04 00:00:00.000;162,0;UGB ;4;0,0;6197
2017-01-04 00:00:00.000;261,0;UGB ;1;0,0;6198
2017-01-04 00:00:00.000;268,0;UGB ;4;0,0;6199
2017-01-04 00:00:00.000;167,0;UGB ;4;0,0;6200
2017-01-04 00:00:00.000;256,0;UGB ;4;0,0;6201
2017-01-04 00:00:00.000;294,0;UGB ;;0,0;6202
2017-01-04 00:00:00.000;193,0;UGB ;;0,0;6203
2017-01-04 00:00:00.000;212,0;UGB ;4;0,0;6204
2017-01-04 00:00:00.000;194,0;UGB ;4;0,0;6205
2017-01-04 00:00:00.000;251,0;UGB ;1;0,0;6206
2017-01-04 00:00:00.000;205,0;UGB ;1;0,0;6207
2017-01-04 00:00:00.000;138,0;UGB ;4;0,0;6208
2017-01-04 00:00:00.000;306,0;UGB ;3;0,0;6209
2017-02-04 00:00:00.000;235,0;UGB ;4;0,0;6210
2017-02-04 00:00:00.000;148,0;UGB ;4;0,0;6211
2017-02-04 00:00:00.000;113,0;UGB ;1;0,0;6212
2017-02-04 00:00:00.000;219,0;UGB ;;0,0;6213
2017-02-04 00:00:00.000;229,0;UGB ;3;0,0;6214
2017-02-04 00:00:00.000;300,0;UGB ;4;0,0;6215
2017-02-04 00:00:00.000;260,0;UGB ;4;0,0;6216
2017-02-04 00:00:00.000;158,0;UGB ;4;0,0;6217
2017-02-04 00:00:00.000;292,0;UGB ;1;0,0;6218
2017-02-04 00:00:00.000;142,0;UGB ;4;0,0;6219
2017-02-04 00:00:00.000;120,0;UGB ;4;0,0;6220
2017-02-04 00:00:00.000;202,0;UGB ;1;0,0;6221
2017-02-04 00:00:00.000;198,0;UGB ;4;0,0;6222
2017-02-04 00:00:00.000;137,0;UGB ;1;0,0;6223
2017-02-04 00:00:00.000;215,0;UGB ;4;0,0;6224
2017-02-04 00:00:00.000;141,0;UGB ;4;0,0;6225
2017-02-04 00:00:00.000;136,0;UGB ;1;0,0;6226
2017-02-04 00:00:00.000;291,0;UGB ;1;0,0;6227
2017-02-04 00:00:00.000;225,0;UGB ;;0,0;6228
2017-02-04 00:00:00.000;189,0;UGB ;4;0,0;6229
2017-02-04 00:00:00.000;220,0;UGB ;1;0,0;6230
2017-02-04 00:00:00.000;137,0;UGB ;1;0,0;6231
2017-02-04 00:00:00.000;301,0;UGB ;4;0,0;6232
2017-02-04 00:00:00.000;223,0;UGB ;4;0,0;6233
2017-02-04 00:00:00.000;235,0;UGB ;;0,0;6234
2017-02-04 00:00:00.000;227,0;UGB ;;0,0;6235
2017-02-04 00:00:00.000;234,0;UGB ;1;0,0;6236
2017-02-04 00:00:00.000;283,0;UGB ;4;0,0;6237
2017-02-04 00:00:00.000;308,0;UGB ;1;0,0;6238
2017-02-04 00:00:00.000;157,0;UGB ;;0,0;6239
2017-02-04 00:00:00.000;229,0;UGB ;4;0,0;6240
2017-02-04 00:00:00.000;297,0;UGB ;1;0,0;6241
2017-02-04 00:00:00.000;124,0;UGB ;1;0,0;6242
2017-02-04 00:00:00.000;200,0;UGB ;;0,0;6243
2017-02-04 00:00:00.000;279,0;UGB ;1;0,0;6244
2017-02-04 00:00:00.000;210,0;UGB ;;0,0;6245
2017-02-04 00:00:00.000;285,0;UGB ;1;0,0;6246
2017-03-04 00:00:00.000;186,0;UGB ;4;0,0;6247
2017-03-04 00:00:00.000;180,0;UGB ;4;0,0;6248
2017-03-04 00:00:00.000;233,0;UGB ;;0,0;6249
2017-03-04 00:00:00.000;121,0;UGB ;4;0,0;6250
2017-03-04 00:00:00.000;148,0;UGB ;4;0,0;6251
2017-03-04 00:00:00.000;167,0;UGB ;;0,0;6252
2017-03-04 00:00:00.000;171,0;UGB ;4;0,0;6253
2017-03-04 00:00:00.000;244,0;UGB ;4;0,0;6254
2017-03-04 00:00:00.000;291,0;UGB ;;0,0;6255
2017-03-04 00:00:00.000;267,0;UGB ;4;0,0;6256
2017-03-04 00:00:00.000;153,0;UGB ;1;0,0;6257
2017-03-04 00:00:00.000;112,0;UGB ;1;0,0;6258
2017-03-04 00:00:00.000;209,0;UGB ;4;0,0;6259
2017-03-04 00:00:00.000;230,0;UGB ;1;0,0;6260
2017-03-04 00:00:00.000;301,0;UGB ;1;0,0;6261
2017-03-04 00:00:00.000;230,0;UGB ;4;0,0;6262
2017-03-04 00:00:00.000;180,0;UGB ;4;0,0;6263
2017-03-04 00:00:00.000;191,0;UGB ;4;0,0;6264
2017-03-04 00:00:00.000;162,0;UGB ;;0,0;6265
2017-03-04 00:00:00.000;126,0;UGB ;1;0,0;6266
2017-03-04 00:00:00.000;242,0;UGB ;;0,0;6267
2017-03-04 00:00:00.000;286,0;UGB ;;0,0;6268
2017-03-04 00:00:00.000;281,0;UGB ;;0,0;6269
2017-03-04 00:00:00.000;263,0;UGB ;4;0,0;6270
2017-03-04 00:00:00.000;279,0;UGB ;1;0,0;6271
2017-03-04 00:00:00.000;236,0;UGB ;;0,0;6272
2017-03-04 00:00:00.000;146,0;UGB ;4;0,0;6273
2017-03-04 00:00:00.000;279,0;UGB ;4;0,0;6274
2017-03-04 00:00:00.000;273,0;UGB ;4;0,0;6275
2017-03-04 00:00:00.000;197,0;UGB ;1;0,0;6276
2017-03-04 00:00:00.000;119,0;UGB ;1;0,0;6277
2017-03-04 00:00:00.000;298,0;UGB ;1;0,0;6278
2017-03-04 00:00:00.000;295,0;UGB ;1;0,0;6279
2017-03-04 00:00:00.000;271,0;UGB ;;0,0;6280
2017-03-04 00:00:00.000;306,0;UGB ;;0,0;6281
2017-03-04 00:00:00.000;194,0;UGB ;4;0,0;6282
2017-03-04 00:00:00.000;194,0;UGB ;1;0,0;6283
2017-03-04 00:00:00.000;168,0;UGB ;;0,0;6284
2017-04-04 00:00:00.000;157,0;UGB ;4;0,0;6285
2017-04-04 00:00:00.000;167,0;UGB ;4;0,0;6286
2017-04-04 00:00:00.000;217,0;UGB ;4;0,0;6287
2017-04-04 00:00:00.000;136,0;UGB ;1;0,0;6288
2017-04-04 00:00:00.000;238,0;UGB ;1;0,0;6289
2017-04-04 00:00:00.000;280,0;UGB ;4;0,0;6290
2017-04-04 00:00:00.000;141,0;UGB ;;73,8;6291
2017-04-04 00:00:00.000;131,0;UGB ;;0,0;6292
2017-04-04 00:00:00.000;115,0;UGB ;4;0,0;6293
2017-04-04 00:00:00.000;142,0;UGB ;1;0,0;6294
2017-04-04 00:00:00.000;276,0;UGB ;4;0,0;6295
2017-04-04 00:00:00.000;310,0;UGB ;1;0,0;6296
2017-05-04 00:00:00.000;162,0;WAO ;4;0,0;6297
2017-05-04 00:00:00.000;219,0;WAO ;1;0,0;6298
2017-05-04 00:00:00.000;252,0;WAO ;1;0,0;6299
2017-05-04 00:00:00.000;304,0;WAO ;4;0,0;6300
2017-05-04 00:00:00.000;181,0;WAO ;;0,0;6301
2017-05-04 00:00:00.000;276,0;WAO ;4;0,0;6302
2017-05-04 00:00:00.000;244,0;WAO ;4;0,0;6303
2017-05-04 00:00:00.000;244,0;WAO ;1;0,0;6304
2017-05-04 00:00:00.000;133,0;WAO ;1;0,0;6305
2017-05-04 00:00:00.000;252,0;WAO ;1;0,0;6306
2017-05-04 00:00:00.000;294,0;WAO ;4;0,0;6307
2017-05-04 00:00:00.000;262,0;WAO ;4;0,0;6308
2017-05-04 00:00:00.000;127,0;WAO ;4;0,0;6309
2017-05-04 00:00:00.000;294,0;WAO ;4;0,0;6310
2017-05-04 00:00:00.000;228,0;WAO ;4;0,0;6311
2017-05-04 00:00:00.000;185,0;WAO ;4;0,0;6312
2017-05-04 00:00:00.000;209,0;WAO ;4;0,0;6313
2017-05-04 00:00:00.000;121,0;WAO ;4;0,0;6314
2017-05-04 00:00:00.000;260,0;WAO ;1;0,0;6315
2017-05-04 00:00:00.000;132,0;WAO ;4;0,0;6316
2017-05-04 00:00:00.000;296,0;WAO ;;0,0;6317
2017-05-04 00:00:00.000;159,0;WAO ;;0,0;6318
2017-05-04 00:00:00.000;183,0;WAO ;4;0,0;6319
2017-05-04 00:00:00.000;150,0;WAO ;4;0,0;6320
2017-05-04 00:00:00.000;142,0;WAO ;4;0,0;6321
2017-11-04 00:00:00.000;256,0;8080;;0,0;6322
2017-11-04 00:00:00.000;123,0;8080;1;0,0;6323
2017-11-04 00:00:00.000;231,0;8080;1;0,0;6324
2017-11-04 00:00:00.000;221,0;8080;4;0,0;6325
2017-11-04 00:00:00.000;229,0;8080;1;0,0;6326
2017-11-04 00:00:00.000;248,0;8080;4;0,0;6327
2017-11-04 00:00:00.000;141,0;8080;4;0,0;6328
2017-11-04 00:00:00.000;239,0;8080;1;0,0;6329
2017-11-04 00:00:00.000;174,0;8080;1;0,0;6330
2017-11-04 00:00:00.000;179,0;8080;4;0,0;6331
2017-11-04 00:00:00.000;135,0;8080;1;0,0;6332
2017-11-04 00:00:00.000;261,0;8080;1;0,0;6333
2017-11-04 00:00:00.000;280,0;8080;1;0,0;6334
2017-11-04 00:00:00.000;115,0;8080;4;0,0;6335
2017-11-04 00:00:00.000;192,0;8080;4;0,0;6336
2017-11-04 00:00:00.000;180,0;8080;4;0,0;6337
2017-11-04 00:00:00.000;223,0;8080;1;0,0;6338
2017-11-04 00:00:00.000;211,0;8080;1;0,0;6339
2017-11-04 00:00:00.000;248,0;8080;4;0,0;6340
2017-11-04 00:00:00.000;147,0;8080;4;0,0;6341
2017-11-04 00:00:00.000;149,0;8080;;0,0;6342
2017-11-04 00:00:00.000;169,0;8080;;0,0;6343
2017-11-04 00:00:00.000;135,0;8080;;0,0;6344
2017-11-04 00:00:00.000;157,0;8080;4;0,0;6345
2017-12-04 00:00:00.000;111,0;8080;;0,0;6346
2017-12-04 00:00:00.000;304,0;8080;1;0,0;6347
2017-12-04 00:00:00.000;179,0;8080;4;0,0;6348
2017-12-04 00:00:00.000;263,0;8080;4;0,0;6349
2017-12-04 00:00:00.000;290,0;8080;1;0,0;6350
2017-12-04 00:00:00.000;308,0;8080;4;0,0;6351
2017-12-04 00:00:00.000;201,0;8080;3;0,0;6352
2017-12-04 00:00:00.000;127,0;8080;4;62,9;6353
2017-12-04 00:00:00.000;147,0;8080;1;0,0;6354
2017-12-04 00:00:00.000;158,0;8080;4;0,0;6355
2017-12-04 00:00:00.000;125,0;8080;4;0,0;6356
2017-12-04 00:00:00.000;196,0;8080;1;0,0;6357
2017-12-04 00:00:00.000;160,0;8080;3;0,0;6358
2017-12-04 00:00:00.000;128,0;8080;4;0,0;6359
2017-12-04 00:00:00.000;171,0;8080;1;0,0;6360
2017-12-04 00:00:00.000;121,0;8080;4;0,0;6361
2017-12-04 00:00:00.000;242,0;8080;3;0,0;6362
2017-12-04 00:00:00.000;260,0;8080;1;0,0;6363
2017-12-04 00:00:00.000;275,0;8080;;0,0;6364
2017-12-04 00:00:00.000;225,0;8080;4;0,0;6365
2017-12-04 00:00:00.000;270,0;8080;1;0,0;6366
2017-12-04 00:00:00.000;156,0;8080;4;0,0;6367
2017-12-04 00:00:00.000;273,0;8080;1;0,0;6368
2017-12-04 00:00:00.000;173,0;8080;;0,0;6369
2017-12-04 00:00:00.000;141,0;8080;1;0,0;6370
2017-12-04 00:00:00.000;226,0;8080;4;0,0;6371
2017-12-04 00:00:00.000;121,0;8080;4;0,0;6372
2017-12-04 00:00:00.000;289,0;8080;3;0,0;6373
2017-12-04 00:00:00.000;258,0;8080;1;0,0;6374
2017-12-04 00:00:00.000;193,0;8080;1;0,0;6375
2017-12-04 00:00:00.000;300,0;8080;3;0,0;6376
2017-12-04 00:00:00.000;304,0;8080;4;0,0;6377
2017-12-04 00:00:00.000;260,0;8080;4;0,0;6378
2017-12-04 00:00:00.000;263,0;8080;4;0,0;6379
2017-12-04 00:00:00.000;293,0;8080;4;0,0;6380
2017-12-04 00:00:00.000;264,0;8080;1;0,0;6381
2017-12-04 00:00:00.000;183,0;8080;1;0,0;6382
2017-12-04 00:00:00.000;240,0;8080;4;0,0;6383
2017-12-04 00:00:00.000;251,0;8080;;0,0;6384
2017-12-04 00:00:00.000;159,0;8080;1;0,0;6385
2017-12-04 00:00:00.000;111,0;8080;4;0,0;6386
2017-12-04 00:00:00.000;221,0;8080;1;0,0;6387
2017-12-04 00:00:00.000;134,0;8080;3;0,0;6388
2017-12-04 00:00:00.000;282,0;8080;3;0,0;6389
2017-12-04 00:00:00.000;181,0;8080;1;0,0;6390
2017-12-04 00:00:00.000;229,0;8080;4;0,0;6391
2017-12-04 00:00:00.000;256,0;8080;4;0,0;6392
2017-12-04 00:00:00.000;217,0;8080;1;0,0;6393
2017-12-04 00:00:00.000;255,0;8080;4;0,0;6394
2017-12-04 00:00:00.000;168,0;8080;4;0,0;6395
2017-12-04 00:00:00.000;308,0;8080;4;0,0;6396
2017-12-04 00:00:00.000;223,0;8080;1;0,0;6397
2017-01-05 00:00:00.000;229,0;UGB ;1;0,0;6398
2017-01-05 00:00:00.000;133,0;UGB ;;0,0;6399
2017-01-05 00:00:00.000;289,0;UGB ;4;0,0;6400
2017-01-05 00:00:00.000;247,0;UGB ;1;0,0;6401
2017-01-05 00:00:00.000;256,0;UGB ;4;0,0;6402
2017-01-05 00:00:00.000;163,0;UGB ;;0,0;6403
2017-01-05 00:00:00.000;229,0;UGB ;;0,0;6404
2017-01-05 00:00:00.000;182,0;UGB ;1;0,0;6405
2017-01-05 00:00:00.000;279,0;UGB ;1;0,0;6406
2017-01-05 00:00:00.000;213,0;UGB ;;0,0;6407
2017-01-05 00:00:00.000;194,0;UGB ;;0,0;6408
2017-01-05 00:00:00.000;266,0;UGB ;;0,0;6409
2017-01-05 00:00:00.000;207,0;UGB ;;0,0;6410
2017-01-05 00:00:00.000;246,0;UGB ;;0,0;6411
2017-01-05 00:00:00.000;294,0;UGB ;4;0,0;6412
2017-02-05 00:00:00.000;139,0;UGB ;;0,0;6413
2017-02-05 00:00:00.000;167,0;UGB ;4;0,0;6414
2017-02-05 00:00:00.000;302,0;UGB ;1;0,0;6415
2017-02-05 00:00:00.000;232,0;UGB ;4;0,0;6416
2017-02-05 00:00:00.000;171,0;UGB ;4;0,0;6417
2017-02-05 00:00:00.000;303,0;UGB ;;0,0;6418
2017-02-05 00:00:00.000;182,0;UGB ;1;0,0;6419
2017-02-05 00:00:00.000;276,0;UGB ;4;0,0;6420
2017-02-05 00:00:00.000;254,0;UGB ;;0,0;6421
2017-02-05 00:00:00.000;213,0;UGB ;;0,0;6422
2017-02-05 00:00:00.000;147,0;UGB ;;0,0;6423
2017-02-05 00:00:00.000;220,0;UGB ;;0,0;6424
2017-02-05 00:00:00.000;202,0;UGB ;1;0,0;6425
2017-03-05 00:00:00.000;150,0;UGB ;4;0,0;6426
2017-03-05 00:00:00.000;224,0;UGB ;4;0,0;6427
2017-03-05 00:00:00.000;234,0;UGB ;;0,0;6428
2017-03-05 00:00:00.000;219,0;UGB ;;0,0;6429
2017-03-05 00:00:00.000;163,0;UGB ;4;0,0;6430
2017-03-05 00:00:00.000;118,0;UGB ;1;0,0;6431
2017-03-05 00:00:00.000;244,0;UGB ;4;0,0;6432
2017-03-05 00:00:00.000;205,0;UGB ;1;0,0;6433
2017-03-05 00:00:00.000;228,0;UGB ;3;0,0;6434
2017-03-05 00:00:00.000;190,0;UGB ;1;0,0;6435
2017-04-05 00:00:00.000;221,0;UGB ;1;0,0;6436
2017-04-05 00:00:00.000;269,0;UGB ;1;0,0;6437
2017-04-05 00:00:00.000;260,0;UGB ;1;0,0;6438
2017-04-05 00:00:00.000;273,0;UGB ;4;0,0;6439
2017-04-05 00:00:00.000;153,0;UGB ;4;0,0;6440
2017-04-05 00:00:00.000;149,0;UGB ;1;0,0;6441
2017-04-05 00:00:00.000;220,0;UGB ;3;71,8;6442
2017-04-05 00:00:00.000;161,0;UGB ;;0,0;6443
2017-04-05 00:00:00.000;216,0;UGB ;3;0,0;6444
2017-04-05 00:00:00.000;185,0;UGB ;1;0,0;6445
2017-04-05 00:00:00.000;312,0;UGB ;1;0,0;6446
2017-04-05 00:00:00.000;184,0;UGB ;4;0,0;6447
2017-05-05 00:00:00.000;157,0;WAO ;4;0,0;6448
2017-05-05 00:00:00.000;141,0;WAO ;4;0,0;6449
2017-05-05 00:00:00.000;297,0;WAO ;4;0,0;6450
2017-05-05 00:00:00.000;139,0;WAO ;4;0,0;6451
2017-05-05 00:00:00.000;260,0;WAO ;;0,0;6452
2017-05-05 00:00:00.000;113,0;WAO ;4;0,0;6453
2017-05-05 00:00:00.000;304,0;WAO ;1;0,0;6454
2017-05-05 00:00:00.000;120,0;WAO ;1;0,0;6455
2017-05-05 00:00:00.000;293,0;WAO ;;0,0;6456
2017-05-05 00:00:00.000;116,0;WAO ;1;0,0;6457
2017-05-05 00:00:00.000;236,0;WAO ;4;0,0;6458
2017-05-05 00:00:00.000;291,0;WAO ;3;0,0;6459
2017-05-05 00:00:00.000;215,0;WAO ;4;0,0;6460
2017-05-05 00:00:00.000;129,0;WAO ;4;0,0;6461
2017-05-05 00:00:00.000;151,0;WAO ;1;0,0;6462
2017-05-05 00:00:00.000;212,0;WAO ;;0,0;6463
2017-05-05 00:00:00.000;296,0;WAO ;;0,0;6464
2017-05-05 00:00:00.000;120,0;WAO ;;0,0;6465
2017-11-05 00:00:00.000;281,0;8080;4;0,0;6466
2017-11-05 00:00:00.000;220,0;8080;1;0,0;6467
2017-11-05 00:00:00.000;307,0;8080;4;0,0;6468
2017-11-05 00:00:00.000;296,0;8080;;0,0;6469
2017-11-05 00:00:00.000;166,0;8080;1;0,0;6470
2017-11-05 00:00:00.000;208,0;8080;4;0,0;6471
2017-11-05 00:00:00.000;125,0;8080;4;0,0;6472
2017-11-05 00:00:00.000;260,0;8080;4;0,0;6473
2017-11-05 00:00:00.000;218,0;8080;1;0,0;6474
2017-11-05 00:00:00.000;111,0;8080;4;0,0;6475
2017-11-05 00:00:00.000;186,0;8080;4;0,0;6476
2017-11-05 00:00:00.000;285,0;8080;;0,0;6477
2017-11-05 00:00:00.000;312,0;8080;4;0,0;6478
2017-11-05 00:00:00.000;118,0;8080;4;0,0;6479
2017-11-05 00:00:00.000;239,0;8080;1;0,0;6480
2017-11-05 00:00:00.000;293,0;8080;1;0,0;6481
2017-11-05 00:00:00.000;136,0;8080;1;0,0;6482
2017-11-05 00:00:00.000;118,0;8080;4;0,0;6483
2017-11-05 00:00:00.000;281,0;8080;4;0,0;6484
2017-11-05 00:00:00.000;219,0;8080;4;0,0;6485
2017-11-05 00:00:00.000;156,0;8080;1;0,0;6486
2017-11-05 00:00:00.000;132,0;8080;4;0,0;6487
2017-11-05 00:00:00.000;211,0;8080;4;0,0;6488
2017-11-05 00:00:00.000;227,0;8080;4;0,0;6489
2017-11-05 00:00:00.000;181,0;8080;1;0,0;6490
2017-11-05 00:00:00.000;193,0;8080;;0,0;6491
2017-11-05 00:00:00.000;204,0;8080;4;0,0;6492
2017-11-05 00:00:00.000;218,0;8080;4;0,0;6493
2017-11-05 00:00:00.000;203,0;8080;1;0,0;6494
2017-11-05 00:00:00.000;280,0;8080;4;0,0;6495
2017-11-05 00:00:00.000;297,0;8080;4;0,0;6496
2017-11-05 00:00:00.000;208,0;8080;4;0,0;6497
2017-11-05 00:00:00.000;301,0;8080;4;0,0;6498
2017-11-05 00:00:00.000;220,0;8080;4;0,0;6499
2017-11-05 00:00:00.000;199,0;8080;1;0,0;6500
2017-11-05 00:00:00.000;211,0;8080;1;0,0;6501
2017-11-05 00:00:00.000;257,0;8080;1;0,0;6502
2017-11-05 00:00:00.000;284,0;8080;1;0,0;6503
2017-11-05 00:00:00.000;163,0;8080;4;0,0;6504
2017-11-05 00:00:00.000;248,0;8080;4;0,0;6505
2017-11-05 00:00:00.000;134,0;8080;;0,0;6506
2017-11-05 00:00:00.000;191,0;8080;4;0,0;6507
2017-11-05 00:00:00.000;232,0;8080;;0,0;6508
2017-11-05 00:00:00.000;111,0;8080;1;0,0;6509
2017-11-05 00:00:00.000;303,0;8080;1;0,0;6510
2017-12-05 00:00:00.000;186,0;8080;1;0,0;6511
2017-12-05 00:00:00.000;195,0;8080;4;0,0;6512
2017-12-05 00:00:00.000;283,0;8080;1;0,0;6513
2017-12-05 00:00:00.000;187,0;8080;4;0,0;6514
2017-12-05 00:00:00.000;222,0;8080;4;0,0;6515
2017-12-05 00:00:00.000;124,0;8080;3;0,0;6516
2017-12-05 00:00:00.000;207,0;8080;1;0,0;6517
2017-12-05 00:00:00.000;127,0;8080;1;0,0;6518
2017-12-05 00:00:00.000;227,0;8080;;0,0;6519
2017-12-05 00:00:00.000;170,0;8080;4;0,0;6520
2017-12-05 00:00:00.000;277,0;8080;4;0,0;6521
2017-12-05 00:00:00.000;243,0;8080;1;0,0;6522
2017-12-05 00:00:00.000;122,0;8080;4;0,0;6523
2017-12-05 00:00:00.000;173,0;8080;1;0,0;6524
2017-12-05 00:00:00.000;261,0;8080;4;0,0;6525
2017-12-05 00:00:00.000;118,0;8080;1;0,0;6526
2017-12-05 00:00:00.000;188,0;8080;1;0,0;6527
2017-12-05 00:00:00.000;142,0;8080;3;0,0;6528
2017-12-05 00:00:00.000;217,0;8080;4;0,0;6529
2017-12-05 00:00:00.000;135,0;8080;1;0,0;6530
2017-12-05 00:00:00.000;260,0;8080;1;0,0;6531
2017-12-05 00:00:00.000;177,0;8080;1;0,0;6532
2017-12-05 00:00:00.000;214,0;8080;1;0,0;6533
2017-12-05 00:00:00.000;283,0;8080;4;0,0;6534
2017-12-05 00:00:00.000;303,0;8080;4;0,0;6535
2017-12-05 00:00:00.000;294,0;8080;1;0,0;6536
2017-12-05 00:00:00.000;164,0;8080;3;0,0;6537
2017-12-05 00:00:00.000;277,0;8080;1;0,0;6538
2017-12-05 00:00:00.000;126,0;8080;4;0,0;6539
2017-12-05 00:00:00.000;305,0;8080;4;0,0;6540
2017-12-05 00:00:00.000;129,0;8080;4;0,0;6541
2017-12-05 00:00:00.000;195,0;8080;4;0,0;6542
2017-12-05 00:00:00.000;186,0;8080;3;0,0;6543
2017-12-05 00:00:00.000;261,0;8080;4;0,0;6544
2017-12-05 00:00:00.000;271,0;8080;3;0,0;6545
2017-12-05 00:00:00.000;267,0;8080;1;0,0;6546
2017-12-05 00:00:00.000;244,0;8080;1;0,0;6547
2017-12-05 00:00:00.000;258,0;8080;3;0,0;6548
2017-12-05 00:00:00.000;239,0;8080;4;0,0;6549
2017-12-05 00:00:00.000;211,0;8080;3;0,0;6550
2017-12-05 00:00:00.000;283,0;8080;3;0,0;6551
2017-12-05 00:00:00.000;145,0;8080;3;0,0;6552
2017-12-05 00:00:00.000;221,0;8080;3;0,0;6553
2017-12-05 00:00:00.000;211,0;8080;1;0,0;6554
2017-12-05 00:00:00.000;248,0;8080;1;0,0;6555
2017-12-05 00:00:00.000;308,0;8080;4;0,0;6556
2017-12-05 00:00:00.000;209,0;8080;1;0,0;6557
2017-12-05 00:00:00.000;269,0;8080;1;0,0;6558
2017-12-05 00:00:00.000;226,0;8080;1;0,0;6559
2017-12-05 00:00:00.000;289,0;8080;;0,0;6560
2017-12-05 00:00:00.000;196,0;8080;3;0,0;6561
2017-12-05 00:00:00.000;298,0;8080;4;0,0;6562
2017-12-05 00:00:00.000;235,0;8080;3;0,0;6563
2017-12-05 00:00:00.000;308,0;8080;1;0,0;6564
2017-12-05 00:00:00.000;295,0;8080;3;0,0;6565
2017-12-05 00:00:00.000;149,0;8080;1;0,0;6566
2017-01-06 00:00:00.000;243,0;UGB ;1;0,0;6567
2017-01-06 00:00:00.000;159,0;UGB ;;0,0;6568
2017-01-06 00:00:00.000;215,0;UGB ;;0,0;6569
2017-01-06 00:00:00.000;277,0;UGB ;;0,0;6570
2017-01-06 00:00:00.000;114,0;UGB ;4;0,0;6571
2017-01-06 00:00:00.000;234,0;UGB ;;0,0;6572
2017-01-06 00:00:00.000;253,0;UGB ;;0,0;6573
2017-01-06 00:00:00.000;249,0;UGB ;;0,0;6574
2017-01-06 00:00:00.000;296,0;UGB ;1;0,0;6575
2017-01-06 00:00:00.000;307,0;UGB ;;0,0;6576
2017-01-06 00:00:00.000;256,0;UGB ;;0,0;6577
2017-01-06 00:00:00.000;311,0;UGB ;1;0,0;6578
2017-01-06 00:00:00.000;152,0;UGB ;;0,0;6579
2017-01-06 00:00:00.000;146,0;UGB ;1;0,0;6580
2017-01-06 00:00:00.000;270,0;UGB ;;0,0;6581
2017-01-06 00:00:00.000;171,0;UGB ;1;0,0;6582
2017-01-06 00:00:00.000;191,0;UGB ;4;0,0;6583
2017-01-06 00:00:00.000;177,0;UGB ;;0,0;6584
2017-01-06 00:00:00.000;275,0;UGB ;3;0,0;6585
2017-02-06 00:00:00.000;247,0;UGB ;1;0,0;6586
2017-02-06 00:00:00.000;263,0;UGB ;1;0,0;6587
2017-02-06 00:00:00.000;246,0;UGB ;3;0,0;6588
2017-02-06 00:00:00.000;190,0;UGB ;1;0,0;6589
2017-02-06 00:00:00.000;141,0;UGB ;1;0,0;6590
2017-02-06 00:00:00.000;232,0;UGB ;1;0,0;6591
2017-02-06 00:00:00.000;166,0;UGB ;4;0,0;6592
2017-02-06 00:00:00.000;124,0;UGB ;4;0,0;6593
2017-02-06 00:00:00.000;170,0;UGB ;1;0,0;6594
2017-02-06 00:00:00.000;160,0;UGB ;3;0,0;6595
2017-02-06 00:00:00.000;250,0;UGB ;4;0,0;6596
2017-02-06 00:00:00.000;232,0;UGB ;;0,0;6597
2017-02-06 00:00:00.000;158,0;UGB ;;0,0;6598
2017-02-06 00:00:00.000;233,0;UGB ;;0,0;6599
2017-02-06 00:00:00.000;155,0;UGB ;4;0,0;6600
2017-02-06 00:00:00.000;238,0;UGB ;4;0,0;6601
2017-02-06 00:00:00.000;276,0;UGB ;;0,0;6602
2017-02-06 00:00:00.000;172,0;UGB ;;0,0;6603
2017-02-06 00:00:00.000;278,0;UGB ;4;0,0;6604
2017-02-06 00:00:00.000;289,0;UGB ;;0,0;6605
2017-02-06 00:00:00.000;281,0;UGB ;3;0,0;6606
2017-02-06 00:00:00.000;160,0;UGB ;4;0,0;6607
2017-02-06 00:00:00.000;171,0;UGB ;4;0,0;6608
2017-03-06 00:00:00.000;209,0;UGB ;3;0,0;6609
2017-03-06 00:00:00.000;292,0;UGB ;3;0,0;6610
2017-03-06 00:00:00.000;284,0;UGB ;1;0,0;6611
2017-03-06 00:00:00.000;149,0;UGB ;3;0,0;6612
2017-03-06 00:00:00.000;130,0;UGB ;1;0,0;6613
2017-03-06 00:00:00.000;268,0;UGB ;4;37,9;6614
2017-03-06 00:00:00.000;119,0;UGB ;4;37,9;6615
2017-03-06 00:00:00.000;299,0;UGB ;4;37,9;6616
2017-03-06 00:00:00.000;216,0;UGB ;4;0,0;6617
2017-03-06 00:00:00.000;167,0;UGB ;4;0,0;6618
2017-03-06 00:00:00.000;173,0;UGB ;;0,0;6619
2017-03-06 00:00:00.000;147,0;UGB ;;0,0;6620
2017-03-06 00:00:00.000;236,0;UGB ;;0,0;6621
2017-03-06 00:00:00.000;177,0;UGB ;1;0,0;6622
2017-03-06 00:00:00.000;296,0;UGB ;4;0,0;6623
2017-03-06 00:00:00.000;274,0;UGB ;;0,0;6624
2017-03-06 00:00:00.000;164,0;UGB ;3;0,0;6625
2017-04-06 00:00:00.000;217,0;UGB ;3;0,0;6626
2017-04-06 00:00:00.000;214,0;UGB ;1;0,0;6627
2017-04-06 00:00:00.000;194,0;UGB ;1;0,0;6628
2017-04-06 00:00:00.000;229,0;UGB ;3;0,0;6629
2017-04-06 00:00:00.000;301,0;UGB ;1;0,0;6630
2017-04-06 00:00:00.000;265,0;UGB ;4;0,0;6631
2017-04-06 00:00:00.000;122,0;UGB ;1;0,0;6632
2017-04-06 00:00:00.000;249,0;UGB ;1;0,0;6633
2017-04-06 00:00:00.000;145,0;UGB ;3;0,0;6634
2017-04-06 00:00:00.000;255,0;UGB ;3;0,0;6635
2017-04-06 00:00:00.000;177,0;UGB ;3;0,0;6636
2017-04-06 00:00:00.000;148,0;UGB ;4;0,0;6637
2017-04-06 00:00:00.000;301,0;UGB ;1;0,0;6638
2017-04-06 00:00:00.000;181,0;UGB ;3;0,0;6639
2017-04-06 00:00:00.000;155,0;UGB ;3;0,0;6640
2017-04-06 00:00:00.000;280,0;UGB ;4;0,0;6641
2017-04-06 00:00:00.000;269,0;UGB ;4;0,0;6642
2017-04-06 00:00:00.000;235,0;UGB ;1;0,0;6643
2017-04-06 00:00:00.000;244,0;UGB ;;0,0;6644
2017-04-06 00:00:00.000;188,0;UGB ;1;0,0;6645
2017-04-06 00:00:00.000;171,0;UGB ;1;0,0;6646
2017-04-06 00:00:00.000;282,0;UGB ;1;0,0;6647
2017-04-06 00:00:00.000;297,0;UGB ;1;0,0;6648
2017-04-06 00:00:00.000;257,0;UGB ;;0,0;6649
2017-04-06 00:00:00.000;247,0;UGB ;;0,0;6650
2017-05-06 00:00:00.000;262,0;WAO ;1;0,0;6651
2017-05-06 00:00:00.000;248,0;WAO ;1;0,0;6652
2017-05-06 00:00:00.000;213,0;WAO ;1;0,0;6653
2017-05-06 00:00:00.000;310,0;WAO ;3;0,0;6654
2017-05-06 00:00:00.000;277,0;WAO ;4;0,0;6655
2017-11-06 00:00:00.000;164,0;8080;3;0,0;6656
2017-11-06 00:00:00.000;217,0;8080;1;0,0;6657
2017-11-06 00:00:00.000;190,0;8080;1;0,0;6658
2017-11-06 00:00:00.000;179,0;8080;1;0,0;6659
2017-11-06 00:00:00.000;135,0;8080;;0,0;6660
2017-11-06 00:00:00.000;219,0;8080;;0,0;6661
2017-11-06 00:00:00.000;253,0;8080;3;0,0;6662
2017-11-06 00:00:00.000;312,0;8080;4;0,0;6663
2017-11-06 00:00:00.000;198,0;8080;1;0,0;6664
2017-11-06 00:00:00.000;220,0;8080;3;0,0;6665
2017-11-06 00:00:00.000;237,0;8080;;0,0;6666
2017-11-06 00:00:00.000;167,0;8080;;0,0;6667
2017-11-06 00:00:00.000;192,0;8080;1;0,0;6668
2017-11-06 00:00:00.000;137,0;8080;4;0,0;6669
2017-11-06 00:00:00.000;235,0;8080;;0,0;6670
2017-11-06 00:00:00.000;243,0;8080;;0,0;6671
2017-11-06 00:00:00.000;147,0;8080;3;0,0;6672
2017-11-06 00:00:00.000;190,0;8080;3;0,0;6673
2017-11-06 00:00:00.000;151,0;8080;;0,0;6674
2017-11-06 00:00:00.000;141,0;8080;;0,0;6675
2017-12-06 00:00:00.000;181,0;8080;4;0,0;6676
2017-12-06 00:00:00.000;158,0;8080;1;0,0;6677
2017-12-06 00:00:00.000;115,0;8080;3;0,0;6678
2017-12-06 00:00:00.000;305,0;8080;1;0,0;6679
2017-12-06 00:00:00.000;223,0;8080;;112,7;6680
2017-12-06 00:00:00.000;174,0;8080;;0,0;6681
2017-12-06 00:00:00.000;250,0;8080;4;0,0;6682
2017-12-06 00:00:00.000;160,0;8080;1;0,0;6683
2017-12-06 00:00:00.000;229,0;8080;1;0,0;6684
2017-12-06 00:00:00.000;218,0;8080;4;0,0;6685
2017-12-06 00:00:00.000;117,0;8080;4;0,0;6686
2017-12-06 00:00:00.000;162,0;8080;4;0,0;6687
2017-12-06 00:00:00.000;208,0;8080;4;0,0;6688
2017-12-06 00:00:00.000;155,0;8080;1;0,0;6689
2017-12-06 00:00:00.000;287,0;8080;1;0,0;6690
2017-12-06 00:00:00.000;158,0;8080;4;0,0;6691
2017-12-06 00:00:00.000;251,0;8080;3;0,0;6692
2017-12-06 00:00:00.000;188,0;8080;;0,0;6693
2017-12-06 00:00:00.000;153,0;8080;4;0,0;6694
2017-12-06 00:00:00.000;207,0;8080;3;0,0;6695
2017-12-06 00:00:00.000;126,0;8080;3;0,0;6696
2017-12-06 00:00:00.000;126,0;8080;3;0,0;6697
2017-12-06 00:00:00.000;131,0;8080;4;33,9;6698
2017-12-06 00:00:00.000;190,0;8080;1;0,0;6699
2017-12-06 00:00:00.000;163,0;8080;4;0,0;6700
2017-12-06 00:00:00.000;138,0;UGB ;1;31,9;6701
2017-12-06 00:00:00.000;208,0;UGB ;4;0,0;6702
2017-12-06 00:00:00.000;295,0;UGB ;1;0,0;6703
2017-12-06 00:00:00.000;172,0;UGB ;4;0,0;6704
2017-12-06 00:00:00.000;256,0;8080;4;0,0;6705
2017-12-06 00:00:00.000;292,0;8080;4;0,0;6706
2017-12-06 00:00:00.000;282,0;8080;4;0,0;6707
2017-12-06 00:00:00.000;218,0;8080;1;0,0;6708
2017-12-06 00:00:00.000;209,0;8080;4;0,0;6709
2017-12-06 00:00:00.000;264,0;8080;1;0,0;6710
2017-12-06 00:00:00.000;266,0;8080;1;0,0;6711
2017-12-06 00:00:00.000;135,0;8080;4;0,0;6712
2017-12-06 00:00:00.000;206,0;8080;4;0,0;6713
2017-12-06 00:00:00.000;304,0;8080;1;0,0;6714
2017-12-06 00:00:00.000;212,0;8080;1;0,0;6715
2017-12-06 00:00:00.000;220,0;8080;1;0,0;6716
2017-12-06 00:00:00.000;229,0;8080;1;0,0;6717
2017-12-06 00:00:00.000;255,0;8080;1;0,0;6718
2017-12-06 00:00:00.000;256,0;8080;4;0,0;6719
2017-12-06 00:00:00.000;122,0;8080;1;0,0;6720
2017-12-06 00:00:00.000;177,0;8080;4;0,0;6721
2017-12-06 00:00:00.000;236,0;8080;1;0,0;6722
2017-12-06 00:00:00.000;115,0;8080;1;0,0;6723
2017-12-06 00:00:00.000;281,0;8080;4;0,0;6724
2017-12-06 00:00:00.000;132,0;8080;1;0,0;6725
2017-12-06 00:00:00.000;242,0;8080;4;0,0;6726
2017-12-06 00:00:00.000;288,0;8080;4;0,0;6727
2017-12-06 00:00:00.000;286,0;8080;4;0,0;6728
2017-12-06 00:00:00.000;157,0;8080;3;0,0;6729
2017-12-06 00:00:00.000;112,0;8080;4;0,0;6730
2017-12-06 00:00:00.000;157,0;8080;4;0,0;6731
2017-12-06 00:00:00.000;259,0;8080;;0,0;6732
2017-12-06 00:00:00.000;127,0;8080;1;0,0;6733
2017-12-06 00:00:00.000;219,0;8080;1;0,0;6734
2017-12-06 00:00:00.000;196,0;8080;3;0,0;6735
2017-12-06 00:00:00.000;235,0;8080;4;0,0;6736
2017-12-06 00:00:00.000;251,0;8080;3;0,0;6737
2017-12-06 00:00:00.000;295,0;8080;3;0,0;6738
2017-12-06 00:00:00.000;303,0;8080;1;0,0;6739
2017-12-06 00:00:00.000;292,0;8080;1;0,0;6740
2017-12-06 00:00:00.000;312,0;8080;;0,0;6741
2017-12-06 00:00:00.000;116,0;8080;;0,0;6742
2017-12-06 00:00:00.000;274,0;8080;4;0,0;6743
2017-01-07 00:00:00.000;125,0;UGB ;1;0,0;6744
2017-01-07 00:00:00.000;218,0;UGB ;4;0,0;6745
2017-01-07 00:00:00.000;216,0;UGB ;1;0,0;6746
2017-01-07 00:00:00.000;159,0;UGB ;4;0,0;6747
2017-01-07 00:00:00.000;263,0;UGB ;3;0,0;6748
2017-01-07 00:00:00.000;136,0;UGB ;1;0,0;6749
2017-01-07 00:00:00.000;172,0;UGB ;1;0,0;6750
2017-01-07 00:00:00.000;248,0;UGB ;1;0,0;6751
2017-01-07 00:00:00.000;142,0;UGB ;3;0,0;6752
2017-01-07 00:00:00.000;143,0;UGB ;4;0,0;6753
2017-01-07 00:00:00.000;265,0;UGB ;3;0,0;6754
2017-01-07 00:00:00.000;195,0;UGB ;4;0,0;6755
2017-01-07 00:00:00.000;263,0;UGB ;4;0,0;6756
2017-01-07 00:00:00.000;157,0;UGB ;;0,0;6757
2017-01-07 00:00:00.000;283,0;UGB ;4;0,0;6758
2017-01-07 00:00:00.000;296,0;UGB ;1;0,0;6759
2017-01-07 00:00:00.000;279,0;UGB ;4;0,0;6760
2017-01-07 00:00:00.000;215,0;UGB ;4;0,0;6761
2017-01-07 00:00:00.000;232,0;UGB ;1;0,0;6762
2017-01-07 00:00:00.000;249,0;UGB ;4;0,0;6763
2017-01-07 00:00:00.000;152,0;UGB ;4;0,0;6764
2017-01-07 00:00:00.000;134,0;UGB ;;0,0;6765
2017-01-07 00:00:00.000;253,0;UGB ;4;0,0;6766
2017-01-07 00:00:00.000;260,0;UGB ;;0,0;6767
2017-01-07 00:00:00.000;274,0;UGB ;1;0,0;6768
2017-01-07 00:00:00.000;246,0;UGB ;4;0,0;6769
2017-01-07 00:00:00.000;311,0;UGB ;;0,0;6770
2017-01-07 00:00:00.000;300,0;UGB ;4;0,0;6771
2017-01-07 00:00:00.000;221,0;UGB ;;0,0;6772
2017-01-07 00:00:00.000;204,0;UGB ;;0,0;6773
2017-01-07 00:00:00.000;226,0;UGB ;4;0,0;6774
2017-01-07 00:00:00.000;181,0;UGB ;1;0,0;6775
2017-01-07 00:00:00.000;155,0;UGB ;;0,0;6776
2017-01-07 00:00:00.000;128,0;UGB ;;0,0;6777
2017-01-07 00:00:00.000;136,0;UGB ;1;0,0;6778
2017-02-07 00:00:00.000;278,0;UGB ;1;0,0;6779
2017-02-07 00:00:00.000;131,0;UGB ;;0,0;6780
2017-02-07 00:00:00.000;163,0;UGB ;4;0,0;6781
2017-02-07 00:00:00.000;201,0;UGB ;;0,0;6782
2017-02-07 00:00:00.000;184,0;UGB ;1;0,0;6783
2017-02-07 00:00:00.000;283,0;UGB ;;0,0;6784
2017-02-07 00:00:00.000;215,0;UGB ;3;0,0;6785
2017-03-07 00:00:00.000;275,0;UGB ;;0,0;6786
2017-03-07 00:00:00.000;234,0;UGB ;4;0,0;6787
2017-03-07 00:00:00.000;301,0;UGB ;3;0,0;6788
2017-03-07 00:00:00.000;247,0;UGB ;4;0,0;6789
2017-03-07 00:00:00.000;286,0;UGB ;4;0,0;6790
2017-03-07 00:00:00.000;169,0;UGB ;4;0,0;6791
2017-03-07 00:00:00.000;303,0;UGB ;1;0,0;6792
2017-03-07 00:00:00.000;217,0;UGB ;4;0,0;6793
2017-03-07 00:00:00.000;129,0;UGB ;;0,0;6794
2017-03-07 00:00:00.000;242,0;UGB ;4;0,0;6795
2017-03-07 00:00:00.000;291,0;UGB ;1;0,0;6796
2017-03-07 00:00:00.000;194,0;UGB ;4;0,0;6797
2017-03-07 00:00:00.000;129,0;UGB ;4;0,0;6798
2017-03-07 00:00:00.000;306,0;UGB ;;0,0;6799
2017-03-07 00:00:00.000;217,0;UGB ;4;0,0;6800
2017-03-07 00:00:00.000;184,0;UGB ;1;0,0;6801
2017-03-07 00:00:00.000;168,0;UGB ;4;0,0;6802
2017-03-07 00:00:00.000;114,0;UGB ;;0,0;6803
2017-03-07 00:00:00.000;207,0;UGB ;;0,0;6804
2017-03-07 00:00:00.000;199,0;UGB ;1;0,0;6805
2017-03-07 00:00:00.000;241,0;UGB ;;0,0;6806
2017-04-07 00:00:00.000;184,0;UGB ;1;0,0;6807
2017-04-07 00:00:00.000;184,0;UGB ;3;0,0;6808
2017-04-07 00:00:00.000;134,0;UGB ;1;0,0;6809
2017-04-07 00:00:00.000;283,0;UGB ;1;0,0;6810
2017-04-07 00:00:00.000;223,0;UGB ;4;0,0;6811
2017-04-07 00:00:00.000;249,0;UGB ;1;0,0;6812
2017-04-07 00:00:00.000;163,0;UGB ;4;0,0;6813
2017-04-07 00:00:00.000;115,0;UGB ;3;0,0;6814
2017-04-07 00:00:00.000;244,0;UGB ;4;0,0;6815
2017-04-07 00:00:00.000;135,0;UGB ;1;0,0;6816
2017-04-07 00:00:00.000;233,0;UGB ;4;0,0;6817
2017-04-07 00:00:00.000;194,0;UGB ;1;0,0;6818
2017-04-07 00:00:00.000;257,0;UGB ;4;0,0;6819
2017-04-07 00:00:00.000;194,0;UGB ;;0,0;6820
2017-04-07 00:00:00.000;181,0;UGB ;;0,0;6821
2017-04-07 00:00:00.000;306,0;UGB ;;0,0;6822
2017-05-07 00:00:00.000;112,0;WAO ;1;0,0;6823
2017-05-07 00:00:00.000;231,0;WAO ;4;0,0;6824
2017-05-07 00:00:00.000;238,0;WAO ;4;0,0;6825
2017-05-07 00:00:00.000;240,0;WAO ;1;0,0;6826
2017-05-07 00:00:00.000;198,0;WAO ;1;0,0;6827
2017-11-07 00:00:00.000;253,0;8080;4;0,0;6828
2017-11-07 00:00:00.000;298,0;8080;4;0,0;6829
2017-11-07 00:00:00.000;274,0;8080;;0,0;6830
2017-11-07 00:00:00.000;220,0;8080;1;0,0;6831
2017-11-07 00:00:00.000;302,0;8080;3;0,0;6832
2017-11-07 00:00:00.000;122,0;8080;4;0,0;6833
2017-11-07 00:00:00.000;255,0;8080;1;0,0;6834
2017-11-07 00:00:00.000;174,0;8080;;0,0;6835
2017-11-07 00:00:00.000;115,0;8080;4;0,0;6836
2017-11-07 00:00:00.000;131,0;8080;1;0,0;6837
2017-11-07 00:00:00.000;301,0;8080;;0,0;6838
2017-11-07 00:00:00.000;247,0;8080;4;0,0;6839
2017-11-07 00:00:00.000;137,0;8080;1;0,0;6840
2017-11-07 00:00:00.000;309,0;8080;1;0,0;6841
2017-11-07 00:00:00.000;251,0;8080;;0,0;6842
2017-11-07 00:00:00.000;151,0;8080;;0,0;6843
2017-11-07 00:00:00.000;246,0;8080;1;0,0;6844
2017-11-07 00:00:00.000;118,0;8080;4;0,0;6845
2017-11-07 00:00:00.000;244,0;8080;;0,0;6846
2017-12-07 00:00:00.000;153,0;8080;1;0,0;6847
2017-12-07 00:00:00.000;202,0;8080;1;0,0;6848
2017-12-07 00:00:00.000;136,0;8080;1;0,0;6849
2017-12-07 00:00:00.000;282,0;8080;1;0,0;6850
2017-12-07 00:00:00.000;257,0;8080;;0,0;6851
2017-12-07 00:00:00.000;293,0;8080;3;0,0;6852
2017-12-07 00:00:00.000;155,0;8080;4;0,0;6853
2017-12-07 00:00:00.000;232,0;8080;1;0,0;6854
2017-12-07 00:00:00.000;147,0;8080;;0,0;6855
2017-12-07 00:00:00.000;191,0;8080;4;0,0;6856
2017-12-07 00:00:00.000;277,0;8080;;0,0;6857
2017-12-07 00:00:00.000;210,0;8080;3;0,0;6858
2017-12-07 00:00:00.000;236,0;8080;1;0,0;6859
2017-12-07 00:00:00.000;195,0;8080;4;0,0;6860
2017-12-07 00:00:00.000;230,0;8080;4;0,0;6861
2017-12-07 00:00:00.000;176,0;8080;4;0,0;6862
2017-12-07 00:00:00.000;205,0;8080;3;0,0;6863
2017-12-07 00:00:00.000;196,0;8080;1;0,0;6864
2017-12-07 00:00:00.000;231,0;8080;4;0,0;6865
2017-12-07 00:00:00.000;300,0;8080;4;0,0;6866
2017-12-07 00:00:00.000;142,0;8080;1;0,0;6867
2017-12-07 00:00:00.000;133,0;8080;;0,0;6868
2017-12-07 00:00:00.000;229,0;8080;4;0,0;6869
2017-12-07 00:00:00.000;138,0;8080;1;0,0;6870
2017-12-07 00:00:00.000;159,0;8080;1;0,0;6871
2017-12-07 00:00:00.000;182,0;8080;1;0,0;6872
2017-12-07 00:00:00.000;136,0;8080;4;0,0;6873
2017-12-07 00:00:00.000;221,0;8080;4;0,0;6874
2017-12-07 00:00:00.000;164,0;8080;1;0,0;6875
2017-12-07 00:00:00.000;214,0;8080;3;0,0;6876
2017-12-07 00:00:00.000;258,0;8080;4;0,0;6877
2017-12-07 00:00:00.000;207,0;8080;4;0,0;6878
2017-12-07 00:00:00.000;271,0;8080;4;0,0;6879
2017-12-07 00:00:00.000;214,0;8080;1;0,0;6880
2017-12-07 00:00:00.000;169,0;8080;4;0,0;6881
2017-12-07 00:00:00.000;278,0;8080;1;0,0;6882
2017-12-07 00:00:00.000;179,0;8080;4;0,0;6883
2017-12-07 00:00:00.000;166,0;8080;4;0,0;6884
2017-12-07 00:00:00.000;188,0;8080;4;0,0;6885
2017-12-07 00:00:00.000;136,0;8080;1;0,0;6886
2017-12-07 00:00:00.000;130,0;8080;4;0,0;6887
2017-12-07 00:00:00.000;115,0;8080;3;0,0;6888
2017-12-07 00:00:00.000;289,0;8080;1;0,0;6889
2017-12-07 00:00:00.000;250,0;8080;4;0,0;6890
2017-12-07 00:00:00.000;229,0;8080;1;0,0;6891
2017-12-07 00:00:00.000;155,0;8080;4;0,0;6892
2017-12-07 00:00:00.000;256,0;8080;1;0,0;6893
2017-12-07 00:00:00.000;281,0;8080;;0,0;6894
2017-12-07 00:00:00.000;227,0;8080;1;0,0;6895
2017-12-07 00:00:00.000;238,0;8080;1;0,0;6896
2017-12-07 00:00:00.000;137,0;8080;4;0,0;6897
2017-12-07 00:00:00.000;177,0;8080;1;0,0;6898
2017-12-07 00:00:00.000;171,0;8080;4;0,0;6899
2017-12-07 00:00:00.000;222,0;8080;1;0,0;6900
2017-12-07 00:00:00.000;136,0;8080;4;0,0;6901
2017-12-07 00:00:00.000;297,0;8080;4;0,0;6902
2017-12-07 00:00:00.000;187,0;8080;4;0,0;6903
2017-12-07 00:00:00.000;272,0;8080;1;0,0;6904
2017-12-07 00:00:00.000;161,0;8080;;0,0;6905
2017-12-07 00:00:00.000;155,0;8080;;0,0;6906
2017-12-07 00:00:00.000;194,0;8080;1;0,0;6907
2017-12-07 00:00:00.000;161,0;8080;4;0,0;6908
2017-12-07 00:00:00.000;209,0;8080;1;0,0;6909
2017-12-07 00:00:00.000;157,0;8080;4;0,0;6910
2017-12-07 00:00:00.000;158,0;8080;1;0,0;6911
2017-12-07 00:00:00.000;288,0;8080;1;0,0;6912
2017-12-07 00:00:00.000;199,0;8080;1;0,0;6913
2017-12-07 00:00:00.000;198,0;8080;4;0,0;6914
2017-12-07 00:00:00.000;118,0;8080;4;0,0;6915
2017-12-07 00:00:00.000;127,0;8080;4;0,0;6916
2017-12-07 00:00:00.000;214,0;8080;4;0,0;6917
2017-12-07 00:00:00.000;305,0;8080;4;0,0;6918
2017-12-07 00:00:00.000;265,0;8080;1;0,0;6919
2017-12-07 00:00:00.000;198,0;8080;1;0,0;6920
2017-12-07 00:00:00.000;162,0;8080;1;0,0;6921
2017-01-08 00:00:00.000;235,0;UGB ;4;0,0;6922
2017-01-08 00:00:00.000;176,0;UGB ;1;0,0;6923
2017-01-08 00:00:00.000;307,0;UGB ;4;0,0;6924
2017-01-08 00:00:00.000;111,0;UGB ;;0,0;6925
2017-01-08 00:00:00.000;282,0;UGB ;3;0,0;6926
2017-01-08 00:00:00.000;191,0;UGB ;1;0,0;6927
2017-01-08 00:00:00.000;152,0;UGB ;;0,0;6928
2017-01-08 00:00:00.000;285,0;UGB ;1;0,0;6929
2017-01-08 00:00:00.000;187,0;UGB ;4;0,0;6930
2017-01-08 00:00:00.000;171,0;UGB ;4;0,0;6931
2017-01-08 00:00:00.000;159,0;UGB ;1;0,0;6932
2017-01-08 00:00:00.000;154,0;UGB ;;0,0;6933
2017-01-08 00:00:00.000;239,0;UGB ;;0,0;6934
2017-01-08 00:00:00.000;159,0;UGB ;;0,0;6935
2017-01-08 00:00:00.000;183,0;UGB ;;0,0;6936
2017-01-08 00:00:00.000;149,0;UGB ;;0,0;6937
2017-01-08 00:00:00.000;237,0;UGB ;4;0,0;6938
2017-01-08 00:00:00.000;169,0;UGB ;4;0,0;6939
2017-02-08 00:00:00.000;180,0;UGB ;1;0,0;6940
2017-02-08 00:00:00.000;143,0;UGB ;1;0,0;6941
2017-02-08 00:00:00.000;306,0;UGB ;4;0,0;6942
2017-02-08 00:00:00.000;178,0;UGB ;1;0,0;6943
2017-02-08 00:00:00.000;238,0;UGB ;;0,0;6944
2017-02-08 00:00:00.000;168,0;UGB ;4;0,0;6945
2017-02-08 00:00:00.000;266,0;UGB ;1;0,0;6946
2017-02-08 00:00:00.000;286,0;UGB ;1;0,0;6947
2017-02-08 00:00:00.000;279,0;UGB ;;0,0;6948
2017-02-08 00:00:00.000;305,0;UGB ;;0,0;6949
2017-02-08 00:00:00.000;169,0;UGB ;;0,0;6950
2017-02-08 00:00:00.000;221,0;UGB ;;0,0;6951
2017-02-08 00:00:00.000;227,0;UGB ;4;0,0;6952
2017-02-08 00:00:00.000;118,0;UGB ;;0,0;6953
2017-03-08 00:00:00.000;139,0;UGB ;4;0,0;6954
2017-03-08 00:00:00.000;147,0;UGB ;1;0,0;6955
2017-03-08 00:00:00.000;294,0;UGB ;4;0,0;6956
2017-03-08 00:00:00.000;301,0;UGB ;4;0,0;6957
2017-03-08 00:00:00.000;210,0;UGB ;4;0,0;6958
2017-03-08 00:00:00.000;243,0;UGB ;4;0,0;6959
2017-03-08 00:00:00.000;142,0;UGB ;3;0,0;6960
2017-03-08 00:00:00.000;159,0;UGB ;4;0,0;6961
2017-03-08 00:00:00.000;277,0;UGB ;4;0,0;6962
2017-03-08 00:00:00.000;111,0;UGB ;3;0,0;6963
2017-03-08 00:00:00.000;300,0;UGB ;4;0,0;6964
2017-03-08 00:00:00.000;292,0;UGB ;4;0,0;6965
2017-03-08 00:00:00.000;220,0;UGB ;;0,0;6966
2017-03-08 00:00:00.000;139,0;UGB ;1;0,0;6967
2017-04-08 00:00:00.000;279,0;UGB ;1;0,0;6968
2017-04-08 00:00:00.000;241,0;UGB ;;0,0;6969
2017-04-08 00:00:00.000;308,0;UGB ;4;0,0;6970
2017-04-08 00:00:00.000;171,0;UGB ;4;0,0;6971
2017-04-08 00:00:00.000;232,0;UGB ;4;0,0;6972
2017-04-08 00:00:00.000;118,0;UGB ;3;0,0;6973
2017-04-08 00:00:00.000;287,0;UGB ;;0,0;6974
2017-04-08 00:00:00.000;193,0;UGB ;1;0,0;6975
2017-04-08 00:00:00.000;254,0;UGB ;4;0,0;6976
2017-04-08 00:00:00.000;251,0;UGB ;1;0,0;6977
2017-04-08 00:00:00.000;206,0;UGB ;4;0,0;6978
2017-04-08 00:00:00.000;292,0;UGB ;3;0,0;6979
2017-04-08 00:00:00.000;211,0;UGB ;1;0,0;6980
2017-04-08 00:00:00.000;145,0;UGB ;3;0,0;6981
2017-04-08 00:00:00.000;188,0;UGB ;1;0,0;6982
2017-04-08 00:00:00.000;261,0;UGB ;1;0,0;6983
2017-04-08 00:00:00.000;304,0;UGB ;1;0,0;6984
2017-04-08 00:00:00.000;117,0;UGB ;1;0,0;6985
2017-04-08 00:00:00.000;219,0;UGB ;1;0,0;6986
2017-04-08 00:00:00.000;242,0;UGB ;3;0,0;6987
2017-04-08 00:00:00.000;179,0;UGB ;1;0,0;6988
2017-04-08 00:00:00.000;273,0;UGB ;3;0,0;6989
2017-04-08 00:00:00.000;285,0;UGB ;1;0,0;6990
2017-04-08 00:00:00.000;113,0;UGB ;;0,0;6991
2017-04-08 00:00:00.000;273,0;UGB ;1;0,0;6992
2017-04-08 00:00:00.000;269,0;UGB ;1;0,0;6993
2017-04-08 00:00:00.000;194,0;UGB ;4;0,0;6994
2017-04-08 00:00:00.000;124,0;UGB ;1;0,0;6995
2017-04-08 00:00:00.000;121,0;UGB ;1;0,0;6996
2017-04-08 00:00:00.000;253,0;UGB ;3;0,0;6997
2017-04-08 00:00:00.000;209,0;UGB ;;0,0;6998
2017-04-08 00:00:00.000;157,0;UGB ;3;0,0;6999
2017-04-08 00:00:00.000;226,0;UGB ;;0,0;7000
2017-04-08 00:00:00.000;173,0;UGB ;4;0,0;7001
2017-04-08 00:00:00.000;111,0;UGB ;1;0,0;7002
2017-04-08 00:00:00.000;219,0;UGB ;1;0,0;7003
2017-04-08 00:00:00.000;312,0;UGB ;1;0,0;7004
2017-04-08 00:00:00.000;132,0;UGB ;4;0,0;7005
2017-04-08 00:00:00.000;217,0;UGB ;3;0,0;7006
2017-04-08 00:00:00.000;188,0;UGB ;4;0,0;7007
2017-05-08 00:00:00.000;136,0;WAO ;3;0,0;7008
2017-05-08 00:00:00.000;183,0;WAO ;3;0,0;7009
2017-05-08 00:00:00.000;138,0;WAO ;1;0,0;7010
2017-05-08 00:00:00.000;274,0;WAO ;1;0,0;7011
2017-05-08 00:00:00.000;172,0;WAO ;3;0,0;7012
2017-05-08 00:00:00.000;203,0;WAO ;1;0,0;7013
2017-05-08 00:00:00.000;232,0;WAO ;3;0,0;7014
2017-05-08 00:00:00.000;157,0;WAO ;1;0,0;7015
2017-05-08 00:00:00.000;235,0;WAO ;;0,0;7016
2017-05-08 00:00:00.000;268,0;WAO ;3;0,0;7017
2017-05-08 00:00:00.000;188,0;WAO ;1;0,0;7018
2017-05-08 00:00:00.000;209,0;WAO ;1;0,0;7019
2017-05-08 00:00:00.000;253,0;WAO ;1;0,0;7020
2017-05-08 00:00:00.000;172,0;WAO ;4;0,0;7021
2017-05-08 00:00:00.000;143,0;WAO ;4;0,0;7022
2017-05-08 00:00:00.000;303,0;WAO ;4;0,0;7023
2017-05-08 00:00:00.000;129,0;WAO ;;0,0;7024
2017-11-08 00:00:00.000;210,0;8080;4;0,0;7025
2017-11-08 00:00:00.000;211,0;8080;4;0,0;7026
2017-11-08 00:00:00.000;191,0;8080;4;0,0;7027
2017-11-08 00:00:00.000;271,0;8080;3;0,0;7028
2017-11-08 00:00:00.000;177,0;8080;3;0,0;7029
2017-11-08 00:00:00.000;216,0;8080;;0,0;7030
2017-11-08 00:00:00.000;114,0;8080;4;0,0;7031
2017-11-08 00:00:00.000;225,0;8080;1;0,0;7032
2017-11-08 00:00:00.000;192,0;8080;3;0,0;7033
2017-11-08 00:00:00.000;252,0;8080;4;0,0;7034
2017-11-08 00:00:00.000;277,0;8080;1;0,0;7035
2017-11-08 00:00:00.000;154,0;8080;4;0,0;7036
2017-11-08 00:00:00.000;187,0;8080;1;0,0;7037
2017-11-08 00:00:00.000;146,0;8080;1;0,0;7038
2017-11-08 00:00:00.000;298,0;8080;3;0,0;7039
2017-11-08 00:00:00.000;215,0;8080;1;0,0;7040
2017-11-08 00:00:00.000;309,0;8080;1;0,0;7041
2017-11-08 00:00:00.000;287,0;8080;;0,0;7042
2017-11-08 00:00:00.000;166,0;8080;1;0,0;7043
2017-11-08 00:00:00.000;205,0;8080;;0,0;7044
2017-11-08 00:00:00.000;266,0;8080;;0,0;7045
2017-11-08 00:00:00.000;167,0;8080;4;0,0;7046
2017-12-08 00:00:00.000;163,0;8080;4;0,0;7047
2017-12-08 00:00:00.000;135,0;8080;1;0,0;7048
2017-12-08 00:00:00.000;223,0;8080;1;0,0;7049
2017-12-08 00:00:00.000;164,0;8080;1;0,0;7050
2017-12-08 00:00:00.000;304,0;8080;3;0,0;7051
2017-12-08 00:00:00.000;125,0;8080;1;0,0;7052
2017-12-08 00:00:00.000;124,0;8080;4;0,0;7053
2017-12-08 00:00:00.000;140,0;8080;1;0,0;7054
2017-12-08 00:00:00.000;129,0;8080;1;0,0;7055
2017-12-08 00:00:00.000;147,0;8080;1;0,0;7056
2017-12-08 00:00:00.000;117,0;8080;1;0,0;7057
2017-12-08 00:00:00.000;293,0;8080;1;0,0;7058
2017-12-08 00:00:00.000;232,0;8080;1;0,0;7059
2017-12-08 00:00:00.000;215,0;8080;1;0,0;7060
2017-12-08 00:00:00.000;270,0;8080;4;0,0;7061
2017-12-08 00:00:00.000;288,0;8080;4;0,0;7062
2017-12-08 00:00:00.000;146,0;8080;4;0,0;7063
2017-12-08 00:00:00.000;127,0;8080;4;0,0;7064
2017-12-08 00:00:00.000;232,0;8080;1;0,0;7065
2017-12-08 00:00:00.000;254,0;8080;4;0,0;7066
2017-12-08 00:00:00.000;294,0;8080;4;0,0;7067
2017-12-08 00:00:00.000;308,0;8080;4;0,0;7068
2017-12-08 00:00:00.000;251,0;8080;4;0,0;7069
2017-12-08 00:00:00.000;231,0;8080;;0,0;7070
2017-12-08 00:00:00.000;155,0;8080;3;0,0;7071
2017-12-08 00:00:00.000;187,0;8080;4;0,0;7072
2017-12-08 00:00:00.000;130,0;8080;;0,0;7073
2017-12-08 00:00:00.000;189,0;8080;4;0,0;7074
2017-12-08 00:00:00.000;150,0;8080;1;0,0;7075
2017-12-08 00:00:00.000;246,0;8080;1;0,0;7076
2017-12-08 00:00:00.000;165,0;8080;3;0,0;7077
2017-12-08 00:00:00.000;124,0;8080;4;0,0;7078
2017-12-08 00:00:00.000;118,0;8080;1;0,0;7079
2017-12-08 00:00:00.000;120,0;8080;1;0,0;7080
2017-12-08 00:00:00.000;129,0;8080;4;0,0;7081
2017-12-08 00:00:00.000;228,0;8080;1;0,0;7082
2017-12-08 00:00:00.000;174,0;8080;4;0,0;7083
2017-12-08 00:00:00.000;147,0;8080;1;0,0;7084
2017-12-08 00:00:00.000;142,0;8080;3;0,0;7085
2017-12-08 00:00:00.000;257,0;8080;1;0,0;7086
2017-12-08 00:00:00.000;226,0;8080;1;0,0;7087
2017-12-08 00:00:00.000;249,0;8080;3;0,0;7088
2017-12-08 00:00:00.000;159,0;8080;3;0,0;7089
2017-12-08 00:00:00.000;114,0;8080;1;0,0;7090
2017-12-08 00:00:00.000;125,0;8080;1;0,0;7091
2017-12-08 00:00:00.000;224,0;8080;1;0,0;7092
2017-12-08 00:00:00.000;221,0;8080;1;0,0;7093
2017-12-08 00:00:00.000;283,0;8080;4;0,0;7094
2017-12-08 00:00:00.000;305,0;8080;1;0,0;7095
2017-12-08 00:00:00.000;261,0;8080;3;0,0;7096
2017-12-08 00:00:00.000;306,0;8080;4;0,0;7097
2017-12-08 00:00:00.000;181,0;8080;3;0,0;7098
2017-12-08 00:00:00.000;221,0;8080;4;0,0;7099
2017-12-08 00:00:00.000;209,0;8080;1;0,0;7100
2017-12-08 00:00:00.000;193,0;8080;1;0,0;7101
2017-12-08 00:00:00.000;282,0;8080;4;0,0;7102
2017-12-08 00:00:00.000;146,0;8080;3;0,0;7103
2017-12-08 00:00:00.000;239,0;8080;3;0,0;7104
2017-12-08 00:00:00.000;256,0;8080;4;0,0;7105
2017-12-08 00:00:00.000;269,0;8080;4;0,0;7106
2017-12-08 00:00:00.000;113,0;8080;4;0,0;7107
2017-12-08 00:00:00.000;196,0;8080;1;0,0;7108
2017-12-08 00:00:00.000;191,0;8080;4;0,0;7109
2017-12-08 00:00:00.000;164,0;8080;1;0,0;7110
2017-12-08 00:00:00.000;181,0;8080;4;0,0;7111
2017-12-08 00:00:00.000;277,0;8080;1;0,0;7112
2017-12-08 00:00:00.000;210,0;8080;3;0,0;7113
2017-12-08 00:00:00.000;262,0;8080;4;0,0;7114
2017-12-08 00:00:00.000;282,0;8080;4;0,0;7115
2017-12-08 00:00:00.000;197,0;8080;4;0,0;7116
2017-12-08 00:00:00.000;219,0;8080;4;0,0;7117
2017-12-08 00:00:00.000;271,0;8080;1;0,0;7118
2017-12-08 00:00:00.000;159,0;8080;3;0,0;7119
2017-12-08 00:00:00.000;137,0;8080;1;0,0;7120
2017-12-08 00:00:00.000;303,0;8080;4;0,0;7121
2017-12-08 00:00:00.000;184,0;8080;1;0,0;7122
2017-12-08 00:00:00.000;116,0;8080;4;0,0;7123
2017-12-08 00:00:00.000;235,0;8080;1;0,0;7124
2017-12-08 00:00:00.000;190,0;8080;4;0,0;7125
2017-12-08 00:00:00.000;137,0;8080;;0,0;7126
2017-12-08 00:00:00.000;178,0;8080;4;0,0;7127
2017-12-08 00:00:00.000;293,0;8080;1;0,0;7128
2017-12-08 00:00:00.000;236,0;8080;1;0,0;7129
2017-12-08 00:00:00.000;149,0;8080;3;0,0;7130
2017-12-08 00:00:00.000;303,0;8080;3;0,0;7131
2017-12-08 00:00:00.000;208,0;8080;;0,0;7132
2017-12-08 00:00:00.000;271,0;8080;4;0,0;7133
2017-12-08 00:00:00.000;261,0;8080;1;0,0;7134
2017-12-08 00:00:00.000;192,0;8080;1;0,0;7135
2017-12-08 00:00:00.000;112,0;8080;4;0,0;7136
2017-12-08 00:00:00.000;287,0;8080;3;0,0;7137
2017-12-08 00:00:00.000;196,0;8080;4;0,0;7138
2017-12-08 00:00:00.000;293,0;8080;;0,0;7139
2017-12-08 00:00:00.000;221,0;8080;4;0,0;7140
2017-12-08 00:00:00.000;263,0;8080;4;0,0;7141
2017-01-09 00:00:00.000;136,0;UGB ;4;0,0;7142
2017-01-09 00:00:00.000;185,0;UGB ;4;0,0;7143
2017-01-09 00:00:00.000;265,0;UGB ;4;0,0;7144
2017-01-09 00:00:00.000;261,0;UGB ;3;0,0;7145
2017-01-09 00:00:00.000;200,0;UGB ;3;0,0;7146
2017-01-09 00:00:00.000;203,0;UGB ;4;0,0;7147
2017-01-09 00:00:00.000;266,0;UGB ;;0,0;7148
2017-01-09 00:00:00.000;241,0;UGB ;;0,0;7149
2017-01-09 00:00:00.000;157,0;UGB ;3;0,0;7150
2017-01-09 00:00:00.000;133,0;UGB ;4;0,0;7151
2017-01-09 00:00:00.000;157,0;UGB ;1;0,0;7152
2017-01-09 00:00:00.000;182,0;UGB ;4;0,0;7153
2017-01-09 00:00:00.000;125,0;UGB ;;0,0;7154
2017-01-09 00:00:00.000;289,0;UGB ;;0,0;7155
2017-01-09 00:00:00.000;251,0;UGB ;4;0,0;7156
2017-01-09 00:00:00.000;282,0;UGB ;1;0,0;7157
2017-01-09 00:00:00.000;248,0;UGB ;3;0,0;7158
2017-02-09 00:00:00.000;214,0;UGB ;1;0,0;7159
2017-02-09 00:00:00.000;192,0;UGB ;3;0,0;7160
2017-02-09 00:00:00.000;266,0;UGB ;1;0,0;7161
2017-02-09 00:00:00.000;174,0;UGB ;3;0,0;7162
2017-02-09 00:00:00.000;199,0;UGB ;1;0,0;7163
2017-02-09 00:00:00.000;237,0;UGB ;3;0,0;7164
2017-02-09 00:00:00.000;169,0;UGB ;1;0,0;7165
2017-02-09 00:00:00.000;249,0;UGB ;3;0,0;7166
2017-02-09 00:00:00.000;198,0;UGB ;3;0,0;7167
2017-02-09 00:00:00.000;172,0;UGB ;1;0,0;7168
2017-02-09 00:00:00.000;297,0;UGB ;1;0,0;7169
2017-02-09 00:00:00.000;128,0;UGB ;1;0,0;7170
2017-02-09 00:00:00.000;256,0;UGB ;1;0,0;7171
2017-02-09 00:00:00.000;127,0;UGB ;1;0,0;7172
2017-02-09 00:00:00.000;236,0;UGB ;1;0,0;7173
2017-02-09 00:00:00.000;199,0;UGB ;3;0,0;7174
2017-02-09 00:00:00.000;208,0;UGB ;3;0,0;7175
2017-02-09 00:00:00.000;228,0;UGB ;4;0,0;7176
2017-02-09 00:00:00.000;243,0;UGB ;;0,0;7177
2017-02-09 00:00:00.000;162,0;UGB ;1;0,0;7178
2017-02-09 00:00:00.000;199,0;UGB ;;0,0;7179
2017-02-09 00:00:00.000;197,0;UGB ;;0,0;7180
2017-02-09 00:00:00.000;312,0;UGB ;;0,0;7181
2017-02-09 00:00:00.000;122,0;UGB ;1;0,0;7182
2017-02-09 00:00:00.000;133,0;UGB ;4;0,0;7183
2017-03-09 00:00:00.000;143,0;UGB ;4;0,0;7184
2017-03-09 00:00:00.000;228,0;UGB ;4;0,0;7185
2017-03-09 00:00:00.000;121,0;UGB ;3;0,0;7186
2017-03-09 00:00:00.000;231,0;UGB ;3;0,0;7187
2017-03-09 00:00:00.000;230,0;UGB ;1;0,0;7188
2017-03-09 00:00:00.000;205,0;UGB ;4;0,0;7189
2017-03-09 00:00:00.000;158,0;UGB ;3;0,0;7190
2017-03-09 00:00:00.000;244,0;UGB ;4;0,0;7191
2017-03-09 00:00:00.000;174,0;UGB ;1;0,0;7192
2017-03-09 00:00:00.000;228,0;UGB ;1;0,0;7193
2017-03-09 00:00:00.000;204,0;UGB ;4;0,0;7194
2017-03-09 00:00:00.000;276,0;UGB ;1;0,0;7195
2017-03-09 00:00:00.000;214,0;UGB ;4;0,0;7196
2017-03-09 00:00:00.000;186,0;UGB ;1;0,0;7197
2017-03-09 00:00:00.000;166,0;UGB ;;0,0;7198
2017-04-09 00:00:00.000;159,0;WAO ;1;0,0;7199
2017-04-09 00:00:00.000;256,0;WAO ;3;0,0;7200
2017-04-09 00:00:00.000;186,0;WAO ;4;0,0;7201
2017-04-09 00:00:00.000;213,0;WAO ;4;0,0;7202
2017-04-09 00:00:00.000;274,0;WAO ;1;0,0;7203
2017-04-09 00:00:00.000;171,0;WAO ;1;0,0;7204
2017-04-09 00:00:00.000;181,0;WAO ;;0,0;7205
2017-04-09 00:00:00.000;235,0;WAO ;4;0,0;7206
2017-04-09 00:00:00.000;232,0;WAO ;4;0,0;7207
2017-04-09 00:00:00.000;182,0;WAO ;1;0,0;7208
2017-04-09 00:00:00.000;169,0;WAO ;1;0,0;7209
2017-04-09 00:00:00.000;177,0;WAO ;3;0,0;7210
2017-04-09 00:00:00.000;252,0;WAO ;3;0,0;7211
2017-04-09 00:00:00.000;249,0;WAO ;3;0,0;7212
2017-04-09 00:00:00.000;132,0;WAO ;;0,0;7213
2017-04-09 00:00:00.000;114,0;WAO ;3;0,0;7214
2017-04-09 00:00:00.000;156,0;WAO ;4;0,0;7215
2017-04-09 00:00:00.000;280,0;WAO ;4;0,0;7216
2017-04-09 00:00:00.000;223,0;WAO ;3;0,0;7217
2017-04-09 00:00:00.000;309,0;WAO ;;0,0;7218
2017-04-09 00:00:00.000;277,0;WAO ;1;0,0;7219
2017-04-09 00:00:00.000;151,0;WAO ;1;0,0;7220
2017-04-09 00:00:00.000;248,0;WAO ;;0,0;7221
2017-04-09 00:00:00.000;159,0;WAO ;;0,0;7222
2017-11-09 00:00:00.000;241,0;8080;4;0,0;7223
2017-11-09 00:00:00.000;301,0;8080;3;0,0;7224
2017-11-09 00:00:00.000;255,0;8080;4;0,0;7225
2017-11-09 00:00:00.000;158,0;8080;4;0,0;7226
2017-11-09 00:00:00.000;271,0;8080;1;0,0;7227
2017-11-09 00:00:00.000;293,0;8080;4;0,0;7228
2017-11-09 00:00:00.000;211,0;8080;3;0,0;7229
2017-11-09 00:00:00.000;128,0;8080;3;0,0;7230
2017-11-09 00:00:00.000;191,0;8080;;0,0;7231
2017-11-09 00:00:00.000;195,0;8080;1;0,0;7232
2017-11-09 00:00:00.000;154,0;8080;4;0,0;7233
2017-11-09 00:00:00.000;217,0;8080;;0,0;7234
2017-11-09 00:00:00.000;116,0;8080;4;0,0;7235
2017-11-09 00:00:00.000;140,0;8080;4;0,0;7236
2017-11-09 00:00:00.000;141,0;8080;1;0,0;7237
2017-11-09 00:00:00.000;207,0;8080;;0,0;7238
2017-11-09 00:00:00.000;194,0;8080;1;0,0;7239
2017-11-09 00:00:00.000;192,0;8080;;0,0;7240
2017-11-09 00:00:00.000;301,0;8080;1;0,0;7241
2017-11-09 00:00:00.000;219,0;8080;1;0,0;7242
2017-11-09 00:00:00.000;204,0;8080;;0,0;7243
2017-11-09 00:00:00.000;198,0;8080;;0,0;7244
2017-11-09 00:00:00.000;228,0;8080;;0,0;7245
2017-11-09 00:00:00.000;214,0;8080;;0,0;7246
2017-11-09 00:00:00.000;305,0;8080;;0,0;7247
2017-11-09 00:00:00.000;172,0;8080;;0,0;7248
2017-12-09 00:00:00.000;275,0;8080;1;0,0;7249
2017-12-09 00:00:00.000;185,0;8080;1;0,0;7250
2017-12-09 00:00:00.000;293,0;8080;;0,0;7251
2017-12-09 00:00:00.000;302,0;8080;1;0,0;7252
2017-12-09 00:00:00.000;138,0;8080;3;0,0;7253
2017-12-09 00:00:00.000;226,0;8080;1;0,0;7254
2017-12-09 00:00:00.000;291,0;8080;3;0,0;7255
2017-12-09 00:00:00.000;113,0;8080;4;0,0;7256
2017-12-09 00:00:00.000;181,0;8080;1;0,0;7257
2017-12-09 00:00:00.000;219,0;8080;1;0,0;7258
2017-12-09 00:00:00.000;203,0;8080;1;0,0;7259
2017-12-09 00:00:00.000;130,0;8080;;0,0;7260
2017-12-09 00:00:00.000;136,0;8080;1;0,0;7261
2017-12-09 00:00:00.000;309,0;8080;4;0,0;7262
2017-12-09 00:00:00.000;253,0;8080;1;0,0;7263
2017-12-09 00:00:00.000;128,0;8080;3;0,0;7264
2017-12-09 00:00:00.000;269,0;8080;4;0,0;7265
2017-12-09 00:00:00.000;172,0;8080;3;0,0;7266
2017-12-09 00:00:00.000;221,0;8080;1;0,0;7267
2017-12-09 00:00:00.000;175,0;8080;4;0,0;7268
2017-12-09 00:00:00.000;258,0;8080;1;0,0;7269
2017-12-09 00:00:00.000;191,0;8080;1;0,0;7270
2017-12-09 00:00:00.000;307,0;8080;1;0,0;7271
2017-12-09 00:00:00.000;215,0;8080;4;0,0;7272
2017-12-09 00:00:00.000;251,0;8080;3;0,0;7273
2017-12-09 00:00:00.000;268,0;8080;4;0,0;7274
2017-12-09 00:00:00.000;289,0;8080;1;0,0;7275
2017-12-09 00:00:00.000;214,0;8080;1;0,0;7276
2017-12-09 00:00:00.000;142,0;8080;4;0,0;7277
2017-12-09 00:00:00.000;200,0;8080;1;0,0;7278
2017-12-09 00:00:00.000;275,0;8080;4;0,0;7279
2017-12-09 00:00:00.000;224,0;8080;1;0,0;7280
2017-12-09 00:00:00.000;210,0;8080;4;0,0;7281
2017-12-09 00:00:00.000;161,0;8080;4;0,0;7282
2017-12-09 00:00:00.000;191,0;8080;3;0,0;7283
2017-12-09 00:00:00.000;207,0;8080;1;0,0;7284
2017-12-09 00:00:00.000;274,0;8080;4;0,0;7285
2017-12-09 00:00:00.000;225,0;8080;1;0,0;7286
2017-12-09 00:00:00.000;297,0;8080;4;0,0;7287
2017-12-09 00:00:00.000;196,0;8080;4;0,0;7288
2017-12-09 00:00:00.000;162,0;8080;1;0,0;7289
2017-12-09 00:00:00.000;272,0;8080;1;0,0;7290
2017-12-09 00:00:00.000;168,0;8080;4;0,0;7291
2017-12-09 00:00:00.000;184,0;8080;4;0,0;7292
2017-12-09 00:00:00.000;188,0;8080;4;0,0;7293
2017-12-09 00:00:00.000;141,0;8080;4;0,0;7294
2017-12-09 00:00:00.000;265,0;8080;4;0,0;7295
2017-12-09 00:00:00.000;247,0;8080;1;0,0;7296
2017-12-09 00:00:00.000;161,0;8080;4;0,0;7297
2017-12-09 00:00:00.000;279,0;8080;1;0,0;7298
2017-12-09 00:00:00.000;114,0;8080;1;0,0;7299
2017-12-09 00:00:00.000;287,0;8080;;0,0;7300
2017-12-09 00:00:00.000;238,0;8080;1;0,0;7301
2017-12-09 00:00:00.000;138,0;8080;4;0,0;7302
2017-12-09 00:00:00.000;310,0;8080;1;0,0;7303
2017-12-09 00:00:00.000;132,0;8080;4;0,0;7304
2017-12-09 00:00:00.000;117,0;8080;1;0,0;7305
2017-12-09 00:00:00.000;157,0;8080;4;0,0;7306
2017-12-09 00:00:00.000;160,0;8080;1;0,0;7307
2017-12-09 00:00:00.000;240,0;8080;1;0,0;7308
2017-12-09 00:00:00.000;235,0;8080;4;0,0;7309
2017-12-09 00:00:00.000;119,0;8080;1;0,0;7310
2017-12-09 00:00:00.000;294,0;8080;4;0,0;7311
2017-12-09 00:00:00.000;168,0;8080;4;0,0;7312
2017-12-09 00:00:00.000;229,0;8080;3;0,0;7313
2017-12-09 00:00:00.000;213,0;8080;1;0,0;7314
2017-12-09 00:00:00.000;285,0;8080;1;0,0;7315
2017-12-09 00:00:00.000;216,0;8080;4;0,0;7316
2017-12-09 00:00:00.000;195,0;8080;4;0,0;7317
2017-12-09 00:00:00.000;236,0;8080;3;0,0;7318
2017-12-09 00:00:00.000;238,0;8080;1;0,0;7319
2017-12-09 00:00:00.000;179,0;8080;4;0,0;7320
2017-12-09 00:00:00.000;114,0;8080;4;0,0;7321
2017-12-09 00:00:00.000;298,0;8080;;0,0;7322
2017-12-09 00:00:00.000;280,0;8080;4;0,0;7323
2017-12-09 00:00:00.000;285,0;8080;4;0,0;7324
2017-12-09 00:00:00.000;295,0;8080;;0,0;7325
2017-12-09 00:00:00.000;271,0;8080;1;0,0;7326
2017-12-09 00:00:00.000;310,0;8080;1;0,0;7327
2017-12-09 00:00:00.000;237,0;8080;;0,0;7328
2017-12-09 00:00:00.000;149,0;8080;4;0,0;7329
2017-12-09 00:00:00.000;217,0;8080;1;0,0;7330
2017-12-09 00:00:00.000;210,0;8080;3;0,0;7331
2017-12-09 00:00:00.000;178,0;8080;4;0,0;7332
2017-12-09 00:00:00.000;192,0;8080;4;0,0;7333
2017-12-09 00:00:00.000;274,0;8080;4;0,0;7334
2017-12-09 00:00:00.000;143,0;8080;3;0,0;7335
2017-12-09 00:00:00.000;279,0;8080;;0,0;7336
2017-12-09 00:00:00.000;243,0;8080;4;0,0;7337
2017-12-09 00:00:00.000;300,0;8080;;0,0;7338
2017-12-09 00:00:00.000;298,0;8080;1;0,0;7339
2017-12-09 00:00:00.000;163,0;8080;3;0,0;7340
2017-12-09 00:00:00.000;172,0;8080;4;0,0;7341
2017-12-09 00:00:00.000;177,0;8080;3;0,0;7342
2017-12-09 00:00:00.000;199,0;8080;;0,0;7343
2017-12-09 00:00:00.000;153,0;8080;4;0,0;7344
2017-12-09 00:00:00.000;262,0;8080;4;0,0;7345
2017-12-09 00:00:00.000;139,0;8080;1;0,0;7346
2017-12-09 00:00:00.000;208,0;8080;4;0,0;7347
2017-01-10 00:00:00.000;268,0;UGB ;4;0,0;7348
2017-01-10 00:00:00.000;205,0;UGB ;4;0,0;7349
2017-01-10 00:00:00.000;168,0;UGB ;;0,0;7350
2017-01-10 00:00:00.000;203,0;UGB ;4;0,0;7351
2017-01-10 00:00:00.000;238,0;UGB ;4;0,0;7352
2017-01-10 00:00:00.000;242,0;UGB ;4;0,0;7353
2017-01-10 00:00:00.000;149,0;UGB ;;0,0;7354
2017-01-10 00:00:00.000;173,0;UGB ;4;0,0;7355
2017-01-10 00:00:00.000;301,0;UGB ;4;0,0;7356
2017-01-10 00:00:00.000;275,0;UGB ;4;0,0;7357
2017-01-10 00:00:00.000;255,0;UGB ;;0,0;7358
2017-01-10 00:00:00.000;242,0;UGB ;1;0,0;7359
2017-01-10 00:00:00.000;148,0;UGB ;4;0,0;7360
2017-01-10 00:00:00.000;309,0;UGB ;;0,0;7361
2017-01-10 00:00:00.000;114,0;UGB ;;0,0;7362
2017-01-10 00:00:00.000;292,0;UGB ;3;0,0;7363
2017-01-10 00:00:00.000;292,0;UGB ;3;0,0;7364
2017-01-10 00:00:00.000;278,0;UGB ;;0,0;7365
2017-01-10 00:00:00.000;133,0;UGB ;;0,0;7366
2017-01-10 00:00:00.000;144,0;UGB ;1;0,0;7367
2017-02-10 00:00:00.000;267,0;UGB ;4;0,0;7368
2017-02-10 00:00:00.000;275,0;UGB ;4;0,0;7369
2017-02-10 00:00:00.000;283,0;UGB ;4;0,0;7370
2017-02-10 00:00:00.000;143,0;UGB ;4;0,0;7371
2017-02-10 00:00:00.000;133,0;UGB ;4;0,0;7372
2017-02-10 00:00:00.000;129,0;UGB ;1;0,0;7373
2017-02-10 00:00:00.000;298,0;UGB ;1;0,0;7374
2017-02-10 00:00:00.000;137,0;UGB ;4;0,0;7375
2017-02-10 00:00:00.000;279,0;UGB ;3;0,0;7376
2017-02-10 00:00:00.000;183,0;UGB ;1;0,0;7377
2017-02-10 00:00:00.000;199,0;UGB ;1;0,0;7378
2017-02-10 00:00:00.000;291,0;UGB ;3;0,0;7379
2017-02-10 00:00:00.000;162,0;UGB ;3;0,0;7380
2017-02-10 00:00:00.000;117,0;UGB ;4;0,0;7381
2017-02-10 00:00:00.000;200,0;UGB ;;0,0;7382
2017-02-10 00:00:00.000;221,0;UGB ;3;0,0;7383
2017-02-10 00:00:00.000;112,0;UGB ;;0,0;7384
2017-02-10 00:00:00.000;271,0;UGB ;;0,0;7385
2017-02-10 00:00:00.000;295,0;UGB ;;0,0;7386
2017-02-10 00:00:00.000;148,0;UGB ;;0,0;7387
2017-02-10 00:00:00.000;268,0;UGB ;3;0,0;7388
2017-02-10 00:00:00.000;128,0;UGB ;;0,0;7389
2017-03-10 00:00:00.000;119,0;UGB ;4;0,0;7390
2017-03-10 00:00:00.000;309,0;UGB ;1;0,0;7391
2017-03-10 00:00:00.000;275,0;UGB ;4;0,0;7392
2017-03-10 00:00:00.000;236,0;UGB ;1;0,0;7393
2017-03-10 00:00:00.000;306,0;UGB ;4;0,0;7394
2017-03-10 00:00:00.000;237,0;UGB ;4;0,0;7395
2017-03-10 00:00:00.000;310,0;UGB ;4;0,0;7396
2017-03-10 00:00:00.000;274,0;UGB ;1;0,0;7397
2017-03-10 00:00:00.000;210,0;UGB ;4;0,0;7398
2017-03-10 00:00:00.000;310,0;UGB ;4;0,0;7399
2017-03-10 00:00:00.000;154,0;UGB ;1;0,0;7400
2017-03-10 00:00:00.000;147,0;UGB ;1;0,0;7401
2017-03-10 00:00:00.000;206,0;UGB ;4;0,0;7402
2017-03-10 00:00:00.000;271,0;UGB ;4;0,0;7403
2017-03-10 00:00:00.000;177,0;UGB ;1;0,0;7404
2017-03-10 00:00:00.000;165,0;UGB ;;0,0;7405
2017-03-10 00:00:00.000;251,0;UGB ;1;0,0;7406
2017-03-10 00:00:00.000;276,0;UGB ;4;0,0;7407
2017-03-10 00:00:00.000;260,0;UGB ;3;0,0;7408
2017-03-10 00:00:00.000;296,0;UGB ;1;0,0;7409
2017-03-10 00:00:00.000;287,0;UGB ;;0,0;7410
2017-03-10 00:00:00.000;265,0;UGB ;1;0,0;7411
2017-03-10 00:00:00.000;272,0;UGB ;;0,0;7412
2017-03-10 00:00:00.000;169,0;UGB ;1;0,0;7413
2017-04-10 00:00:00.000;176,0;WAO ;3;0,0;7414
2017-04-10 00:00:00.000;121,0;WAO ;4;0,0;7415
2017-04-10 00:00:00.000;133,0;WAO ;4;0,0;7416
2017-04-10 00:00:00.000;265,0;WAO ;1;0,0;7417
2017-04-10 00:00:00.000;178,0;WAO ;3;0,0;7418
2017-04-10 00:00:00.000;276,0;WAO ;1;0,0;7419
2017-04-10 00:00:00.000;289,0;WAO ;;0,0;7420
2017-04-10 00:00:00.000;120,0;WAO ;1;0,0;7421
2017-04-10 00:00:00.000;218,0;WAO ;3;0,0;7422
2017-04-10 00:00:00.000;165,0;WAO ;4;0,0;7423
2017-04-10 00:00:00.000;305,0;WAO ;;0,0;7424
2017-04-10 00:00:00.000;310,0;WAO ;;0,0;7425
2017-04-10 00:00:00.000;204,0;WAO ;3;0,0;7426
2017-04-10 00:00:00.000;169,0;WAO ;4;0,0;7427
2017-04-10 00:00:00.000;222,0;WAO ;3;0,0;7428
2017-11-10 00:00:00.000;195,0;8080;1;0,0;7429
2017-11-10 00:00:00.000;185,0;8080;3;0,0;7430
2017-11-10 00:00:00.000;153,0;8080;1;0,0;7431
2017-11-10 00:00:00.000;190,0;8080;4;0,0;7432
2017-11-10 00:00:00.000;144,0;8080;4;0,0;7433
2017-11-10 00:00:00.000;187,0;8080;4;0,0;7434
2017-11-10 00:00:00.000;152,0;8080;;0,0;7435
2017-11-10 00:00:00.000;218,0;8080;1;0,0;7436
2017-11-10 00:00:00.000;155,0;8080;4;0,0;7437
2017-11-10 00:00:00.000;294,0;8080;;0,0;7438
2017-11-10 00:00:00.000;233,0;8080;;0,0;7439
2017-11-10 00:00:00.000;118,0;8080;4;0,0;7440
2017-11-10 00:00:00.000;111,0;8080;;0,0;7441
2017-11-10 00:00:00.000;266,0;8080;;0,0;7442
2017-11-10 00:00:00.000;168,0;8080;;0,0;7443
2017-11-10 00:00:00.000;210,0;8080;4;0,0;7444
2017-11-10 00:00:00.000;114,0;8080;;0,0;7445
2017-11-10 00:00:00.000;193,0;8080;1;0,0;7446
2017-11-10 00:00:00.000;260,0;8080;1;0,0;7447
2017-11-10 00:00:00.000;196,0;8080;4;0,0;7448
2017-11-10 00:00:00.000;246,0;8080;1;0,0;7449
2017-11-10 00:00:00.000;134,0;8080;;0,0;7450
2017-11-10 00:00:00.000;292,0;8080;4;0,0;7451
2017-11-10 00:00:00.000;139,0;8080;3;0,0;7452
2017-12-10 00:00:00.000;135,0;8080;4;0,0;7453
2017-12-10 00:00:00.000;162,0;8080;4;0,0;7454
2017-12-10 00:00:00.000;124,0;8080;4;0,0;7455
2017-12-10 00:00:00.000;113,0;8080;1;0,0;7456
2017-12-10 00:00:00.000;113,0;8080;1;0,0;7457
2017-12-10 00:00:00.000;148,0;8080;3;0,0;7458
2017-12-10 00:00:00.000;217,0;8080;4;0,0;7459
2017-12-10 00:00:00.000;311,0;8080;4;0,0;7460
2017-12-10 00:00:00.000;162,0;8080;;0,0;7461
2017-12-10 00:00:00.000;282,0;8080;4;0,0;7462
2017-12-10 00:00:00.000;129,0;8080;;0,0;7463
2017-12-10 00:00:00.000;127,0;8080;3;0,0;7464
2017-12-10 00:00:00.000;268,0;8080;4;0,0;7465
2017-12-10 00:00:00.000;243,0;8080;4;0,0;7466
2017-12-10 00:00:00.000;114,0;8080;1;0,0;7467
2017-12-10 00:00:00.000;186,0;8080;3;0,0;7468
2017-12-10 00:00:00.000;243,0;8080;1;0,0;7469
2017-12-10 00:00:00.000;255,0;8080;4;0,0;7470
2017-12-10 00:00:00.000;139,0;8080;1;0,0;7471
2017-12-10 00:00:00.000;297,0;8080;4;0,0;7472
2017-12-10 00:00:00.000;124,0;8080;4;0,0;7473
2017-12-10 00:00:00.000;266,0;8080;3;0,0;7474
2017-12-10 00:00:00.000;143,0;8080;1;0,0;7475
2017-12-10 00:00:00.000;253,0;8080;4;0,0;7476
2017-12-10 00:00:00.000;151,0;8080;3;0,0;7477
2017-12-10 00:00:00.000;230,0;8080;4;0,0;7478
2017-12-10 00:00:00.000;169,0;8080;4;0,0;7479
2017-12-10 00:00:00.000;161,0;8080;3;0,0;7480
2017-12-10 00:00:00.000;239,0;8080;4;0,0;7481
2017-12-10 00:00:00.000;304,0;8080;4;0,0;7482
2017-12-10 00:00:00.000;179,0;8080;4;0,0;7483
2017-12-10 00:00:00.000;284,0;8080;4;0,0;7484
2017-12-10 00:00:00.000;303,0;8080;1;0,0;7485
2017-12-10 00:00:00.000;121,0;8080;3;0,0;7486
2017-12-10 00:00:00.000;302,0;8080;3;0,0;7487
2017-12-10 00:00:00.000;129,0;8080;1;0,0;7488
2017-12-10 00:00:00.000;156,0;8080;1;0,0;7489
2017-12-10 00:00:00.000;202,0;8080;3;0,0;7490
2017-12-10 00:00:00.000;150,0;8080;1;0,0;7491
2017-12-10 00:00:00.000;165,0;8080;4;0,0;7492
2017-12-10 00:00:00.000;240,0;8080;4;0,0;7493
2017-12-10 00:00:00.000;232,0;8080;1;0,0;7494
2017-12-10 00:00:00.000;311,0;8080;1;0,0;7495
2017-12-10 00:00:00.000;224,0;8080;3;0,0;7496
2017-12-10 00:00:00.000;263,0;8080;;0,0;7497
2017-12-10 00:00:00.000;234,0;8080;1;0,0;7498
2017-12-10 00:00:00.000;308,0;8080;3;0,0;7499
2017-12-10 00:00:00.000;141,0;8080;4;0,0;7500
2017-12-10 00:00:00.000;275,0;8080;4;0,0;7501
2017-12-10 00:00:00.000;309,0;8080;4;0,0;7502
2017-12-10 00:00:00.000;299,0;8080;3;0,0;7503
2017-12-10 00:00:00.000;248,0;8080;1;0,0;7504
2017-12-10 00:00:00.000;138,0;8080;4;0,0;7505
2017-12-10 00:00:00.000;269,0;8080;4;0,0;7506
2017-12-10 00:00:00.000;269,0;8080;4;0,0;7507
2017-12-10 00:00:00.000;145,0;8080;1;0,0;7508
2017-12-10 00:00:00.000;168,0;8080;4;0,0;7509
2017-12-10 00:00:00.000;275,0;8080;4;0,0;7510
2017-12-10 00:00:00.000;116,0;8080;;0,0;7511
2017-12-10 00:00:00.000;293,0;8080;3;0,0;7512
2017-12-10 00:00:00.000;120,0;8080;1;0,0;7513
2017-12-10 00:00:00.000;222,0;8080;1;0,0;7514
2017-12-10 00:00:00.000;165,0;8080;4;0,0;7515
2017-12-10 00:00:00.000;264,0;8080;4;0,0;7516
2017-12-10 00:00:00.000;143,0;8080;1;0,0;7517
2017-12-10 00:00:00.000;191,0;8080;1;0,0;7518
2017-12-10 00:00:00.000;200,0;8080;4;0,0;7519
2017-12-10 00:00:00.000;164,0;8080;1;0,0;7520
2017-12-10 00:00:00.000;128,0;8080;4;0,0;7521
2017-12-10 00:00:00.000;153,0;8080;1;0,0;7522
2017-12-10 00:00:00.000;126,0;8080;1;0,0;7523
2017-12-10 00:00:00.000;173,0;8080;1;0,0;7524
2017-12-10 00:00:00.000;286,0;8080;3;0,0;7525
2017-12-10 00:00:00.000;147,0;8080;4;0,0;7526
2017-12-10 00:00:00.000;185,0;8080;4;0,0;7527
2017-12-10 00:00:00.000;146,0;8080;4;0,0;7528
2017-12-10 00:00:00.000;185,0;8080;1;0,0;7529
2017-12-10 00:00:00.000;167,0;8080;4;0,0;7530
2017-12-10 00:00:00.000;170,0;8080;1;0,0;7531
2017-12-10 00:00:00.000;116,0;8080;4;0,0;7532
2017-12-10 00:00:00.000;173,0;8080;4;0,0;7533
2017-12-10 00:00:00.000;182,0;8080;1;0,0;7534
2017-12-10 00:00:00.000;234,0;8080;4;0,0;7535
2017-12-10 00:00:00.000;266,0;8080;1;0,0;7536
2017-12-10 00:00:00.000;129,0;8080;1;0,0;7537
2017-12-10 00:00:00.000;312,0;8080;1;0,0;7538
2017-12-10 00:00:00.000;232,0;8080;1;0,0;7539
2017-12-10 00:00:00.000;168,0;8080;4;0,0;7540
2017-12-10 00:00:00.000;281,0;8080;1;0,0;7541
2017-12-10 00:00:00.000;242,0;8080;;0,0;7542
2017-12-10 00:00:00.000;210,0;8080;1;0,0;7543
2017-12-10 00:00:00.000;160,0;8080;;0,0;7544
2017-12-10 00:00:00.000;142,0;8080;4;0,0;7545
2017-12-10 00:00:00.000;161,0;8080;4;0,0;7546
2017-12-10 00:00:00.000;265,0;8080;;0,0;7547
2017-12-10 00:00:00.000;168,0;8080;1;0,0;7548
2017-12-10 00:00:00.000;261,0;8080;4;0,0;7549
2017-12-10 00:00:00.000;239,0;8080;4;0,0;7550
2017-12-10 00:00:00.000;290,0;8080;1;0,0;7551
2017-12-10 00:00:00.000;272,0;8080;3;0,0;7552
2017-12-10 00:00:00.000;169,0;8080;4;0,0;7553
2017-12-10 00:00:00.000;235,0;8080;1;0,0;7554
2017-12-10 00:00:00.000;293,0;8080;4;0,0;7555
2017-12-10 00:00:00.000;194,0;8080;1;0,0;7556
2017-12-10 00:00:00.000;220,0;8080;4;0,0;7557
2017-12-10 00:00:00.000;273,0;8080;;0,0;7558
2017-12-10 00:00:00.000;274,0;8080;;0,0;7559
2017-12-10 00:00:00.000;298,0;8080;4;0,0;7560
2017-12-10 00:00:00.000;122,0;8080;4;0,0;7561
2017-12-10 00:00:00.000;229,0;8080;;0,0;7562
2017-12-10 00:00:00.000;305,0;8080;4;0,0;7563
2017-12-10 00:00:00.000;173,0;8080;1;59,7;7564
2017-12-10 00:00:00.000;202,0;8080;1;0,0;7565
2017-12-10 00:00:00.000;235,0;8080;3;0,0;7566
2017-12-10 00:00:00.000;254,0;8080;4;0,0;7567
2017-12-10 00:00:00.000;122,0;8080;4;0,0;7568
2017-12-10 00:00:00.000;181,0;8080;4;0,0;7569
2017-12-10 00:00:00.000;182,0;8080;3;0,0;7570
2017-12-10 00:00:00.000;137,0;8080;4;0,0;7571
2017-12-10 00:00:00.000;216,0;8080;4;0,0;7572
2017-12-10 00:00:00.000;149,0;8080;4;0,0;7573
2017-12-10 00:00:00.000;250,0;8080;3;0,0;7574
2017-12-10 00:00:00.000;215,0;8080;4;0,0;7575
2017-12-10 00:00:00.000;227,0;8080;4;0,0;7576
2017-12-10 00:00:00.000;267,0;8080;1;0,0;7577
2017-12-10 00:00:00.000;133,0;8080;4;0,0;7578
2017-12-10 00:00:00.000;167,0;8080;;0,0;7579
2017-12-10 00:00:00.000;287,0;8080;4;0,0;7580
2017-12-10 00:00:00.000;166,0;8080;1;0,0;7581
2017-12-10 00:00:00.000;291,0;8080;4;0,0;7582
2017-12-10 00:00:00.000;226,0;8080;;0,0;7583
2017-12-10 00:00:00.000;208,0;8080;1;0,0;7584
2017-01-11 00:00:00.000;275,0;UGB ;1;0,0;7585
2017-01-11 00:00:00.000;125,0;UGB ;1;0,0;7586
2017-01-11 00:00:00.000;175,0;UGB ;4;0,0;7587
2017-01-11 00:00:00.000;304,0;UGB ;;0,0;7588
2017-01-11 00:00:00.000;118,0;UGB ;3;0,0;7589
2017-01-11 00:00:00.000;118,0;UGB ;;0,0;7590
2017-01-11 00:00:00.000;185,0;UGB ;4;0,0;7591
2017-01-11 00:00:00.000;131,0;UGB ;;0,0;7592
2017-01-11 00:00:00.000;132,0;UGB ;;0,0;7593
2017-02-11 00:00:00.000;298,0;UGB ;4;0,0;7594
2017-02-11 00:00:00.000;231,0;UGB ;1;0,0;7595
2017-02-11 00:00:00.000;240,0;UGB ;4;0,0;7596
2017-02-11 00:00:00.000;142,0;UGB ;;0,0;7597
2017-02-11 00:00:00.000;152,0;UGB ;;0,0;7598
2017-02-11 00:00:00.000;210,0;UGB ;4;0,0;7599
2017-02-11 00:00:00.000;163,0;UGB ;4;0,0;7600
2017-02-11 00:00:00.000;228,0;UGB ;4;0,0;7601
2017-02-11 00:00:00.000;133,0;UGB ;3;0,0;7602
2017-02-11 00:00:00.000;226,0;UGB ;;0,0;7603
2017-02-11 00:00:00.000;187,0;UGB ;;0,0;7604
2017-02-11 00:00:00.000;124,0;UGB ;;0,0;7605
2017-02-11 00:00:00.000;125,0;UGB ;;0,0;7606
2017-02-11 00:00:00.000;199,0;UGB ;4;0,0;7607
2017-02-11 00:00:00.000;165,0;UGB ;1;0,0;7608
2017-02-11 00:00:00.000;244,0;UGB ;4;0,0;7609
2017-02-11 00:00:00.000;172,0;UGB ;1;0,0;7610
2017-02-11 00:00:00.000;196,0;UGB ;;0,0;7611
2017-02-11 00:00:00.000;242,0;UGB ;1;0,0;7612
2017-02-11 00:00:00.000;182,0;UGB ;;0,0;7613
2017-02-11 00:00:00.000;304,0;UGB ;;0,0;7614
2017-02-11 00:00:00.000;145,0;UGB ;;0,0;7615
2017-02-11 00:00:00.000;170,0;UGB ;4;0,0;7616
2017-02-11 00:00:00.000;299,0;UGB ;;0,0;7617
2017-02-11 00:00:00.000;156,0;UGB ;4;0,0;7618
2017-02-11 00:00:00.000;312,0;UGB ;4;0,0;7619
2017-02-11 00:00:00.000;210,0;UGB ;;0,0;7620
2017-02-11 00:00:00.000;178,0;UGB ;4;0,0;7621
2017-02-11 00:00:00.000;295,0;UGB ;1;0,0;7622
2017-02-11 00:00:00.000;298,0;UGB ;4;0,0;7623
2017-03-11 00:00:00.000;186,0;UGB ;;0,0;7624
2017-03-11 00:00:00.000;157,0;UGB ;4;0,0;7625
2017-03-11 00:00:00.000;127,0;UGB ;;0,0;7626
2017-03-11 00:00:00.000;152,0;UGB ;4;0,0;7627
2017-03-11 00:00:00.000;190,0;UGB ;4;0,0;7628
2017-03-11 00:00:00.000;252,0;UGB ;1;0,0;7629
2017-03-11 00:00:00.000;244,0;UGB ;3;0,0;7630
2017-03-11 00:00:00.000;210,0;UGB ;4;0,0;7631
2017-03-11 00:00:00.000;305,0;UGB ;1;0,0;7632
2017-03-11 00:00:00.000;291,0;UGB ;1;0,0;7633
2017-03-11 00:00:00.000;218,0;UGB ;3;0,0;7634
2017-03-11 00:00:00.000;287,0;UGB ;3;0,0;7635
2017-03-11 00:00:00.000;275,0;UGB ;1;0,0;7636
2017-03-11 00:00:00.000;244,0;UGB ;1;0,0;7637
2017-03-11 00:00:00.000;274,0;UGB ;;0,0;7638
2017-03-11 00:00:00.000;290,0;UGB ;4;0,0;7639
2017-03-11 00:00:00.000;209,0;UGB ;4;0,0;7640
2017-03-11 00:00:00.000;220,0;UGB ;;0,0;7641
2017-03-11 00:00:00.000;158,0;UGB ;;0,0;7642
2017-03-11 00:00:00.000;160,0;UGB ;3;0,0;7643
2017-03-11 00:00:00.000;135,0;UGB ;1;0,0;7644
2017-03-11 00:00:00.000;299,0;UGB ;4;0,0;7645
2017-03-11 00:00:00.000;119,0;UGB ;;0,0;7646
2017-03-11 00:00:00.000;267,0;UGB ;;0,0;7647
2017-04-11 00:00:00.000;125,0;WAO ;1;0,0;7648
2017-04-11 00:00:00.000;256,0;WAO ;;0,0;7649
2017-04-11 00:00:00.000;128,0;WAO ;;0,0;7650
2017-04-11 00:00:00.000;193,0;WAO ;3;0,0;7651
2017-04-11 00:00:00.000;131,0;WAO ;3;0,0;7652
2017-04-11 00:00:00.000;123,0;WAO ;3;0,0;7653
2017-04-11 00:00:00.000;298,0;WAO ;4;0,0;7654
2017-04-11 00:00:00.000;191,0;WAO ;1;0,0;7655
2017-04-11 00:00:00.000;164,0;WAO ;1;0,0;7656
2017-04-11 00:00:00.000;125,0;WAO ;4;0,0;7657
2017-04-11 00:00:00.000;168,0;WAO ;;0,0;7658
2017-04-11 00:00:00.000;120,0;WAO ;4;0,0;7659
2017-04-11 00:00:00.000;121,0;WAO ;1;0,0;7660
2017-04-11 00:00:00.000;163,0;WAO ;1;0,0;7661
2017-04-11 00:00:00.000;282,0;WAO ;;0,0;7662
2017-04-11 00:00:00.000;134,0;WAO ;;0,0;7663
2017-04-11 00:00:00.000;184,0;WAO ;3;0,0;7664
2017-04-11 00:00:00.000;133,0;WAO ;4;0,0;7665
2017-04-11 00:00:00.000;138,0;WAO ;3;0,0;7666
2017-04-11 00:00:00.000;308,0;WAO ;;0,0;7667
2017-11-11 00:00:00.000;254,0;8080;4;0,0;7668
2017-11-11 00:00:00.000;119,0;8080;4;0,0;7669
2017-11-11 00:00:00.000;273,0;8080;1;0,0;7670
2017-11-11 00:00:00.000;200,0;8080;3;0,0;7671
2017-11-11 00:00:00.000;148,0;8080;;0,0;7672
2017-11-11 00:00:00.000;176,0;8080;4;0,0;7673
2017-11-11 00:00:00.000;255,0;8080;;0,0;7674
2017-11-11 00:00:00.000;273,0;8080;;0,0;7675
2017-11-11 00:00:00.000;301,0;8080;4;0,0;7676
2017-11-11 00:00:00.000;158,0;8080;4;0,0;7677
2017-11-11 00:00:00.000;277,0;8080;4;0,0;7678
2017-11-11 00:00:00.000;211,0;8080;;0,0;7679
2017-11-11 00:00:00.000;229,0;8080;1;0,0;7680
2017-11-11 00:00:00.000;268,0;8080;1;0,0;7681
2017-11-11 00:00:00.000;237,0;8080;1;0,0;7682
2017-11-11 00:00:00.000;204,0;8080;4;0,0;7683
2017-11-11 00:00:00.000;120,0;8080;4;0,0;7684
2017-11-11 00:00:00.000;140,0;8080;3;0,0;7685
2017-11-11 00:00:00.000;158,0;8080;1;0,0;7686
2017-11-11 00:00:00.000;139,0;8080;1;0,0;7687
2017-11-11 00:00:00.000;250,0;8080;;0,0;7688
2017-11-11 00:00:00.000;267,0;8080;;0,0;7689
2017-11-11 00:00:00.000;281,0;8080;3;0,0;7690
2017-11-11 00:00:00.000;159,0;8080;;0,0;7691
2017-12-11 00:00:00.000;294,0;8080;4;0,0;7692
2017-12-11 00:00:00.000;308,0;8080;4;0,0;7693
2017-12-11 00:00:00.000;147,0;8080;4;0,0;7694
2017-12-11 00:00:00.000;219,0;8080;4;0,0;7695
2017-12-11 00:00:00.000;124,0;8080;1;0,0;7696
2017-12-11 00:00:00.000;238,0;8080;;0,0;7697
2017-12-11 00:00:00.000;242,0;8080;1;0,0;7698
2017-12-11 00:00:00.000;218,0;8080;4;0,0;7699
2017-12-11 00:00:00.000;140,0;8080;4;0,0;7700
2017-12-11 00:00:00.000;177,0;8080;;0,0;7701
2017-12-11 00:00:00.000;292,0;8080;1;0,0;7702
2017-12-11 00:00:00.000;120,0;8080;3;0,0;7703
2017-12-11 00:00:00.000;302,0;8080;4;0,0;7704
2017-12-11 00:00:00.000;276,0;8080;4;0,0;7705
2017-12-11 00:00:00.000;279,0;8080;4;0,0;7706
2017-12-11 00:00:00.000;287,0;8080;3;0,0;7707
2017-12-11 00:00:00.000;144,0;8080;;0,0;7708
2017-12-11 00:00:00.000;136,0;8080;3;0,0;7709
2017-12-11 00:00:00.000;232,0;8080;1;0,0;7710
2017-12-11 00:00:00.000;232,0;8080;4;0,0;7711
2017-12-11 00:00:00.000;229,0;8080;1;0,0;7712
2017-12-11 00:00:00.000;303,0;8080;3;0,0;7713
2017-12-11 00:00:00.000;248,0;8080;4;0,0;7714
2017-12-11 00:00:00.000;278,0;8080;4;0,0;7715
2017-12-11 00:00:00.000;123,0;8080;4;0,0;7716
2017-12-11 00:00:00.000;308,0;8080;1;0,0;7717
2017-12-11 00:00:00.000;122,0;8080;;0,0;7718
2017-12-11 00:00:00.000;263,0;8080;1;0,0;7719
2017-12-11 00:00:00.000;187,0;8080;1;0,0;7720
2017-12-11 00:00:00.000;173,0;8080;4;0,0;7721
2017-12-11 00:00:00.000;261,0;8080;4;0,0;7722
2017-12-11 00:00:00.000;260,0;8080;4;0,0;7723
2017-12-11 00:00:00.000;143,0;8080;4;0,0;7724
2017-12-11 00:00:00.000;164,0;8080;1;0,0;7725
2017-12-11 00:00:00.000;247,0;8080;1;0,0;7726
2017-12-11 00:00:00.000;173,0;8080;4;0,0;7727
2017-12-11 00:00:00.000;243,0;8080;1;0,0;7728
2017-12-11 00:00:00.000;234,0;8080;1;0,0;7729
2017-12-11 00:00:00.000;231,0;8080;1;0,0;7730
2017-12-11 00:00:00.000;114,0;8080;1;0,0;7731
2017-12-11 00:00:00.000;206,0;8080;4;0,0;7732
2017-12-11 00:00:00.000;205,0;8080;1;0,0;7733
2017-12-11 00:00:00.000;277,0;8080;4;0,0;7734
2017-12-11 00:00:00.000;176,0;8080;4;0,0;7735
2017-12-11 00:00:00.000;142,0;8080;1;0,0;7736
2017-12-11 00:00:00.000;293,0;8080;1;0,0;7737
2017-12-11 00:00:00.000;227,0;8080;1;0,0;7738
2017-12-11 00:00:00.000;216,0;8080;1;0,0;7739
2017-12-11 00:00:00.000;235,0;8080;1;0,0;7740
2017-12-11 00:00:00.000;162,0;8080;4;0,0;7741
2017-12-11 00:00:00.000;181,0;8080;1;0,0;7742
2017-12-11 00:00:00.000;300,0;8080;3;0,0;7743
2017-12-11 00:00:00.000;148,0;8080;1;0,0;7744
2017-12-11 00:00:00.000;269,0;8080;4;0,0;7745
2017-12-11 00:00:00.000;117,0;8080;3;0,0;7746
2017-12-11 00:00:00.000;197,0;8080;4;0,0;7747
2017-12-11 00:00:00.000;251,0;8080;1;0,0;7748
2017-12-11 00:00:00.000;254,0;8080;4;0,0;7749
2017-12-11 00:00:00.000;192,0;8080;;0,0;7750
2017-12-11 00:00:00.000;121,0;8080;1;0,0;7751
2017-12-11 00:00:00.000;282,0;8080;4;0,0;7752
2017-12-11 00:00:00.000;204,0;8080;1;0,0;7753
2017-12-11 00:00:00.000;133,0;8080;;0,0;7754
2017-12-11 00:00:00.000;273,0;8080;4;0,0;7755
2017-12-11 00:00:00.000;125,0;8080;1;0,0;7756
2017-12-11 00:00:00.000;191,0;8080;;0,0;7757
2017-01-12 00:00:00.000;301,0;UGB ;4;0,0;7758
2017-01-12 00:00:00.000;225,0;UGB ;4;0,0;7759
2017-01-12 00:00:00.000;146,0;UGB ;1;0,0;7760
2017-01-12 00:00:00.000;121,0;UGB ;;0,0;7761
2017-01-12 00:00:00.000;216,0;UGB ;;0,0;7762
2017-01-12 00:00:00.000;304,0;UGB ;1;0,0;7763
2017-01-12 00:00:00.000;134,0;UGB ;1;0,0;7764
2017-01-12 00:00:00.000;142,0;UGB ;;0,0;7765
2017-01-12 00:00:00.000;155,0;UGB ;;0,0;7766
2017-01-12 00:00:00.000;256,0;UGB ;3;0,0;7767
2017-01-12 00:00:00.000;177,0;UGB ;;0,0;7768
2017-01-12 00:00:00.000;189,0;UGB ;4;0,0;7769
2017-01-12 00:00:00.000;192,0;UGB ;1;0,0;7770
2017-01-12 00:00:00.000;253,0;UGB ;4;0,0;7771
2017-01-12 00:00:00.000;262,0;UGB ;;0,0;7772
2017-01-12 00:00:00.000;249,0;UGB ;4;0,0;7773
2017-02-12 00:00:00.000;213,0;UGB ;4;0,0;7774
2017-02-12 00:00:00.000;283,0;UGB ;4;0,0;7775
2017-02-12 00:00:00.000;220,0;UGB ;3;0,0;7776
2017-02-12 00:00:00.000;113,0;UGB ;4;0,0;7777
2017-02-12 00:00:00.000;189,0;UGB ;4;0,0;7778
2017-02-12 00:00:00.000;204,0;UGB ;1;0,0;7779
2017-02-12 00:00:00.000;243,0;UGB ;4;0,0;7780
2017-02-12 00:00:00.000;232,0;UGB ;;0,0;7781
2017-02-12 00:00:00.000;268,0;UGB ;3;0,0;7782
2017-02-12 00:00:00.000;251,0;UGB ;4;0,0;7783
2017-02-12 00:00:00.000;164,0;UGB ;4;0,0;7784
2017-02-12 00:00:00.000;207,0;UGB ;1;0,0;7785
2017-02-12 00:00:00.000;233,0;UGB ;3;0,0;7786
2017-02-12 00:00:00.000;265,0;UGB ;;0,0;7787
2017-02-12 00:00:00.000;243,0;UGB ;1;0,0;7788
2017-02-12 00:00:00.000;161,0;UGB ;;0,0;7789
2017-03-12 00:00:00.000;192,0;UGB ;1;0,0;7790
2017-03-12 00:00:00.000;143,0;UGB ;1;0,0;7791
2017-03-12 00:00:00.000;165,0;UGB ;3;0,0;7792
2017-03-12 00:00:00.000;121,0;UGB ;1;0,0;7793
2017-03-12 00:00:00.000;127,0;UGB ;3;0,0;7794
2017-03-12 00:00:00.000;184,0;UGB ;1;0,0;7795
2017-03-12 00:00:00.000;201,0;UGB ;4;0,0;7796
2017-03-12 00:00:00.000;220,0;UGB ;3;0,0;7797
2017-03-12 00:00:00.000;267,0;UGB ;3;0,0;7798
2017-03-12 00:00:00.000;181,0;UGB ;4;0,0;7799
2017-03-12 00:00:00.000;154,0;UGB ;3;0,0;7800
2017-03-12 00:00:00.000;264,0;UGB ;;0,0;7801
2017-03-12 00:00:00.000;243,0;UGB ;;0,0;7802
2017-04-12 00:00:00.000;195,0;WAO ;1;0,0;7803
2017-04-12 00:00:00.000;264,0;WAO ;3;0,0;7804
2017-04-12 00:00:00.000;223,0;WAO ;1;0,0;7805
2017-04-12 00:00:00.000;229,0;WAO ;3;0,0;7806
2017-04-12 00:00:00.000;205,0;WAO ;;0,0;7807
2017-04-12 00:00:00.000;235,0;WAO ;1;0,0;7808
2017-04-12 00:00:00.000;294,0;WAO ;3;0,0;7809
2017-04-12 00:00:00.000;115,0;WAO ;3;0,0;7810
2017-04-12 00:00:00.000;153,0;WAO ;4;0,0;7811
2017-04-12 00:00:00.000;143,0;WAO ;3;0,0;7812
2017-04-12 00:00:00.000;196,0;WAO ;3;0,0;7813
2017-04-12 00:00:00.000;138,0;WAO ;1;0,0;7814
2017-04-12 00:00:00.000;254,0;WAO ;4;0,0;7815
2017-04-12 00:00:00.000;174,0;WAO ;4;0,0;7816
2017-04-12 00:00:00.000;114,0;WAO ;4;0,0;7817
2017-04-12 00:00:00.000;182,0;WAO ;3;0,0;7818
2017-04-12 00:00:00.000;171,0;WAO ;4;0,0;7819
2017-04-12 00:00:00.000;137,0;WAO ;;0,0;7820
2017-04-12 00:00:00.000;144,0;WAO ;;0,0;7821
2017-04-12 00:00:00.000;242,0;WAO ;1;0,0;7822
2017-11-12 00:00:00.000;298,0;8080;4;0,0;7823
2017-11-12 00:00:00.000;197,0;8080;;0,0;7824
2017-11-12 00:00:00.000;173,0;8080;1;0,0;7825
2017-11-12 00:00:00.000;177,0;8080;;0,0;7826
2017-11-12 00:00:00.000;155,0;8080;3;0,0;7827
2017-11-12 00:00:00.000;126,0;8080;1;0,0;7828
2017-11-12 00:00:00.000;117,0;8080;1;0,0;7829
2017-11-12 00:00:00.000;272,0;8080;;0,0;7830
2017-11-12 00:00:00.000;125,0;8080;1;0,0;7831
2017-11-12 00:00:00.000;210,0;8080;4;0,0;7832
2017-11-12 00:00:00.000;239,0;8080;1;0,0;7833
2017-11-12 00:00:00.000;261,0;8080;1;0,0;7834
2017-11-12 00:00:00.000;257,0;8080;1;0,0;7835
2017-11-12 00:00:00.000;265,0;8080;4;0,0;7836
2017-11-12 00:00:00.000;111,0;8080;;0,0;7837
2017-11-12 00:00:00.000;269,0;8080;1;0,0;7838
2017-11-12 00:00:00.000;207,0;8080;;0,0;7839
2017-11-12 00:00:00.000;147,0;8080;;0,0;7840
2017-11-12 00:00:00.000;247,0;8080;;0,0;7841
2017-11-12 00:00:00.000;286,0;8080;;0,0;7842
2017-11-12 00:00:00.000;225,0;8080;3;0,0;7843
2017-11-12 00:00:00.000;196,0;8080;;0,0;7844
2017-11-12 00:00:00.000;158,0;8080;;0,0;7845
2017-11-12 00:00:00.000;236,0;8080;1;0,0;7846
2017-11-12 00:00:00.000;174,0;8080;1;0,0;7847
2017-11-12 00:00:00.000;309,0;8080;;0,0;7848
2017-11-12 00:00:00.000;216,0;8080;;0,0;7849
2017-12-12 00:00:00.000;255,0;8080;4;0,0;7850
2017-12-12 00:00:00.000;216,0;8080;4;0,0;7851
2017-12-12 00:00:00.000;293,0;8080;1;0,0;7852
2017-12-12 00:00:00.000;269,0;8080;3;0,0;7853
2017-12-12 00:00:00.000;151,0;8080;4;0,0;7854
2017-12-12 00:00:00.000;242,0;8080;4;0,0;7855
2017-12-12 00:00:00.000;246,0;8080;3;0,0;7856
2017-12-12 00:00:00.000;225,0;8080;1;0,0;7857
2017-12-12 00:00:00.000;283,0;8080;1;0,0;7858
2017-12-12 00:00:00.000;220,0;8080;1;0,0;7859
2017-12-12 00:00:00.000;224,0;8080;;0,0;7860
2017-12-12 00:00:00.000;206,0;8080;3;0,0;7861
2017-12-12 00:00:00.000;201,0;8080;4;0,0;7862
2017-12-12 00:00:00.000;275,0;8080;1;0,0;7863
2017-12-12 00:00:00.000;189,0;8080;4;0,0;7864
2017-12-12 00:00:00.000;172,0;8080;4;0,0;7865
2017-12-12 00:00:00.000;192,0;8080;3;0,0;7866
2017-12-12 00:00:00.000;209,0;8080;4;0,0;7867
2017-12-12 00:00:00.000;220,0;8080;;0,0;7868
2017-12-12 00:00:00.000;114,0;8080;4;0,0;7869
2017-12-12 00:00:00.000;290,0;8080;1;0,0;7870
2017-12-12 00:00:00.000;211,0;8080;1;0,0;7871
2017-12-12 00:00:00.000;196,0;8080;;0,0;7872
2017-12-12 00:00:00.000;148,0;8080;4;0,0;7873
2017-12-12 00:00:00.000;149,0;8080;4;0,0;7874
2017-12-12 00:00:00.000;121,0;8080;1;0,0;7875
2017-12-12 00:00:00.000;232,0;8080;3;0,0;7876
2017-12-12 00:00:00.000;169,0;8080;1;0,0;7877
2017-12-12 00:00:00.000;276,0;8080;1;0,0;7878
2017-12-12 00:00:00.000;143,0;8080;4;0,0;7879
2017-12-12 00:00:00.000;163,0;8080;;0,0;7880
2017-12-12 00:00:00.000;267,0;8080;1;0,0;7881
2017-12-12 00:00:00.000;166,0;8080;3;0,0;7882
2017-12-12 00:00:00.000;232,0;8080;4;0,0;7883
2017-12-12 00:00:00.000;133,0;8080;3;0,0;7884
2017-12-12 00:00:00.000;130,0;8080;1;0,0;7885
2017-12-12 00:00:00.000;257,0;8080;4;0,0;7886
2017-12-12 00:00:00.000;118,0;8080;1;0,0;7887
2017-12-12 00:00:00.000;146,0;8080;1;0,0;7888
2017-12-12 00:00:00.000;242,0;8080;1;0,0;7889
2017-12-12 00:00:00.000;157,0;8080;4;0,0;7890
2017-12-12 00:00:00.000;312,0;8080;1;0,0;7891
2017-12-12 00:00:00.000;198,0;8080;1;0,0;7892
2017-12-12 00:00:00.000;310,0;8080;4;0,0;7893
2017-12-12 00:00:00.000;163,0;8080;4;0,0;7894
2017-12-12 00:00:00.000;212,0;8080;;0,0;7895
2017-12-12 00:00:00.000;224,0;8080;4;0,0;7896
2017-12-12 00:00:00.000;192,0;8080;4;0,0;7897
2017-12-12 00:00:00.000;145,0;8080;1;0,0;7898
2017-12-12 00:00:00.000;253,0;8080;1;0,0;7899
2017-12-12 00:00:00.000;287,0;8080;3;0,0;7900
2017-12-12 00:00:00.000;224,0;8080;4;0,0;7901
2017-12-12 00:00:00.000;312,0;8080;3;0,0;7902
2017-12-12 00:00:00.000;130,0;8080;4;0,0;7903
2017-12-12 00:00:00.000;299,0;8080;1;0,0;7904
2017-12-12 00:00:00.000;133,0;8080;4;0,0;7905
2017-12-12 00:00:00.000;223,0;8080;1;0,0;7906
2017-12-12 00:00:00.000;115,0;8080;4;0,0;7907
2017-12-12 00:00:00.000;303,0;8080;1;0,0;7908
2017-12-12 00:00:00.000;132,0;8080;1;0,0;7909
2017-12-12 00:00:00.000;119,0;8080;4;0,0;7910
2017-12-12 00:00:00.000;162,0;8080;1;0,0;7911
2017-12-12 00:00:00.000;273,0;8080;1;0,0;7912
2017-12-12 00:00:00.000;274,0;8080;4;0,0;7913
2017-12-12 00:00:00.000;123,0;8080;1;0,0;7914
2017-12-12 00:00:00.000;275,0;8080;1;0,0;7915
2017-12-12 00:00:00.000;137,0;8080;4;0,0;7916
2017-12-12 00:00:00.000;179,0;8080;4;0,0;7917
2017-12-12 00:00:00.000;116,0;8080;4;0,0;7918
2017-12-12 00:00:00.000;260,0;8080;4;0,0;7919
2017-12-12 00:00:00.000;199,0;8080;;0,0;7920
2017-01-13 00:00:00.000;310,0;UGB ;;0,0;7921
2017-01-13 00:00:00.000;204,0;UGB ;;0,0;7922
2017-01-13 00:00:00.000;214,0;UGB ;4;0,0;7923
2017-01-13 00:00:00.000;272,0;UGB ;3;0,0;7924
2017-01-13 00:00:00.000;273,0;UGB ;4;0,0;7925
2017-01-13 00:00:00.000;155,0;UGB ;;0,0;7926
2017-01-13 00:00:00.000;256,0;UGB ;4;0,0;7927
2017-01-13 00:00:00.000;164,0;UGB ;4;0,0;7928
2017-01-13 00:00:00.000;163,0;UGB ;1;0,0;7929
2017-01-13 00:00:00.000;270,0;UGB ;1;0,0;7930
2017-01-13 00:00:00.000;277,0;UGB ;4;0,0;7931
2017-01-13 00:00:00.000;169,0;UGB ;3;0,0;7932
2017-01-13 00:00:00.000;287,0;UGB ;1;0,0;7933
2017-01-13 00:00:00.000;217,0;UGB ;1;0,0;7934
2017-01-13 00:00:00.000;230,0;UGB ;4;0,0;7935
2017-01-13 00:00:00.000;133,0;UGB ;;0,0;7936
2017-01-13 00:00:00.000;199,0;UGB ;1;0,0;7937
2017-01-13 00:00:00.000;111,0;UGB ;;0,0;7938
2017-01-13 00:00:00.000;277,0;UGB ;;0,0;7939
2017-01-13 00:00:00.000;234,0;UGB ;;0,0;7940
2017-01-13 00:00:00.000;278,0;UGB ;;0,0;7941
2017-01-13 00:00:00.000;218,0;UGB ;;0,0;7942
2017-02-13 00:00:00.000;175,0;UGB ;4;0,0;7943
2017-02-13 00:00:00.000;114,0;UGB ;1;0,0;7944
2017-02-13 00:00:00.000;172,0;UGB ;4;0,0;7945
2017-02-13 00:00:00.000;136,0;UGB ;3;0,0;7946
2017-02-13 00:00:00.000;164,0;UGB ;1;0,0;7947
2017-02-13 00:00:00.000;225,0;UGB ;4;0,0;7948
2017-02-13 00:00:00.000;113,0;UGB ;4;0,0;7949
2017-02-13 00:00:00.000;249,0;UGB ;4;0,0;7950
2017-02-13 00:00:00.000;201,0;UGB ;1;0,0;7951
2017-02-13 00:00:00.000;272,0;UGB ;;0,0;7952
2017-02-13 00:00:00.000;194,0;UGB ;1;0,0;7953
2017-02-13 00:00:00.000;269,0;UGB ;1;0,0;7954
2017-02-13 00:00:00.000;253,0;UGB ;;0,0;7955
2017-02-13 00:00:00.000;206,0;UGB ;;0,0;7956
2017-02-13 00:00:00.000;168,0;UGB ;1;0,0;7957
2017-02-13 00:00:00.000;306,0;UGB ;4;0,0;7958
2017-02-13 00:00:00.000;262,0;UGB ;;0,0;7959
2017-02-13 00:00:00.000;113,0;UGB ;4;0,0;7960
2017-03-13 00:00:00.000;242,0;UGB ;;0,0;7961
2017-03-13 00:00:00.000;225,0;UGB ;3;0,0;7962
2017-03-13 00:00:00.000;120,0;UGB ;;0,0;7963
2017-03-13 00:00:00.000;236,0;UGB ;;0,0;7964
2017-03-13 00:00:00.000;212,0;UGB ;4;0,0;7965
2017-03-13 00:00:00.000;116,0;UGB ;3;0,0;7966
2017-03-13 00:00:00.000;178,0;UGB ;4;0,0;7967
2017-03-13 00:00:00.000;303,0;UGB ;3;0,0;7968
2017-03-13 00:00:00.000;233,0;UGB ;1;0,0;7969
2017-03-13 00:00:00.000;208,0;UGB ;1;0,0;7970
2017-03-13 00:00:00.000;247,0;UGB ;4;0,0;7971
2017-03-13 00:00:00.000;189,0;UGB ;3;0,0;7972
2017-03-13 00:00:00.000;292,0;UGB ;3;0,0;7973
2017-03-13 00:00:00.000;154,0;UGB ;;0,0;7974
2017-03-13 00:00:00.000;240,0;UGB ;4;0,0;7975
2017-03-13 00:00:00.000;299,0;UGB ;;0,0;7976
2017-04-13 00:00:00.000;164,0;WAO ;4;0,0;7977
2017-04-13 00:00:00.000;251,0;WAO ;3;0,0;7978
2017-04-13 00:00:00.000;227,0;WAO ;4;0,0;7979
2017-04-13 00:00:00.000;221,0;WAO ;4;0,0;7980
2017-04-13 00:00:00.000;131,0;WAO ;1;0,0;7981
2017-04-13 00:00:00.000;255,0;WAO ;4;0,0;7982
2017-04-13 00:00:00.000;281,0;WAO ;4;0,0;7983
2017-04-13 00:00:00.000;235,0;WAO ;4;0,0;7984
2017-04-13 00:00:00.000;244,0;WAO ;4;0,0;7985
2017-04-13 00:00:00.000;172,0;WAO ;1;0,0;7986
2017-04-13 00:00:00.000;207,0;WAO ;3;0,0;7987
2017-04-13 00:00:00.000;297,0;WAO ;1;0,0;7988
2017-04-13 00:00:00.000;257,0;WAO ;4;0,0;7989
2017-04-13 00:00:00.000;289,0;WAO ;1;0,0;7990
2017-04-13 00:00:00.000;185,0;WAO ;3;0,0;7991
2017-04-13 00:00:00.000;241,0;WAO ;3;0,0;7992
2017-04-13 00:00:00.000;168,0;WAO ;1;0,0;7993
2017-04-13 00:00:00.000;123,0;WAO ;;0,0;7994
2017-04-13 00:00:00.000;148,0;WAO ;;0,0;7995
2017-11-13 00:00:00.000;176,0;8080;3;0,0;7996
2017-11-13 00:00:00.000;256,0;8080;1;0,0;7997
2017-11-13 00:00:00.000;185,0;8080;3;0,0;7998
2017-11-13 00:00:00.000;241,0;8080;;0,0;7999
2017-11-13 00:00:00.000;178,0;8080;3;0,0;8000
2017-11-13 00:00:00.000;219,0;8080;;0,0;8001
2017-11-13 00:00:00.000;165,0;8080;1;0,0;8002
2017-11-13 00:00:00.000;157,0;8080;1;0,0;8003
2017-11-13 00:00:00.000;183,0;8080;;0,0;8004
2017-11-13 00:00:00.000;176,0;8080;3;0,0;8005
2017-11-13 00:00:00.000;166,0;8080;;0,0;8006
2017-11-13 00:00:00.000;226,0;8080;3;0,0;8007
2017-12-13 00:00:00.000;258,0;8080;1;0,0;8008
2017-12-13 00:00:00.000;170,0;8080;1;0,0;8009
2017-12-13 00:00:00.000;253,0;8080;1;0,0;8010
2017-12-13 00:00:00.000;206,0;8080;4;0,0;8011
2017-12-13 00:00:00.000;135,0;8080;4;0,0;8012
2017-12-13 00:00:00.000;226,0;8080;4;0,0;8013
2017-12-13 00:00:00.000;183,0;8080;1;0,0;8014
2017-12-13 00:00:00.000;306,0;8080;;0,0;8015
2017-12-13 00:00:00.000;158,0;8080;4;0,0;8016
2017-12-13 00:00:00.000;221,0;8080;3;0,0;8017
2017-12-13 00:00:00.000;239,0;8080;1;0,0;8018
2017-12-13 00:00:00.000;156,0;8080;4;0,0;8019
2017-12-13 00:00:00.000;134,0;8080;1;0,0;8020
2017-12-13 00:00:00.000;255,0;8080;3;0,0;8021
2017-12-13 00:00:00.000;180,0;8080;4;0,0;8022
2017-12-13 00:00:00.000;186,0;8080;4;0,0;8023
2017-12-13 00:00:00.000;172,0;8080;1;0,0;8024
2017-12-13 00:00:00.000;287,0;8080;3;0,0;8025
2017-12-13 00:00:00.000;224,0;8080;3;0,0;8026
2017-12-13 00:00:00.000;142,0;8080;1;0,0;8027
2017-12-13 00:00:00.000;266,0;8080;3;0,0;8028
2017-12-13 00:00:00.000;298,0;8080;4;0,0;8029
2017-12-13 00:00:00.000;263,0;8080;1;0,0;8030
2017-12-13 00:00:00.000;135,0;8080;3;0,0;8031
2017-12-13 00:00:00.000;294,0;8080;4;0,0;8032
2017-12-13 00:00:00.000;138,0;8080;4;0,0;8033
2017-12-13 00:00:00.000;153,0;8080;3;0,0;8034
2017-12-13 00:00:00.000;181,0;8080;1;0,0;8035
2017-12-13 00:00:00.000;134,0;8080;;0,0;8036
2017-12-13 00:00:00.000;171,0;8080;4;0,0;8037
2017-12-13 00:00:00.000;166,0;8080;1;0,0;8038
2017-12-13 00:00:00.000;257,0;8080;4;0,0;8039
2017-12-13 00:00:00.000;145,0;8080;;0,0;8040
2017-12-13 00:00:00.000;197,0;8080;3;0,0;8041
2017-12-13 00:00:00.000;113,0;8080;4;0,0;8042
2017-12-13 00:00:00.000;216,0;8080;1;0,0;8043
2017-12-13 00:00:00.000;164,0;8080;3;0,0;8044
2017-12-13 00:00:00.000;302,0;8080;4;0,0;8045
2017-12-13 00:00:00.000;243,0;8080;4;0,0;8046
2017-12-13 00:00:00.000;289,0;8080;1;0,0;8047
2017-12-13 00:00:00.000;251,0;8080;1;0,0;8048
2017-12-13 00:00:00.000;211,0;8080;1;0,0;8049
2017-12-13 00:00:00.000;130,0;8080;1;0,0;8050
2017-12-13 00:00:00.000;128,0;8080;4;0,0;8051
2017-12-13 00:00:00.000;263,0;8080;1;0,0;8052
2017-12-13 00:00:00.000;300,0;8080;;0,0;8053
2017-12-13 00:00:00.000;203,0;8080;1;0,0;8054
2017-12-13 00:00:00.000;190,0;8080;3;0,0;8055
2017-12-13 00:00:00.000;265,0;8080;3;0,0;8056
2017-12-13 00:00:00.000;310,0;8080;3;0,0;8057
2017-12-13 00:00:00.000;195,0;8080;3;0,0;8058
2017-12-13 00:00:00.000;303,0;8080;3;0,0;8059
2017-12-13 00:00:00.000;115,0;8080;4;0,0;8060
2017-12-13 00:00:00.000;114,0;8080;4;0,0;8061
2017-12-13 00:00:00.000;134,0;8080;3;0,0;8062
2017-12-13 00:00:00.000;124,0;8080;1;0,0;8063
2017-12-13 00:00:00.000;147,0;8080;4;0,0;8064
2017-12-13 00:00:00.000;130,0;8080;1;0,0;8065
2017-12-13 00:00:00.000;119,0;8080;3;0,0;8066
2017-12-13 00:00:00.000;256,0;8080;3;0,0;8067
2017-12-13 00:00:00.000;252,0;8080;3;0,0;8068
2017-12-13 00:00:00.000;120,0;8080;3;0,0;8069
2017-12-13 00:00:00.000;269,0;8080;4;0,0;8070
2017-12-13 00:00:00.000;144,0;8080;1;0,0;8071
2017-12-13 00:00:00.000;129,0;8080;1;0,0;8072
2017-12-13 00:00:00.000;180,0;8080;;0,0;8073
2017-12-13 00:00:00.000;170,0;8080;3;0,0;8074
2017-12-13 00:00:00.000;132,0;8080;1;0,0;8075
2017-12-13 00:00:00.000;293,0;8080;1;0,0;8076
2017-12-13 00:00:00.000;248,0;8080;3;0,0;8077
2017-12-13 00:00:00.000;203,0;8080;1;0,0;8078
2017-12-13 00:00:00.000;255,0;8080;3;0,0;8079
2017-12-13 00:00:00.000;116,0;8080;1;0,0;8080
2017-12-13 00:00:00.000;272,0;8080;4;0,0;8081
2017-12-13 00:00:00.000;301,0;8080;4;0,0;8082
2017-12-13 00:00:00.000;157,0;8080;;0,0;8083
2017-12-13 00:00:00.000;261,0;8080;4;0,0;8084
2017-12-13 00:00:00.000;181,0;8080;4;0,0;8085
2017-12-13 00:00:00.000;261,0;8080;4;0,0;8086
2017-12-13 00:00:00.000;309,0;8080;4;0,0;8087
2017-12-13 00:00:00.000;230,0;8080;3;0,0;8088
2017-12-13 00:00:00.000;207,0;8080;3;0,0;8089
2017-12-13 00:00:00.000;138,0;8080;1;0,0;8090
2017-12-13 00:00:00.000;311,0;8080;1;0,0;8091
2017-12-13 00:00:00.000;309,0;8080;4;0,0;8092
2017-12-13 00:00:00.000;193,0;8080;4;0,0;8093
2017-12-13 00:00:00.000;239,0;8080;4;0,0;8094
2017-12-13 00:00:00.000;162,0;8080;3;0,0;8095
2017-12-13 00:00:00.000;259,0;8080;4;0,0;8096
2017-12-13 00:00:00.000;136,0;8080;4;0,0;8097
2017-12-13 00:00:00.000;226,0;8080;;0,0;8098
2017-12-13 00:00:00.000;155,0;8080;;0,0;8099
2017-12-13 00:00:00.000;222,0;8080;3;0,0;8100
2017-12-13 00:00:00.000;293,0;8080;4;0,0;8101
2017-12-13 00:00:00.000;267,0;8080;1;0,0;8102
2017-12-13 00:00:00.000;125,0;8080;4;0,0;8103
2017-12-13 00:00:00.000;182,0;8080;4;0,0;8104
2017-12-13 00:00:00.000;131,0;8080;;0,0;8105
2017-12-13 00:00:00.000;237,0;8080;1;0,0;8106
2017-01-14 00:00:00.000;260,0;UGB ;3;0,0;8107
2017-01-14 00:00:00.000;119,0;UGB ;;0,0;8108
2017-01-14 00:00:00.000;274,0;UGB ;;0,0;8109
2017-01-14 00:00:00.000;165,0;UGB ;3;0,0;8110
2017-01-14 00:00:00.000;176,0;UGB ;3;0,0;8111
2017-01-14 00:00:00.000;284,0;UGB ;1;0,0;8112
2017-01-14 00:00:00.000;153,0;UGB ;4;0,0;8113
2017-01-14 00:00:00.000;157,0;UGB ;4;0,0;8114
2017-01-14 00:00:00.000;243,0;UGB ;3;0,0;8115
2017-01-14 00:00:00.000;265,0;UGB ;1;0,0;8116
2017-01-14 00:00:00.000;261,0;UGB ;;0,0;8117
2017-01-14 00:00:00.000;148,0;UGB ;1;0,0;8118
2017-01-14 00:00:00.000;242,0;UGB ;1;0,0;8119
2017-01-14 00:00:00.000;274,0;UGB ;;0,0;8120
2017-01-14 00:00:00.000;266,0;UGB ;4;0,0;8121
2017-01-14 00:00:00.000;256,0;UGB ;3;0,0;8122
2017-01-14 00:00:00.000;220,0;UGB ;1;0,0;8123
2017-01-14 00:00:00.000;146,0;UGB ;3;0,0;8124
2017-01-14 00:00:00.000;293,0;UGB ;3;0,0;8125
2017-01-14 00:00:00.000;260,0;UGB ;;0,0;8126
2017-01-14 00:00:00.000;297,0;UGB ;3;0,0;8127
2017-01-14 00:00:00.000;299,0;UGB ;1;0,0;8128
2017-01-14 00:00:00.000;243,0;UGB ;4;0,0;8129
2017-01-14 00:00:00.000;289,0;UGB ;4;0,0;8130
2017-01-14 00:00:00.000;198,0;UGB ;4;0,0;8131
2017-01-14 00:00:00.000;130,0;UGB ;4;0,0;8132
2017-01-14 00:00:00.000;217,0;UGB ;3;0,0;8133
2017-01-14 00:00:00.000;287,0;UGB ;1;0,0;8134
2017-01-14 00:00:00.000;286,0;UGB ;4;0,0;8135
2017-01-14 00:00:00.000;212,0;UGB ;3;0,0;8136
2017-01-14 00:00:00.000;198,0;UGB ;3;0,0;8137
2017-01-14 00:00:00.000;267,0;UGB ;;0,0;8138
2017-01-14 00:00:00.000;257,0;UGB ;3;0,0;8139
2017-02-14 00:00:00.000;240,0;UGB ;1;0,0;8140
2017-02-14 00:00:00.000;127,0;UGB ;3;0,0;8141
2017-02-14 00:00:00.000;132,0;UGB ;1;0,0;8142
2017-02-14 00:00:00.000;310,0;UGB ;4;0,0;8143
2017-02-14 00:00:00.000;150,0;UGB ;4;0,0;8144
2017-02-14 00:00:00.000;252,0;UGB ;3;0,0;8145
2017-02-14 00:00:00.000;310,0;UGB ;1;0,0;8146
2017-02-14 00:00:00.000;284,0;UGB ;3;0,0;8147
2017-02-14 00:00:00.000;125,0;UGB ;1;0,0;8148
2017-02-14 00:00:00.000;237,0;UGB ;1;0,0;8149
2017-02-14 00:00:00.000;193,0;UGB ;4;0,0;8150
2017-02-14 00:00:00.000;121,0;UGB ;4;0,0;8151
2017-02-14 00:00:00.000;182,0;UGB ;1;0,0;8152
2017-02-14 00:00:00.000;283,0;UGB ;1;0,0;8153
2017-02-14 00:00:00.000;194,0;UGB ;4;0,0;8154
2017-02-14 00:00:00.000;253,0;UGB ;4;0,0;8155
2017-02-14 00:00:00.000;304,0;UGB ;4;0,0;8156
2017-02-14 00:00:00.000;277,0;UGB ;3;0,0;8157
2017-02-14 00:00:00.000;289,0;UGB ;3;0,0;8158
2017-02-14 00:00:00.000;305,0;UGB ;4;0,0;8159
2017-02-14 00:00:00.000;285,0;UGB ;3;0,0;8160
2017-02-14 00:00:00.000;290,0;UGB ;3;0,0;8161
2017-02-14 00:00:00.000;126,0;UGB ;;0,0;8162
2017-02-14 00:00:00.000;205,0;UGB ;4;0,0;8163
2017-02-14 00:00:00.000;120,0;UGB ;4;0,0;8164
2017-02-14 00:00:00.000;310,0;UGB ;4;0,0;8165
2017-02-14 00:00:00.000;235,0;UGB ;4;0,0;8166
2017-03-14 00:00:00.000;262,0;UGB ;3;0,0;8167
2017-03-14 00:00:00.000;234,0;UGB ;1;0,0;8168
2017-03-14 00:00:00.000;217,0;UGB ;3;0,0;8169
2017-03-14 00:00:00.000;223,0;UGB ;1;0,0;8170
2017-03-14 00:00:00.000;292,0;UGB ;4;0,0;8171
2017-03-14 00:00:00.000;193,0;UGB ;1;0,0;8172
2017-03-14 00:00:00.000;148,0;UGB ;3;0,0;8173
2017-03-14 00:00:00.000;126,0;UGB ;1;0,0;8174
2017-03-14 00:00:00.000;168,0;UGB ;3;0,0;8175
2017-03-14 00:00:00.000;262,0;UGB ;1;0,0;8176
2017-03-14 00:00:00.000;287,0;UGB ;1;0,0;8177
2017-03-14 00:00:00.000;303,0;UGB ;4;0,0;8178
2017-03-14 00:00:00.000;289,0;UGB ;4;0,0;8179
2017-03-14 00:00:00.000;146,0;UGB ;4;0,0;8180
2017-03-14 00:00:00.000;211,0;UGB ;1;0,0;8181
2017-03-14 00:00:00.000;196,0;UGB ;;0,0;8182
2017-03-14 00:00:00.000;207,0;UGB ;1;0,0;8183
2017-04-14 00:00:00.000;256,0;WAO ;4;0,0;8184
2017-04-14 00:00:00.000;302,0;WAO ;4;0,0;8185
2017-04-14 00:00:00.000;260,0;WAO ;1;0,0;8186
2017-04-14 00:00:00.000;151,0;WAO ;3;0,0;8187
2017-04-14 00:00:00.000;310,0;WAO ;;0,0;8188
2017-04-14 00:00:00.000;187,0;WAO ;4;0,0;8189
2017-04-14 00:00:00.000;204,0;WAO ;1;0,0;8190
2017-04-14 00:00:00.000;250,0;WAO ;3;0,0;8191
2017-04-14 00:00:00.000;176,0;WAO ;1;0,0;8192
2017-04-14 00:00:00.000;280,0;WAO ;1;0,0;8193
2017-04-14 00:00:00.000;136,0;WAO ;4;0,0;8194
2017-04-14 00:00:00.000;187,0;WAO ;4;0,0;8195
2017-04-14 00:00:00.000;240,0;WAO ;1;0,0;8196
2017-04-14 00:00:00.000;152,0;WAO ;3;0,0;8197
2017-04-14 00:00:00.000;214,0;WAO ;1;0,0;8198
2017-04-14 00:00:00.000;246,0;WAO ;4;0,0;8199
2017-04-14 00:00:00.000;188,0;WAO ;1;0,0;8200
2017-04-14 00:00:00.000;257,0;WAO ;3;0,0;8201
2017-04-14 00:00:00.000;279,0;WAO ;4;0,0;8202
2017-04-14 00:00:00.000;254,0;WAO ;1;0,0;8203
2017-04-14 00:00:00.000;165,0;WAO ;3;0,0;8204
2017-11-14 00:00:00.000;249,0;8080;4;0,0;8205
2017-11-14 00:00:00.000;166,0;8080;4;0,0;8206
2017-11-14 00:00:00.000;295,0;8080;4;0,0;8207
2017-11-14 00:00:00.000;255,0;8080;1;0,0;8208
2017-11-14 00:00:00.000;289,0;8080;4;0,0;8209
2017-11-14 00:00:00.000;134,0;8080;4;0,0;8210
2017-11-14 00:00:00.000;173,0;8080;4;0,0;8211
2017-11-14 00:00:00.000;134,0;8080;1;0,0;8212
2017-11-14 00:00:00.000;300,0;8080;1;0,0;8213
2017-11-14 00:00:00.000;270,0;8080;1;0,0;8214
2017-11-14 00:00:00.000;188,0;8080;1;0,0;8215
2017-11-14 00:00:00.000;193,0;8080;1;0,0;8216
2017-11-14 00:00:00.000;225,0;8080;1;0,0;8217
2017-11-14 00:00:00.000;137,0;8080;3;0,0;8218
2017-11-14 00:00:00.000;285,0;8080;;0,0;8219
2017-11-14 00:00:00.000;176,0;8080;1;0,0;8220
2017-11-14 00:00:00.000;296,0;8080;;0,0;8221
2017-11-14 00:00:00.000;199,0;8080;3;0,0;8222
2017-11-14 00:00:00.000;294,0;8080;3;0,0;8223
2017-11-14 00:00:00.000;150,0;8080;;0,0;8224
2017-11-14 00:00:00.000;185,0;8080;3;0,0;8225
2017-12-14 00:00:00.000;117,0;8080;1;0,0;8226
2017-12-14 00:00:00.000;249,0;8080;1;0,0;8227
2017-12-14 00:00:00.000;301,0;8080;1;0,0;8228
2017-12-14 00:00:00.000;119,0;8080;3;0,0;8229
2017-12-14 00:00:00.000;188,0;8080;4;0,0;8230
2017-12-14 00:00:00.000;178,0;8080;1;0,0;8231
2017-12-14 00:00:00.000;206,0;8080;3;0,0;8232
2017-12-14 00:00:00.000;205,0;8080;3;0,0;8233
2017-12-14 00:00:00.000;300,0;8080;4;0,0;8234
2017-12-14 00:00:00.000;216,0;8080;4;0,0;8235
2017-12-14 00:00:00.000;271,0;8080;3;0,0;8236
2017-12-14 00:00:00.000;232,0;8080;4;0,0;8237
2017-12-14 00:00:00.000;245,0;8080;4;0,0;8238
2017-12-14 00:00:00.000;135,0;8080;1;0,0;8239
2017-12-14 00:00:00.000;260,0;8080;1;0,0;8240
2017-12-14 00:00:00.000;193,0;8080;1;0,0;8241
2017-12-14 00:00:00.000;255,0;8080;3;0,0;8242
2017-12-14 00:00:00.000;310,0;8080;3;0,0;8243
2017-12-14 00:00:00.000;120,0;8080;1;0,0;8244
2017-12-14 00:00:00.000;278,0;8080;3;0,0;8245
2017-12-14 00:00:00.000;151,0;8080;1;0,0;8246
2017-12-14 00:00:00.000;267,0;8080;4;0,0;8247
2017-12-14 00:00:00.000;156,0;8080;1;0,0;8248
2017-12-14 00:00:00.000;249,0;8080;3;0,0;8249
2017-12-14 00:00:00.000;172,0;8080;1;0,0;8250
2017-12-14 00:00:00.000;200,0;8080;1;0,0;8251
2017-12-14 00:00:00.000;140,0;8080;3;0,0;8252
2017-12-14 00:00:00.000;167,0;8080;4;0,0;8253
2017-12-14 00:00:00.000;190,0;8080;4;0,0;8254
2017-12-14 00:00:00.000;208,0;8080;;0,0;8255
2017-12-14 00:00:00.000;116,0;8080;4;0,0;8256
2017-12-14 00:00:00.000;136,0;8080;4;0,0;8257
2017-12-14 00:00:00.000;186,0;8080;1;0,0;8258
2017-12-14 00:00:00.000;256,0;8080;4;0,0;8259
2017-12-14 00:00:00.000;147,0;8080;4;0,0;8260
2017-12-14 00:00:00.000;197,0;8080;3;0,0;8261
2017-12-14 00:00:00.000;239,0;8080;3;0,0;8262
2017-12-14 00:00:00.000;291,0;8080;3;0,0;8263
2017-12-14 00:00:00.000;224,0;8080;4;0,0;8264
2017-12-14 00:00:00.000;276,0;8080;1;0,0;8265
2017-12-14 00:00:00.000;221,0;8080;1;0,0;8266
2017-12-14 00:00:00.000;132,0;8080;1;0,0;8267
2017-12-14 00:00:00.000;133,0;8080;1;0,0;8268
2017-12-14 00:00:00.000;187,0;8080;3;0,0;8269
2017-12-14 00:00:00.000;241,0;8080;1;0,0;8270
2017-12-14 00:00:00.000;146,0;8080;1;0,0;8271
2017-12-14 00:00:00.000;121,0;8080;3;0,0;8272
2017-12-14 00:00:00.000;190,0;8080;3;0,0;8273
2017-12-14 00:00:00.000;269,0;8080;1;0,0;8274
2017-12-14 00:00:00.000;312,0;8080;4;0,0;8275
2017-12-14 00:00:00.000;254,0;8080;1;0,0;8276
2017-12-14 00:00:00.000;177,0;8080;4;0,0;8277
2017-12-14 00:00:00.000;177,0;8080;3;0,0;8278
2017-12-14 00:00:00.000;312,0;8080;3;0,0;8279
2017-12-14 00:00:00.000;177,0;8080;3;0,0;8280
2017-12-14 00:00:00.000;275,0;8080;4;0,0;8281
2017-12-14 00:00:00.000;124,0;8080;;0,0;8282
2017-12-14 00:00:00.000;112,0;8080;3;0,0;8283
2017-12-14 00:00:00.000;290,0;8080;;0,0;8284
2017-12-14 00:00:00.000;252,0;8080;1;0,0;8285
2017-12-14 00:00:00.000;174,0;8080;4;0,0;8286
2017-12-14 00:00:00.000;156,0;8080;3;0,0;8287
2017-12-14 00:00:00.000;201,0;8080;1;0,0;8288
2017-12-14 00:00:00.000;283,0;8080;4;0,0;8289
2017-12-14 00:00:00.000;250,0;8080;1;0,0;8290
2017-12-14 00:00:00.000;172,0;8080;1;0,0;8291
2017-12-14 00:00:00.000;214,0;8080;1;0,0;8292
2017-12-14 00:00:00.000;218,0;8080;1;0,0;8293
2017-12-14 00:00:00.000;111,0;8080;;0,0;8294
2017-01-15 00:00:00.000;208,0;UGB ;4;0,0;8295
2017-01-15 00:00:00.000;291,0;UGB ;;0,0;8296
2017-01-15 00:00:00.000;121,0;UGB ;1;0,0;8297
2017-01-15 00:00:00.000;271,0;UGB ;;0,0;8298
2017-01-15 00:00:00.000;286,0;UGB ;1;0,0;8299
2017-01-15 00:00:00.000;139,0;UGB ;;0,0;8300
2017-01-15 00:00:00.000;310,0;UGB ;;0,0;8301
2017-01-15 00:00:00.000;203,0;UGB ;1;0,0;8302
2017-01-15 00:00:00.000;214,0;UGB ;1;0,0;8303
2017-01-15 00:00:00.000;125,0;UGB ;;0,0;8304
2017-01-15 00:00:00.000;136,0;UGB ;1;0,0;8305
2017-01-15 00:00:00.000;206,0;UGB ;3;0,0;8306
2017-02-15 00:00:00.000;206,0;UGB ;4;0,0;8307
2017-02-15 00:00:00.000;295,0;UGB ;1;0,0;8308
2017-02-15 00:00:00.000;153,0;UGB ;1;0,0;8309
2017-02-15 00:00:00.000;207,0;UGB ;4;0,0;8310
2017-02-15 00:00:00.000;117,0;UGB ;4;0,0;8311
2017-02-15 00:00:00.000;151,0;UGB ;3;0,0;8312
2017-02-15 00:00:00.000;172,0;UGB ;4;0,0;8313
2017-02-15 00:00:00.000;263,0;UGB ;3;0,0;8314
2017-02-15 00:00:00.000;247,0;UGB ;3;0,0;8315
2017-02-15 00:00:00.000;200,0;UGB ;4;0,0;8316
2017-02-15 00:00:00.000;180,0;UGB ;;0,0;8317
2017-02-15 00:00:00.000;257,0;UGB ;;0,0;8318
2017-02-15 00:00:00.000;227,0;UGB ;3;0,0;8319
2017-02-15 00:00:00.000;251,0;UGB ;;0,0;8320
2017-02-15 00:00:00.000;247,0;UGB ;;0,0;8321
2017-02-15 00:00:00.000;305,0;UGB ;1;0,0;8322
2017-02-15 00:00:00.000;300,0;UGB ;3;0,0;8323
2017-02-15 00:00:00.000;213,0;UGB ;1;0,0;8324
2017-02-15 00:00:00.000;199,0;UGB ;;0,0;8325
2017-02-15 00:00:00.000;122,0;UGB ;;0,0;8326
2017-02-15 00:00:00.000;176,0;UGB ;1;0,0;8327
2017-02-15 00:00:00.000;221,0;UGB ;4;0,0;8328
2017-03-15 00:00:00.000;120,0;UGB ;1;0,0;8329
2017-03-15 00:00:00.000;280,0;UGB ;3;0,0;8330
2017-03-15 00:00:00.000;267,0;UGB ;3;0,0;8331
2017-03-15 00:00:00.000;266,0;UGB ;4;0,0;8332
2017-03-15 00:00:00.000;206,0;UGB ;1;25,8;8333
2017-03-15 00:00:00.000;263,0;UGB ;1;0,0;8334
2017-03-15 00:00:00.000;178,0;UGB ;;0,0;8335
2017-03-15 00:00:00.000;266,0;UGB ;3;0,0;8336
2017-03-15 00:00:00.000;172,0;UGB ;3;0,0;8337
2017-03-15 00:00:00.000;269,0;UGB ;;0,0;8338
2017-03-15 00:00:00.000;159,0;UGB ;3;0,0;8339
2017-03-15 00:00:00.000;263,0;UGB ;;0,0;8340
2017-03-15 00:00:00.000;191,0;UGB ;;0,0;8341
2017-03-15 00:00:00.000;128,0;UGB ;1;0,0;8342
2017-03-15 00:00:00.000;288,0;UGB ;1;0,0;8343
2017-03-15 00:00:00.000;208,0;UGB ;4;0,0;8344
2017-03-15 00:00:00.000;281,0;UGB ;1;0,0;8345
2017-03-15 00:00:00.000;145,0;UGB ;4;0,0;8346
2017-03-15 00:00:00.000;112,0;UGB ;3;0,0;8347
2017-04-15 00:00:00.000;200,0;WAO ;1;0,0;8348
2017-04-15 00:00:00.000;139,0;WAO ;4;0,0;8349
2017-04-15 00:00:00.000;162,0;WAO ;;0,0;8350
2017-04-15 00:00:00.000;205,0;WAO ;1;0,0;8351
2017-04-15 00:00:00.000;207,0;WAO ;1;0,0;8352
2017-04-15 00:00:00.000;158,0;WAO ;3;0,0;8353
2017-04-15 00:00:00.000;287,0;WAO ;3;0,0;8354
2017-04-15 00:00:00.000;122,0;WAO ;3;0,0;8355
2017-04-15 00:00:00.000;264,0;WAO ;4;0,0;8356
2017-04-15 00:00:00.000;194,0;WAO ;3;0,0;8357
2017-04-15 00:00:00.000;113,0;WAO ;3;0,0;8358
2017-04-15 00:00:00.000;116,0;WAO ;4;0,0;8359
2017-04-15 00:00:00.000;270,0;WAO ;4;0,0;8360
2017-04-15 00:00:00.000;182,0;WAO ;4;0,0;8361
2017-04-15 00:00:00.000;230,0;WAO ;3;0,0;8362
2017-04-15 00:00:00.000;226,0;WAO ;;0,0;8363
2017-04-15 00:00:00.000;244,0;WAO ;4;0,0;8364
2017-04-15 00:00:00.000;303,0;WAO ;1;0,0;8365
2017-04-15 00:00:00.000;201,0;WAO ;4;0,0;8366
2017-04-15 00:00:00.000;147,0;WAO ;3;0,0;8367
2017-04-15 00:00:00.000;260,0;WAO ;;0,0;8368
2017-04-15 00:00:00.000;155,0;WAO ;;0,0;8369
2017-04-15 00:00:00.000;230,0;WAO ;;0,0;8370
2017-04-15 00:00:00.000;229,0;WAO ;3;0,0;8371
2017-04-15 00:00:00.000;161,0;WAO ;1;0,0;8372
2017-04-15 00:00:00.000;290,0;WAO ;1;0,0;8373
2017-04-15 00:00:00.000;268,0;WAO ;3;0,0;8374
2017-04-15 00:00:00.000;246,0;WAO ;1;0,0;8375
2017-04-15 00:00:00.000;251,0;WAO ;4;0,0;8376
2017-04-15 00:00:00.000;251,0;WAO ;3;0,0;8377
2017-04-15 00:00:00.000;151,0;WAO ;3;0,0;8378
2017-04-15 00:00:00.000;135,0;WAO ;3;0,0;8379
2017-04-15 00:00:00.000;311,0;WAO ;3;0,0;8380
2017-04-15 00:00:00.000;172,0;WAO ;1;0,0;8381
2017-04-15 00:00:00.000;115,0;WAO ;3;0,0;8382
2017-04-15 00:00:00.000;219,0;WAO ;;0,0;8383
2017-04-15 00:00:00.000;249,0;WAO ;3;0,0;8384
2017-04-15 00:00:00.000;157,0;WAO ;4;0,0;8385
2017-04-15 00:00:00.000;206,0;WAO ;4;0,0;8386
2017-04-15 00:00:00.000;255,0;WAO ;1;0,0;8387
2017-11-15 00:00:00.000;280,0;8080;3;0,0;8388
2017-11-15 00:00:00.000;255,0;8080;;0,0;8389
2017-11-15 00:00:00.000;239,0;8080;;0,0;8390
2017-11-15 00:00:00.000;163,0;8080;;0,0;8391
2017-11-15 00:00:00.000;297,0;8080;1;0,0;8392
2017-11-15 00:00:00.000;282,0;8080;;0,0;8393
2017-11-15 00:00:00.000;274,0;8080;1;0,0;8394
2017-11-15 00:00:00.000;148,0;8080;1;0,0;8395
2017-11-15 00:00:00.000;168,0;8080;4;0,0;8396
2017-11-15 00:00:00.000;282,0;8080;1;0,0;8397
2017-11-15 00:00:00.000;157,0;8080;;0,0;8398
2017-11-15 00:00:00.000;264,0;8080;3;0,0;8399
2017-11-15 00:00:00.000;124,0;8080;;0,0;8400
2017-11-15 00:00:00.000;164,0;8080;;0,0;8401
2017-11-15 00:00:00.000;278,0;8080;;0,0;8402
2017-12-15 00:00:00.000;270,0;8080;4;0,0;8403
2017-12-15 00:00:00.000;252,0;8080;4;0,0;8404
2017-12-15 00:00:00.000;188,0;8080;3;0,0;8405
2017-12-15 00:00:00.000;158,0;8080;4;0,0;8406
2017-12-15 00:00:00.000;287,0;8080;4;0,0;8407
2017-12-15 00:00:00.000;300,0;8080;1;0,0;8408
2017-12-15 00:00:00.000;236,0;8080;1;0,0;8409
2017-12-15 00:00:00.000;132,0;8080;3;0,0;8410
2017-12-15 00:00:00.000;307,0;8080;3;0,0;8411
2017-12-15 00:00:00.000;192,0;8080;4;0,0;8412
2017-12-15 00:00:00.000;207,0;8080;4;0,0;8413
2017-12-15 00:00:00.000;244,0;8080;1;0,0;8414
2017-12-15 00:00:00.000;227,0;8080;1;0,0;8415
2017-12-15 00:00:00.000;276,0;8080;1;0,0;8416
2017-12-15 00:00:00.000;287,0;8080;4;0,0;8417
2017-12-15 00:00:00.000;199,0;8080;4;0,0;8418
2017-12-15 00:00:00.000;265,0;8080;1;0,0;8419
2017-12-15 00:00:00.000;163,0;8080;3;0,0;8420
2017-12-15 00:00:00.000;153,0;8080;;0,0;8421
2017-12-15 00:00:00.000;162,0;8080;4;0,0;8422
2017-12-15 00:00:00.000;197,0;8080;4;0,0;8423
2017-12-15 00:00:00.000;135,0;8080;4;0,0;8424
2017-12-15 00:00:00.000;154,0;8080;1;0,0;8425
2017-12-15 00:00:00.000;256,0;8080;1;0,0;8426
2017-12-15 00:00:00.000;212,0;8080;4;0,0;8427
2017-12-15 00:00:00.000;147,0;8080;4;0,0;8428
2017-12-15 00:00:00.000;140,0;8080;3;0,0;8429
2017-12-15 00:00:00.000;171,0;8080;1;0,0;8430
2017-12-15 00:00:00.000;262,0;8080;4;0,0;8431
2017-12-15 00:00:00.000;122,0;8080;4;0,0;8432
2017-12-15 00:00:00.000;152,0;8080;1;0,0;8433
2017-12-15 00:00:00.000;209,0;8080;1;0,0;8434
2017-12-15 00:00:00.000;129,0;8080;1;0,0;8435
2017-12-15 00:00:00.000;233,0;8080;4;0,0;8436
2017-12-15 00:00:00.000;160,0;8080;4;0,0;8437
2017-12-15 00:00:00.000;307,0;8080;4;0,0;8438
2017-12-15 00:00:00.000;185,0;8080;3;0,0;8439
2017-12-15 00:00:00.000;184,0;8080;4;0,0;8440
2017-12-15 00:00:00.000;142,0;8080;1;0,0;8441
2017-12-15 00:00:00.000;285,0;8080;3;0,0;8442
2017-12-15 00:00:00.000;196,0;8080;1;0,0;8443
2017-12-15 00:00:00.000;232,0;8080;4;0,0;8444
2017-12-15 00:00:00.000;175,0;8080;1;0,0;8445
2017-12-15 00:00:00.000;202,0;8080;1;0,0;8446
2017-12-15 00:00:00.000;306,0;8080;4;0,0;8447
2017-12-15 00:00:00.000;269,0;8080;1;0,0;8448
2017-12-15 00:00:00.000;126,0;8080;4;0,0;8449
2017-12-15 00:00:00.000;238,0;8080;;0,0;8450
2017-12-15 00:00:00.000;246,0;8080;1;0,0;8451
2017-12-15 00:00:00.000;227,0;8080;3;0,0;8452
2017-12-15 00:00:00.000;310,0;8080;4;0,0;8453
2017-12-15 00:00:00.000;232,0;8080;3;0,0;8454
2017-12-15 00:00:00.000;262,0;8080;3;0,0;8455
2017-12-15 00:00:00.000;261,0;8080;1;0,0;8456
2017-12-15 00:00:00.000;207,0;8080;1;0,0;8457
2017-12-15 00:00:00.000;170,0;8080;1;0,0;8458
2017-12-15 00:00:00.000;160,0;8080;1;0,0;8459
2017-12-15 00:00:00.000;208,0;8080;;0,0;8460
2017-12-15 00:00:00.000;114,0;8080;3;0,0;8461
2017-12-15 00:00:00.000;112,0;8080;1;0,0;8462
2017-12-15 00:00:00.000;117,0;8080;;0,0;8463
2017-12-15 00:00:00.000;248,0;8080;3;0,0;8464
2017-12-15 00:00:00.000;141,0;8080;4;0,0;8465
2017-12-15 00:00:00.000;242,0;8080;1;0,0;8466
2017-12-15 00:00:00.000;308,0;8080;3;0,0;8467
2017-12-15 00:00:00.000;204,0;8080;1;0,0;8468
2017-12-15 00:00:00.000;288,0;8080;1;0,0;8469
2017-12-15 00:00:00.000;267,0;8080;1;0,0;8470
2017-12-15 00:00:00.000;290,0;8080;1;0,0;8471
2017-12-15 00:00:00.000;291,0;8080;1;0,0;8472
2017-12-15 00:00:00.000;270,0;8080;4;0,0;8473
2017-12-15 00:00:00.000;249,0;8080;4;0,0;8474
2017-12-15 00:00:00.000;251,0;8080;1;0,0;8475
2017-12-15 00:00:00.000;147,0;8080;;0,0;8476
2017-12-15 00:00:00.000;202,0;8080;1;0,0;8477
2017-12-15 00:00:00.000;289,0;8080;;0,0;8478
2017-12-15 00:00:00.000;143,0;8080;4;0,0;8479
2017-12-15 00:00:00.000;163,0;8080;1;0,0;8480
2017-12-15 00:00:00.000;302,0;8080;4;0,0;8481
2017-12-15 00:00:00.000;159,0;8080;4;0,0;8482
2017-12-15 00:00:00.000;244,0;8080;1;0,0;8483
2017-12-15 00:00:00.000;152,0;8080;;0,0;8484
2017-12-15 00:00:00.000;233,0;8080;4;0,0;8485
2017-12-15 00:00:00.000;228,0;8080;3;0,0;8486
2017-12-15 00:00:00.000;279,0;8080;4;0,0;8487
2017-12-15 00:00:00.000;194,0;8080;4;0,0;8488
2017-12-15 00:00:00.000;267,0;8080;4;0,0;8489
2017-12-15 00:00:00.000;269,0;8080;1;0,0;8490
2017-12-15 00:00:00.000;300,0;8080;1;0,0;8491
2017-12-15 00:00:00.000;291,0;8080;3;0,0;8492
2017-12-15 00:00:00.000;270,0;8080;1;0,0;8493
2017-12-15 00:00:00.000;148,0;8080;4;0,0;8494
2017-12-15 00:00:00.000;290,0;8080;4;0,0;8495
2017-12-15 00:00:00.000;290,0;8080;;0,0;8496
2017-12-15 00:00:00.000;232,0;8080;3;0,0;8497
2017-12-15 00:00:00.000;267,0;8080;4;0,0;8498
2017-12-15 00:00:00.000;182,0;8080;;0,0;8499
2017-12-15 00:00:00.000;129,0;8080;3;0,0;8500
2017-12-15 00:00:00.000;224,0;8080;1;0,0;8501
2017-12-15 00:00:00.000;304,0;8080;4;0,0;8502
2017-12-15 00:00:00.000;216,0;8080;3;0,0;8503
2017-12-15 00:00:00.000;197,0;8080;;0,0;8504
2017-12-15 00:00:00.000;257,0;8080;;0,0;8505
2017-12-15 00:00:00.000;289,0;8080;4;0,0;8506
2017-12-15 00:00:00.000;251,0;8080;1;0,0;8507
2017-01-16 00:00:00.000;311,0;UGB ;1;0,0;8508
2017-01-16 00:00:00.000;205,0;UGB ;3;0,0;8509
2017-01-16 00:00:00.000;185,0;UGB ;1;0,0;8510
2017-01-16 00:00:00.000;171,0;UGB ;1;0,0;8511
2017-01-16 00:00:00.000;297,0;UGB ;3;0,0;8512
2017-01-16 00:00:00.000;169,0;UGB ;3;0,0;8513
2017-01-16 00:00:00.000;130,0;UGB ;1;0,0;8514
2017-01-16 00:00:00.000;197,0;UGB ;4;0,0;8515
2017-01-16 00:00:00.000;308,0;UGB ;4;0,0;8516
2017-01-16 00:00:00.000;274,0;UGB ;4;0,0;8517
2017-01-16 00:00:00.000;303,0;UGB ;1;0,0;8518
2017-01-16 00:00:00.000;127,0;UGB ;;0,0;8519
2017-01-16 00:00:00.000;157,0;UGB ;4;0,0;8520
2017-01-16 00:00:00.000;129,0;UGB ;1;0,0;8521
2017-01-16 00:00:00.000;268,0;UGB ;4;0,0;8522
2017-02-16 00:00:00.000;299,0;UGB ;4;0,0;8523
2017-02-16 00:00:00.000;170,0;UGB ;1;0,0;8524
2017-02-16 00:00:00.000;303,0;UGB ;3;0,0;8525
2017-02-16 00:00:00.000;196,0;UGB ;1;0,0;8526
2017-02-16 00:00:00.000;219,0;UGB ;1;0,0;8527
2017-02-16 00:00:00.000;142,0;UGB ;4;0,0;8528
2017-02-16 00:00:00.000;146,0;UGB ;3;0,0;8529
2017-02-16 00:00:00.000;213,0;UGB ;;0,0;8530
2017-02-16 00:00:00.000;222,0;UGB ;3;0,0;8531
2017-02-16 00:00:00.000;246,0;UGB ;4;0,0;8532
2017-02-16 00:00:00.000;142,0;UGB ;1;0,0;8533
2017-02-16 00:00:00.000;186,0;UGB ;1;0,0;8534
2017-02-16 00:00:00.000;136,0;UGB ;1;0,0;8535
2017-02-16 00:00:00.000;158,0;UGB ;;0,0;8536
2017-02-16 00:00:00.000;244,0;UGB ;4;0,0;8537
2017-02-16 00:00:00.000;212,0;UGB ;1;0,0;8538
2017-02-16 00:00:00.000;283,0;UGB ;3;0,0;8539
2017-02-16 00:00:00.000;132,0;UGB ;3;0,0;8540
2017-02-16 00:00:00.000;190,0;UGB ;3;0,0;8541
2017-02-16 00:00:00.000;197,0;UGB ;;0,0;8542
2017-02-16 00:00:00.000;258,0;UGB ;3;0,0;8543
2017-03-16 00:00:00.000;274,0;UGB ;4;0,0;8544
2017-03-16 00:00:00.000;256,0;UGB ;1;0,0;8545
2017-03-16 00:00:00.000;150,0;UGB ;4;0,0;8546
2017-03-16 00:00:00.000;135,0;UGB ;3;0,0;8547
2017-03-16 00:00:00.000;293,0;UGB ;4;0,0;8548
2017-03-16 00:00:00.000;219,0;UGB ;4;0,0;8549
2017-03-16 00:00:00.000;251,0;UGB ;1;0,0;8550
2017-03-16 00:00:00.000;281,0;UGB ;4;0,0;8551
2017-03-16 00:00:00.000;125,0;UGB ;;0,0;8552
2017-03-16 00:00:00.000;296,0;UGB ;;0,0;8553
2017-03-16 00:00:00.000;158,0;UGB ;3;0,0;8554
2017-03-16 00:00:00.000;303,0;UGB ;4;0,0;8555
2017-03-16 00:00:00.000;228,0;UGB ;4;0,0;8556
2017-03-16 00:00:00.000;294,0;UGB ;;0,0;8557
2017-04-16 00:00:00.000;289,0;WAO ;;0,0;8558
2017-04-16 00:00:00.000;277,0;WAO ;4;0,0;8559
2017-04-16 00:00:00.000;298,0;WAO ;3;0,0;8560
2017-04-16 00:00:00.000;290,0;WAO ;3;0,0;8561
2017-04-16 00:00:00.000;297,0;WAO ;1;0,0;8562
2017-04-16 00:00:00.000;126,0;WAO ;1;0,0;8563
2017-04-16 00:00:00.000;179,0;WAO ;;0,0;8564
2017-04-16 00:00:00.000;154,0;WAO ;;0,0;8565
2017-04-16 00:00:00.000;307,0;WAO ;1;0,0;8566
2017-04-16 00:00:00.000;164,0;WAO ;1;0,0;8567
2017-05-16 00:00:00.000;289,0;WAP ;1;24,9;8568
2017-05-16 00:00:00.000;120,0;WAP ;1;0,0;8569
2017-05-16 00:00:00.000;135,0;WAP ;1;0,0;8570
2017-05-16 00:00:00.000;284,0;WAP ;1;24,9;8571
2017-05-16 00:00:00.000;179,0;WAP ;3;0,0;8572
2017-11-16 00:00:00.000;240,0;8080;4;0,0;8573
2017-11-16 00:00:00.000;275,0;8080;4;0,0;8574
2017-11-16 00:00:00.000;187,0;8080;4;0,0;8575
2017-11-16 00:00:00.000;298,0;8080;1;0,0;8576
2017-11-16 00:00:00.000;165,0;8080;1;0,0;8577
2017-11-16 00:00:00.000;224,0;8080;3;0,0;8578
2017-11-16 00:00:00.000;123,0;8080;3;0,0;8579
2017-11-16 00:00:00.000;240,0;8080;;0,0;8580
2017-11-16 00:00:00.000;152,0;8080;4;0,0;8581
2017-11-16 00:00:00.000;297,0;8080;;0,0;8582
2017-11-16 00:00:00.000;307,0;8080;4;0,0;8583
2017-11-16 00:00:00.000;240,0;8080;4;0,0;8584
2017-11-16 00:00:00.000;181,0;8080;;0,0;8585
2017-11-16 00:00:00.000;204,0;8080;3;0,0;8586
2017-11-16 00:00:00.000;284,0;8080;4;0,0;8587
2017-11-16 00:00:00.000;261,0;8080;;0,0;8588
2017-11-16 00:00:00.000;144,0;8080;;0,0;8589
2017-11-16 00:00:00.000;260,0;8080;3;0,0;8590
2017-11-16 00:00:00.000;279,0;8080;4;0,0;8591
2017-12-16 00:00:00.000;123,0;8080;4;0,0;8592
2017-12-16 00:00:00.000;115,0;8080;1;0,0;8593
2017-12-16 00:00:00.000;305,0;8080;4;0,0;8594
2017-12-16 00:00:00.000;275,0;8080;1;0,0;8595
2017-12-16 00:00:00.000;277,0;8080;;0,0;8596
2017-12-16 00:00:00.000;193,0;8080;4;0,0;8597
2017-12-16 00:00:00.000;268,0;8080;1;0,0;8598
2017-12-16 00:00:00.000;260,0;8080;4;0,0;8599
2017-12-16 00:00:00.000;178,0;8080;4;0,0;8600
2017-12-16 00:00:00.000;245,0;8080;3;0,0;8601
2017-12-16 00:00:00.000;195,0;8080;1;0,0;8602
2017-12-16 00:00:00.000;266,0;8080;1;0,0;8603
2017-12-16 00:00:00.000;278,0;8080;1;0,0;8604
2017-12-16 00:00:00.000;193,0;8080;4;0,0;8605
2017-12-16 00:00:00.000;151,0;8080;4;0,0;8606
2017-12-16 00:00:00.000;301,0;8080;3;0,0;8607
2017-12-16 00:00:00.000;312,0;8080;3;0,0;8608
2017-12-16 00:00:00.000;286,0;8080;3;0,0;8609
2017-12-16 00:00:00.000;251,0;8080;4;0,0;8610
2017-12-16 00:00:00.000;123,0;8080;4;0,0;8611
2017-12-16 00:00:00.000;164,0;8080;;0,0;8612
2017-12-16 00:00:00.000;257,0;8080;3;0,0;8613
2017-12-16 00:00:00.000;260,0;8080;4;0,0;8614
2017-12-16 00:00:00.000;177,0;8080;;0,0;8615
2017-12-16 00:00:00.000;246,0;8080;4;0,0;8616
2017-12-16 00:00:00.000;249,0;8080;3;0,0;8617
2017-12-16 00:00:00.000;201,0;8080;4;0,0;8618
2017-12-16 00:00:00.000;146,0;8080;4;0,0;8619
2017-12-16 00:00:00.000;147,0;8080;4;0,0;8620
2017-12-16 00:00:00.000;166,0;8080;4;0,0;8621
2017-12-16 00:00:00.000;126,0;8080;1;0,0;8622
2017-12-16 00:00:00.000;179,0;8080;;0,0;8623
2017-12-16 00:00:00.000;293,0;8080;3;0,0;8624
2017-12-16 00:00:00.000;224,0;8080;3;0,0;8625
2017-12-16 00:00:00.000;204,0;8080;4;0,0;8626
2017-12-16 00:00:00.000;269,0;8080;4;0,0;8627
2017-12-16 00:00:00.000;152,0;8080;3;0,0;8628
2017-12-16 00:00:00.000;192,0;8080;4;0,0;8629
2017-12-16 00:00:00.000;181,0;8080;1;0,0;8630
2017-12-16 00:00:00.000;120,0;8080;3;0,0;8631
2017-12-16 00:00:00.000;251,0;8080;3;0,0;8632
2017-12-16 00:00:00.000;258,0;8080;1;0,0;8633
2017-12-16 00:00:00.000;189,0;8080;1;0,0;8634
2017-12-16 00:00:00.000;160,0;8080;1;0,0;8635
2017-12-16 00:00:00.000;132,0;8080;1;0,0;8636
2017-12-16 00:00:00.000;195,0;8080;3;0,0;8637
2017-12-16 00:00:00.000;245,0;8080;3;0,0;8638
2017-12-16 00:00:00.000;275,0;8080;3;0,0;8639
2017-12-16 00:00:00.000;170,0;8080;1;0,0;8640
2017-12-16 00:00:00.000;150,0;8080;3;0,0;8641
2017-12-16 00:00:00.000;303,0;8080;3;0,0;8642
2017-12-16 00:00:00.000;312,0;8080;3;0,0;8643
2017-12-16 00:00:00.000;286,0;8080;1;0,0;8644
2017-12-16 00:00:00.000;167,0;8080;3;0,0;8645
2017-12-16 00:00:00.000;176,0;8080;4;0,0;8646
2017-12-16 00:00:00.000;151,0;8080;1;0,0;8647
2017-12-16 00:00:00.000;172,0;8080;3;0,0;8648
2017-12-16 00:00:00.000;296,0;8080;1;0,0;8649
2017-12-16 00:00:00.000;167,0;8080;3;0,0;8650
2017-12-16 00:00:00.000;231,0;8080;1;0,0;8651
2017-12-16 00:00:00.000;307,0;8080;1;0,0;8652
2017-12-16 00:00:00.000;116,0;8080;4;0,0;8653
2017-12-16 00:00:00.000;237,0;8080;1;0,0;8654
2017-12-16 00:00:00.000;123,0;8080;3;0,0;8655
2017-12-16 00:00:00.000;159,0;8080;3;0,0;8656
2017-12-16 00:00:00.000;207,0;8080;1;0,0;8657
2017-12-16 00:00:00.000;203,0;8080;3;0,0;8658
2017-12-16 00:00:00.000;187,0;8080;3;0,0;8659
2017-12-16 00:00:00.000;111,0;8080;3;0,0;8660
2017-12-16 00:00:00.000;297,0;8080;4;0,0;8661
2017-12-16 00:00:00.000;312,0;8080;4;0,0;8662
2017-12-16 00:00:00.000;148,0;8080;3;0,0;8663
2017-12-16 00:00:00.000;116,0;8080;3;0,0;8664
2017-12-16 00:00:00.000;122,0;8080;4;0,0;8665
2017-12-16 00:00:00.000;210,0;8080;4;0,0;8666
2017-12-16 00:00:00.000;307,0;8080;1;0,0;8667
2017-12-16 00:00:00.000;188,0;8080;1;0,0;8668
2017-12-16 00:00:00.000;204,0;8080;4;0,0;8669
2017-12-16 00:00:00.000;149,0;8080;3;0,0;8670
2017-12-16 00:00:00.000;190,0;8080;1;0,0;8671
2017-12-16 00:00:00.000;237,0;8080;4;0,0;8672
2017-12-16 00:00:00.000;304,0;8080;1;0,0;8673
2017-12-16 00:00:00.000;227,0;8080;3;0,0;8674
2017-12-16 00:00:00.000;163,0;8080;3;0,0;8675
2017-12-16 00:00:00.000;193,0;8080;4;0,0;8676
2017-12-16 00:00:00.000;207,0;8080;4;0,0;8677
2017-12-16 00:00:00.000;206,0;8080;1;0,0;8678
2017-12-16 00:00:00.000;188,0;8080;1;0,0;8679
2017-12-16 00:00:00.000;238,0;8080;1;0,0;8680
2017-12-16 00:00:00.000;157,0;8080;1;0,0;8681
2017-12-16 00:00:00.000;253,0;8080;1;0,0;8682
2017-12-16 00:00:00.000;216,0;8080;4;0,0;8683
2017-12-16 00:00:00.000;138,0;8080;1;0,0;8684
2017-12-16 00:00:00.000;254,0;8080;4;0,0;8685
2017-12-16 00:00:00.000;213,0;8080;4;0,0;8686
2017-12-16 00:00:00.000;142,0;8080;3;0,0;8687
2017-12-16 00:00:00.000;242,0;8080;4;0,0;8688
2017-12-16 00:00:00.000;189,0;8080;4;0,0;8689
2017-12-16 00:00:00.000;277,0;8080;3;0,0;8690
2017-12-16 00:00:00.000;270,0;8080;3;0,0;8691
2017-12-16 00:00:00.000;221,0;8080;3;0,0;8692
2017-12-16 00:00:00.000;255,0;8080;3;0,0;8693
2017-12-16 00:00:00.000;188,0;8080;3;0,0;8694
2017-12-16 00:00:00.000;124,0;8080;1;0,0;8695
2017-12-16 00:00:00.000;208,0;8080;3;0,0;8696
2017-12-16 00:00:00.000;237,0;8080;1;0,0;8697
2017-12-16 00:00:00.000;118,0;8080;1;0,0;8698
2017-12-16 00:00:00.000;268,0;8080;4;0,0;8699
2017-12-16 00:00:00.000;291,0;8080;4;0,0;8700
2017-12-16 00:00:00.000;202,0;8080;1;0,0;8701
2017-12-16 00:00:00.000;228,0;8080;1;0,0;8702
2017-12-16 00:00:00.000;155,0;8080;1;0,0;8703
2017-12-16 00:00:00.000;163,0;8080;1;0,0;8704
2017-12-16 00:00:00.000;204,0;8080;;0,0;8705
2017-12-16 00:00:00.000;168,0;8080;3;0,0;8706
2017-12-16 00:00:00.000;212,0;8080;1;0,0;8707
2017-12-16 00:00:00.000;297,0;8080;1;0,0;8708
2017-12-16 00:00:00.000;295,0;8080;4;0,0;8709
2017-12-16 00:00:00.000;277,0;8080;3;0,0;8710
2017-12-16 00:00:00.000;220,0;8080;1;0,0;8711
2017-12-16 00:00:00.000;267,0;8080;4;0,0;8712
2017-12-16 00:00:00.000;290,0;8080;4;0,0;8713
2017-01-17 00:00:00.000;255,0;UGB ;1;0,0;8714
2017-01-17 00:00:00.000;273,0;UGB ;4;0,0;8715
2017-01-17 00:00:00.000;233,0;UGB ;4;0,0;8716
2017-01-17 00:00:00.000;252,0;UGB ;4;0,0;8717
2017-01-17 00:00:00.000;215,0;UGB ;3;0,0;8718
2017-01-17 00:00:00.000;276,0;UGB ;3;0,0;8719
2017-01-17 00:00:00.000;309,0;UGB ;;0,0;8720
2017-01-17 00:00:00.000;141,0;UGB ;3;0,0;8721
2017-01-17 00:00:00.000;294,0;UGB ;1;0,0;8722
2017-01-17 00:00:00.000;245,0;UGB ;1;0,0;8723
2017-01-17 00:00:00.000;279,0;UGB ;4;0,0;8724
2017-01-17 00:00:00.000;255,0;UGB ;1;0,0;8725
2017-01-17 00:00:00.000;194,0;UGB ;1;0,0;8726
2017-01-17 00:00:00.000;238,0;UGB ;1;0,0;8727
2017-02-17 00:00:00.000;191,0;UGB ;3;0,0;8728
2017-02-17 00:00:00.000;266,0;UGB ;1;0,0;8729
2017-02-17 00:00:00.000;219,0;UGB ;1;0,0;8730
2017-02-17 00:00:00.000;197,0;UGB ;4;0,0;8731
2017-02-17 00:00:00.000;135,0;UGB ;1;0,0;8732
2017-02-17 00:00:00.000;189,0;UGB ;1;0,0;8733
2017-02-17 00:00:00.000;238,0;UGB ;4;0,0;8734
2017-02-17 00:00:00.000;113,0;UGB ;1;0,0;8735
2017-02-17 00:00:00.000;208,0;UGB ;4;0,0;8736
2017-02-17 00:00:00.000;121,0;UGB ;;0,0;8737
2017-02-17 00:00:00.000;249,0;UGB ;1;0,0;8738
2017-02-17 00:00:00.000;301,0;UGB ;3;0,0;8739
2017-02-17 00:00:00.000;194,0;UGB ;3;0,0;8740
2017-02-17 00:00:00.000;306,0;UGB ;;0,0;8741
2017-02-17 00:00:00.000;120,0;UGB ;;0,0;8742
2017-02-17 00:00:00.000;208,0;UGB ;1;0,0;8743
2017-02-17 00:00:00.000;296,0;UGB ;4;0,0;8744
2017-02-17 00:00:00.000;239,0;UGB ;1;0,0;8745
2017-02-17 00:00:00.000;165,0;UGB ;;0,0;8746
2017-02-17 00:00:00.000;198,0;UGB ;1;0,0;8747
2017-02-17 00:00:00.000;147,0;UGB ;;0,0;8748
2017-02-17 00:00:00.000;154,0;UGB ;3;0,0;8749
2017-02-17 00:00:00.000;151,0;UGB ;;0,0;8750
2017-02-17 00:00:00.000;111,0;UGB ;3;0,0;8751
2017-03-17 00:00:00.000;152,0;UGB ;3;0,0;8752
2017-03-17 00:00:00.000;198,0;UGB ;4;0,0;8753
2017-03-17 00:00:00.000;172,0;UGB ;4;0,0;8754
2017-03-17 00:00:00.000;269,0;UGB ;1;0,0;8755
2017-03-17 00:00:00.000;212,0;UGB ;4;0,0;8756
2017-03-17 00:00:00.000;148,0;UGB ;;0,0;8757
2017-03-17 00:00:00.000;204,0;UGB ;3;0,0;8758
2017-03-17 00:00:00.000;244,0;UGB ;1;0,0;8759
2017-03-17 00:00:00.000;256,0;UGB ;1;0,0;8760
2017-03-17 00:00:00.000;195,0;UGB ;4;0,0;8761
2017-03-17 00:00:00.000;273,0;UGB ;1;0,0;8762
2017-03-17 00:00:00.000;121,0;UGB ;;0,0;8763
2017-03-17 00:00:00.000;261,0;UGB ;4;0,0;8764
2017-03-17 00:00:00.000;184,0;UGB ;;0,0;8765
2017-03-17 00:00:00.000;198,0;UGB ;4;0,0;8766
2017-03-17 00:00:00.000;255,0;UGB ;;0,0;8767
2017-03-17 00:00:00.000;111,0;UGB ;1;0,0;8768
2017-04-17 00:00:00.000;210,0;WAO ;1;0,0;8769
2017-04-17 00:00:00.000;226,0;WAO ;4;0,0;8770
2017-04-17 00:00:00.000;117,0;WAO ;4;0,0;8771
2017-04-17 00:00:00.000;183,0;WAO ;3;0,0;8772
2017-04-17 00:00:00.000;215,0;WAO ;4;0,0;8773
2017-04-17 00:00:00.000;239,0;WAO ;1;0,0;8774
2017-04-17 00:00:00.000;258,0;WAO ;4;0,0;8775
2017-04-17 00:00:00.000;210,0;WAO ;3;0,0;8776
2017-04-17 00:00:00.000;267,0;WAO ;1;0,0;8777
2017-04-17 00:00:00.000;137,0;WAO ;4;0,0;8778
2017-04-17 00:00:00.000;202,0;WAO ;1;0,0;8779
2017-04-17 00:00:00.000;218,0;WAO ;1;0,0;8780
2017-04-17 00:00:00.000;249,0;WAO ;1;0,0;8781
2017-04-17 00:00:00.000;233,0;WAO ;3;0,0;8782
2017-04-17 00:00:00.000;154,0;WAO ;;0,0;8783
2017-04-17 00:00:00.000;212,0;WAO ;;0,0;8784
2017-04-17 00:00:00.000;258,0;WAO ;3;0,0;8785
2017-11-17 00:00:00.000;304,0;8080;1;0,0;8786
2017-11-17 00:00:00.000;237,0;8080;4;0,0;8787
2017-11-17 00:00:00.000;295,0;8080;4;0,0;8788
2017-11-17 00:00:00.000;263,0;8080;4;0,0;8789
2017-11-17 00:00:00.000;218,0;8080;1;0,0;8790
2017-11-17 00:00:00.000;188,0;8080;1;0,0;8791
2017-11-17 00:00:00.000;118,0;8080;3;0,0;8792
2017-11-17 00:00:00.000;239,0;8080;3;0,0;8793
2017-11-17 00:00:00.000;192,0;8080;1;0,0;8794
2017-11-17 00:00:00.000;142,0;8080;1;0,0;8795
2017-11-17 00:00:00.000;218,0;8080;4;0,0;8796
2017-11-17 00:00:00.000;211,0;8080;4;0,0;8797
2017-11-17 00:00:00.000;264,0;8080;;0,0;8798
2017-11-17 00:00:00.000;187,0;8080;1;0,0;8799
2017-11-17 00:00:00.000;214,0;8080;3;0,0;8800
2017-11-17 00:00:00.000;220,0;8080;;0,0;8801
2017-11-17 00:00:00.000;202,0;8080;1;0,0;8802
2017-11-17 00:00:00.000;280,0;8080;1;0,0;8803
2017-11-17 00:00:00.000;290,0;8080;4;0,0;8804
2017-11-17 00:00:00.000;261,0;8080;;0,0;8805
2017-11-17 00:00:00.000;174,0;8080;;0,0;8806
2017-11-17 00:00:00.000;172,0;8080;;0,0;8807
2017-12-17 00:00:00.000;177,0;8080;1;0,0;8808
2017-12-17 00:00:00.000;166,0;8080;4;0,0;8809
2017-12-17 00:00:00.000;129,0;8080;1;0,0;8810
2017-12-17 00:00:00.000;288,0;8080;3;0,0;8811
2017-12-17 00:00:00.000;117,0;8080;1;0,0;8812
2017-12-17 00:00:00.000;129,0;8080;1;0,0;8813
2017-12-17 00:00:00.000;310,0;8080;4;0,0;8814
2017-12-17 00:00:00.000;114,0;8080;1;0,0;8815
2017-12-17 00:00:00.000;269,0;8080;;0,0;8816
2017-12-17 00:00:00.000;147,0;8080;4;0,0;8817
2017-12-17 00:00:00.000;232,0;8080;1;0,0;8818
2017-12-17 00:00:00.000;154,0;8080;3;0,0;8819
2017-12-17 00:00:00.000;111,0;8080;1;0,0;8820
2017-12-17 00:00:00.000;141,0;8080;3;0,0;8821
2017-12-17 00:00:00.000;148,0;8080;1;0,0;8822
2017-12-17 00:00:00.000;290,0;8080;;0,0;8823
2017-12-17 00:00:00.000;305,0;8080;4;0,0;8824
2017-12-17 00:00:00.000;181,0;8080;3;0,0;8825
2017-12-17 00:00:00.000;234,0;8080;4;0,0;8826
2017-12-17 00:00:00.000;212,0;8080;4;0,0;8827
2017-12-17 00:00:00.000;165,0;8080;1;0,0;8828
2017-12-17 00:00:00.000;271,0;8080;4;0,0;8829
2017-12-17 00:00:00.000;238,0;8080;;0,0;8830
2017-12-17 00:00:00.000;207,0;8080;4;0,0;8831
2017-12-17 00:00:00.000;238,0;8080;;0,0;8832
2017-12-17 00:00:00.000;303,0;8080;3;0,0;8833
2017-12-17 00:00:00.000;245,0;8080;3;0,0;8834
2017-12-17 00:00:00.000;159,0;8080;4;0,0;8835
2017-12-17 00:00:00.000;244,0;8080;1;0,0;8836
2017-12-17 00:00:00.000;134,0;8080;;0,0;8837
2017-12-17 00:00:00.000;213,0;8080;1;0,0;8838
2017-12-17 00:00:00.000;305,0;8080;1;0,0;8839
2017-12-17 00:00:00.000;181,0;8080;1;0,0;8840
2017-12-17 00:00:00.000;182,0;8080;4;0,0;8841
2017-12-17 00:00:00.000;310,0;8080;4;0,0;8842
2017-12-17 00:00:00.000;253,0;8080;4;0,0;8843
2017-12-17 00:00:00.000;170,0;8080;3;0,0;8844
2017-12-17 00:00:00.000;265,0;8080;4;0,0;8845
2017-12-17 00:00:00.000;221,0;8080;1;0,0;8846
2017-12-17 00:00:00.000;230,0;8080;1;0,0;8847
2017-12-17 00:00:00.000;247,0;8080;4;0,0;8848
2017-12-17 00:00:00.000;296,0;8080;3;0,0;8849
2017-12-17 00:00:00.000;151,0;8080;1;0,0;8850
2017-12-17 00:00:00.000;124,0;8080;4;0,0;8851
2017-12-17 00:00:00.000;267,0;8080;;0,0;8852
2017-12-17 00:00:00.000;223,0;8080;3;0,0;8853
2017-12-17 00:00:00.000;228,0;8080;3;0,0;8854
2017-12-17 00:00:00.000;200,0;8080;3;0,0;8855
2017-12-17 00:00:00.000;258,0;8080;4;0,0;8856
2017-12-17 00:00:00.000;118,0;8080;3;0,0;8857
2017-12-17 00:00:00.000;262,0;8080;4;0,0;8858
2017-12-17 00:00:00.000;126,0;8080;3;0,0;8859
2017-12-17 00:00:00.000;204,0;8080;1;0,0;8860
2017-12-17 00:00:00.000;296,0;8080;3;0,0;8861
2017-12-17 00:00:00.000;233,0;8080;3;0,0;8862
2017-12-17 00:00:00.000;120,0;8080;4;0,0;8863
2017-12-17 00:00:00.000;275,0;8080;4;36,9;8864
2017-12-17 00:00:00.000;217,0;8080;3;0,0;8865
2017-12-17 00:00:00.000;182,0;8080;4;0,0;8866
2017-12-17 00:00:00.000;236,0;8080;1;0,0;8867
2017-12-17 00:00:00.000;176,0;8080;1;0,0;8868
2017-12-17 00:00:00.000;228,0;8080;4;0,0;8869
2017-12-17 00:00:00.000;237,0;8080;3;0,0;8870
2017-12-17 00:00:00.000;234,0;8080;1;0,0;8871
2017-12-17 00:00:00.000;282,0;8080;4;0,0;8872
2017-12-17 00:00:00.000;125,0;8080;1;0,0;8873
2017-12-17 00:00:00.000;296,0;8080;1;0,0;8874
2017-12-17 00:00:00.000;300,0;8080;1;0,0;8875
2017-12-17 00:00:00.000;154,0;8080;3;0,0;8876
2017-12-17 00:00:00.000;192,0;8080;3;0,0;8877
2017-12-17 00:00:00.000;193,0;8080;3;0,0;8878
2017-12-17 00:00:00.000;128,0;8080;3;0,0;8879
2017-12-17 00:00:00.000;231,0;8080;1;0,0;8880
2017-12-17 00:00:00.000;300,0;8080;1;0,0;8881
2017-12-17 00:00:00.000;155,0;8080;1;0,0;8882
2017-12-17 00:00:00.000;243,0;8080;1;0,0;8883
2017-12-17 00:00:00.000;263,0;8080;4;0,0;8884
2017-12-17 00:00:00.000;177,0;8080;1;0,0;8885
2017-12-17 00:00:00.000;138,0;8080;1;0,0;8886
2017-12-17 00:00:00.000;153,0;8080;4;0,0;8887
2017-12-17 00:00:00.000;171,0;8080;1;0,0;8888
2017-12-17 00:00:00.000;141,0;8080;1;0,0;8889
2017-12-17 00:00:00.000;137,0;8080;1;0,0;8890
2017-12-17 00:00:00.000;214,0;8080;1;0,0;8891
2017-12-17 00:00:00.000;128,0;8080;4;0,0;8892
2017-12-17 00:00:00.000;146,0;8080;1;0,0;8893
2017-12-17 00:00:00.000;128,0;8080;4;0,0;8894
2017-12-17 00:00:00.000;115,0;8080;1;0,0;8895
2017-12-17 00:00:00.000;129,0;8080;1;0,0;8896
2017-12-17 00:00:00.000;248,0;8080;1;0,0;8897
2017-12-17 00:00:00.000;150,0;8080;1;0,0;8898
2017-12-17 00:00:00.000;296,0;8080;3;0,0;8899
2017-12-17 00:00:00.000;249,0;8080;;0,0;8900
2017-12-17 00:00:00.000;289,0;8080;3;0,0;8901
2017-12-17 00:00:00.000;182,0;8080;4;0,0;8902
2017-12-17 00:00:00.000;219,0;8080;3;0,0;8903
2017-12-17 00:00:00.000;249,0;8080;4;0,0;8904
2017-12-17 00:00:00.000;221,0;8080;3;0,0;8905
2017-12-17 00:00:00.000;157,0;8080;3;0,0;8906
2017-12-17 00:00:00.000;294,0;8080;3;0,0;8907
2017-12-17 00:00:00.000;246,0;8080;1;0,0;8908
2017-12-17 00:00:00.000;143,0;8080;;0,0;8909
2017-12-17 00:00:00.000;185,0;8080;1;0,0;8910
2017-12-17 00:00:00.000;153,0;8080;1;0,0;8911
2017-12-17 00:00:00.000;115,0;8080;4;0,0;8912
2017-12-17 00:00:00.000;202,0;8080;3;0,0;8913
2017-12-17 00:00:00.000;253,0;8080;1;0,0;8914
2017-12-17 00:00:00.000;116,0;8080;1;0,0;8915
2017-12-17 00:00:00.000;296,0;8080;1;0,0;8916
2017-12-17 00:00:00.000;226,0;8080;4;0,0;8917
2017-12-17 00:00:00.000;167,0;8080;4;0,0;8918
2017-12-17 00:00:00.000;298,0;8080;4;0,0;8919
2017-12-17 00:00:00.000;225,0;8080;3;0,0;8920
2017-12-17 00:00:00.000;231,0;8080;3;0,0;8921
2017-12-17 00:00:00.000;247,0;8080;4;0,0;8922
2017-12-17 00:00:00.000;172,0;8080;1;0,0;8923
2017-12-17 00:00:00.000;204,0;8080;3;0,0;8924
2017-12-17 00:00:00.000;299,0;8080;1;0,0;8925
2017-12-17 00:00:00.000;268,0;8080;1;0,0;8926
2017-12-17 00:00:00.000;185,0;8080;1;0,0;8927
2017-12-17 00:00:00.000;179,0;8080;1;0,0;8928
2017-12-17 00:00:00.000;122,0;8080;3;0,0;8929
2017-12-17 00:00:00.000;266,0;8080;3;0,0;8930
2017-12-17 00:00:00.000;136,0;8080;1;0,0;8931
2017-12-17 00:00:00.000;274,0;8080;4;0,0;8932
2017-12-17 00:00:00.000;231,0;8080;1;0,0;8933
2017-12-17 00:00:00.000;156,0;8080;1;0,0;8934
2017-12-17 00:00:00.000;273,0;8080;4;0,0;8935
2017-12-17 00:00:00.000;272,0;8080;;0,0;8936
2017-12-17 00:00:00.000;180,0;8080;3;0,0;8937
2017-12-17 00:00:00.000;154,0;8080;4;0,0;8938
2017-12-17 00:00:00.000;223,0;8080;4;0,0;8939
2017-12-17 00:00:00.000;146,0;8080;3;0,0;8940
2017-12-17 00:00:00.000;211,0;8080;3;0,0;8941
2017-12-17 00:00:00.000;207,0;8080;3;0,0;8942
2017-12-17 00:00:00.000;199,0;8080;3;0,0;8943
2017-12-17 00:00:00.000;246,0;8080;4;0,0;8944
2017-12-17 00:00:00.000;217,0;8080;3;38,8;8945
2017-12-17 00:00:00.000;265,0;8080;4;0,0;8946
2017-12-17 00:00:00.000;253,0;8080;;0,0;8947
2017-12-17 00:00:00.000;205,0;8080;1;0,0;8948
2017-12-17 00:00:00.000;182,0;8080;3;0,0;8949
2017-12-17 00:00:00.000;200,0;8080;4;0,0;8950
2017-12-17 00:00:00.000;178,0;8080;1;0,0;8951
2017-12-17 00:00:00.000;143,0;8080;4;0,0;8952
2017-12-17 00:00:00.000;272,0;8080;4;0,0;8953
2017-12-17 00:00:00.000;181,0;8080;4;0,0;8954
2017-12-17 00:00:00.000;160,0;8080;;0,0;8955
2017-12-17 00:00:00.000;177,0;8080;1;0,0;8956
2017-12-17 00:00:00.000;217,0;8080;3;0,0;8957
2017-12-17 00:00:00.000;266,0;8080;4;0,0;8958
2017-12-17 00:00:00.000;303,0;8080;;0,0;8959
2017-12-17 00:00:00.000;163,0;8080;;0,0;8960
2017-12-17 00:00:00.000;172,0;8080;1;0,0;8961
2017-12-17 00:00:00.000;211,0;8080;1;0,0;8962
2017-01-18 00:00:00.000;255,0;UGB ;;0,0;8963
2017-01-18 00:00:00.000;187,0;UGB ;3;0,0;8964
2017-01-18 00:00:00.000;245,0;UGB ;1;0,0;8965
2017-01-18 00:00:00.000;126,0;UGB ;4;0,0;8966
2017-01-18 00:00:00.000;114,0;UGB ;4;0,0;8967
2017-01-18 00:00:00.000;145,0;UGB ;1;0,0;8968
2017-01-18 00:00:00.000;141,0;UGB ;4;0,0;8969
2017-01-18 00:00:00.000;148,0;UGB ;3;0,0;8970
2017-01-18 00:00:00.000;171,0;UGB ;3;0,0;8971
2017-01-18 00:00:00.000;311,0;UGB ;3;0,0;8972
2017-01-18 00:00:00.000;139,0;UGB ;3;0,0;8973
2017-01-18 00:00:00.000;167,0;UGB ;1;0,0;8974
2017-01-18 00:00:00.000;175,0;UGB ;;0,0;8975
2017-01-18 00:00:00.000;260,0;UGB ;4;0,0;8976
2017-01-18 00:00:00.000;227,0;UGB ;4;0,0;8977
2017-01-18 00:00:00.000;281,0;UGB ;1;0,0;8978
2017-01-18 00:00:00.000;150,0;UGB ;;0,0;8979
2017-01-18 00:00:00.000;282,0;UGB ;;0,0;8980
2017-01-18 00:00:00.000;161,0;UGB ;4;0,0;8981
2017-02-18 00:00:00.000;232,0;UGB ;4;0,0;8982
2017-02-18 00:00:00.000;277,0;UGB ;3;0,0;8983
2017-02-18 00:00:00.000;287,0;UGB ;;0,0;8984
2017-02-18 00:00:00.000;251,0;UGB ;1;0,0;8985
2017-02-18 00:00:00.000;262,0;UGB ;;0,0;8986
2017-02-18 00:00:00.000;229,0;UGB ;3;0,0;8987
2017-02-18 00:00:00.000;234,0;UGB ;;0,0;8988
2017-02-18 00:00:00.000;148,0;UGB ;;0,0;8989
2017-02-18 00:00:00.000;308,0;UGB ;;0,0;8990
2017-02-18 00:00:00.000;222,0;UGB ;3;0,0;8991
2017-02-18 00:00:00.000;292,0;UGB ;3;0,0;8992
2017-02-18 00:00:00.000;230,0;UGB ;1;0,0;8993
2017-02-18 00:00:00.000;171,0;UGB ;;0,0;8994
2017-02-18 00:00:00.000;120,0;UGB ;3;0,0;8995
2017-02-18 00:00:00.000;160,0;UGB ;1;0,0;8996
2017-02-18 00:00:00.000;177,0;UGB ;3;0,0;8997
2017-02-18 00:00:00.000;295,0;UGB ;4;0,0;8998
2017-02-18 00:00:00.000;249,0;UGB ;;0,0;8999
2017-02-18 00:00:00.000;228,0;UGB ;3;0,0;9000
2017-02-18 00:00:00.000;163,0;UGB ;3;0,0;9001
2017-02-18 00:00:00.000;287,0;UGB ;4;0,0;9002
2017-02-18 00:00:00.000;205,0;UGB ;3;0,0;9003
2017-02-18 00:00:00.000;245,0;UGB ;1;0,0;9004
2017-02-18 00:00:00.000;281,0;UGB ;4;0,0;9005
2017-02-18 00:00:00.000;238,0;UGB ;3;0,0;9006
2017-02-18 00:00:00.000;245,0;UGB ;;0,0;9007
2017-02-18 00:00:00.000;224,0;UGB ;;0,0;9008
2017-02-18 00:00:00.000;287,0;UGB ;3;0,0;9009
2017-02-18 00:00:00.000;113,0;UGB ;;0,0;9010
2017-02-18 00:00:00.000;278,0;UGB ;;0,0;9011
2017-02-18 00:00:00.000;165,0;UGB ;1;0,0;9012
2017-02-18 00:00:00.000;201,0;UGB ;3;0,0;9013
2017-02-18 00:00:00.000;292,0;UGB ;;0,0;9014
2017-02-18 00:00:00.000;218,0;UGB ;;0,0;9015
2017-02-18 00:00:00.000;134,0;UGB ;;0,0;9016
2017-02-18 00:00:00.000;176,0;UGB ;4;0,0;9017
2017-02-18 00:00:00.000;176,0;UGB ;3;0,0;9018
2017-03-18 00:00:00.000;254,0;UGB ;3;0,0;9019
2017-03-18 00:00:00.000;240,0;UGB ;3;0,0;9020
2017-03-18 00:00:00.000;216,0;UGB ;3;0,0;9021
2017-03-18 00:00:00.000;250,0;UGB ;4;0,0;9022
2017-03-18 00:00:00.000;227,0;UGB ;1;0,0;9023
2017-03-18 00:00:00.000;121,0;UGB ;4;0,0;9024
2017-03-18 00:00:00.000;259,0;UGB ;4;0,0;9025
2017-03-18 00:00:00.000;279,0;UGB ;4;0,0;9026
2017-03-18 00:00:00.000;277,0;UGB ;;0,0;9027
2017-03-18 00:00:00.000;277,0;UGB ;;0,0;9028
2017-03-18 00:00:00.000;258,0;UGB ;1;0,0;9029
2017-03-18 00:00:00.000;225,0;UGB ;4;0,0;9030
2017-03-18 00:00:00.000;293,0;UGB ;1;0,0;9031
2017-03-18 00:00:00.000;221,0;UGB ;4;0,0;9032
2017-03-18 00:00:00.000;201,0;UGB ;4;0,0;9033
2017-03-18 00:00:00.000;251,0;UGB ;;0,0;9034
2017-03-18 00:00:00.000;244,0;UGB ;;0,0;9035
2017-03-18 00:00:00.000;264,0;UGB ;3;0,0;9036
2017-03-18 00:00:00.000;158,0;UGB ;1;0,0;9037
2017-03-18 00:00:00.000;190,0;UGB ;;0,0;9038
2017-03-18 00:00:00.000;243,0;UGB ;;0,0;9039
2017-03-18 00:00:00.000;114,0;UGB ;;0,0;9040
2017-03-18 00:00:00.000;125,0;UGB ;3;0,0;9041
2017-03-18 00:00:00.000;196,0;UGB ;4;0,0;9042
2017-03-18 00:00:00.000;202,0;UGB ;1;0,0;9043
2017-03-18 00:00:00.000;129,0;UGB ;;0,0;9044
2017-04-18 00:00:00.000;165,0;WAO ;3;0,0;9045
2017-04-18 00:00:00.000;270,0;WAO ;3;0,0;9046
2017-04-18 00:00:00.000;119,0;WAO ;3;0,0;9047
2017-04-18 00:00:00.000;262,0;WAO ;4;0,0;9048
2017-04-18 00:00:00.000;256,0;WAO ;;0,0;9049
2017-04-18 00:00:00.000;223,0;WAO ;4;0,0;9050
2017-04-18 00:00:00.000;156,0;WAO ;3;0,0;9051
2017-04-18 00:00:00.000;168,0;WAO ;4;0,0;9052
2017-04-18 00:00:00.000;211,0;WAO ;1;0,0;9053
2017-04-18 00:00:00.000;288,0;WAO ;;0,0;9054
2017-04-18 00:00:00.000;237,0;WAO ;;0,0;9055
2017-04-18 00:00:00.000;129,0;WAO ;4;0,0;9056
2017-04-18 00:00:00.000;275,0;WAO ;3;0,0;9057
2017-04-18 00:00:00.000;152,0;WAO ;3;0,0;9058
2017-11-18 00:00:00.000;205,0;8080;4;0,0;9059
2017-11-18 00:00:00.000;215,0;8080;4;0,0;9060
2017-11-18 00:00:00.000;248,0;8080;3;0,0;9061
2017-11-18 00:00:00.000;294,0;8080;1;0,0;9062
2017-11-18 00:00:00.000;209,0;8080;4;0,0;9063
2017-11-18 00:00:00.000;190,0;8080;1;0,0;9064
2017-11-18 00:00:00.000;221,0;8080;1;0,0;9065
2017-11-18 00:00:00.000;207,0;8080;1;0,0;9066
2017-11-18 00:00:00.000;175,0;8080;1;0,0;9067
2017-11-18 00:00:00.000;205,0;8080;3;0,0;9068
2017-11-18 00:00:00.000;229,0;8080;4;0,0;9069
2017-11-18 00:00:00.000;256,0;8080;1;0,0;9070
2017-11-18 00:00:00.000;188,0;8080;1;0,0;9071
2017-11-18 00:00:00.000;272,0;8080;;0,0;9072
2017-11-18 00:00:00.000;141,0;8080;3;0,0;9073
2017-11-18 00:00:00.000;216,0;8080;3;0,0;9074
2017-11-18 00:00:00.000;205,0;8080;1;0,0;9075
2017-11-18 00:00:00.000;248,0;8080;;0,0;9076
2017-11-18 00:00:00.000;150,0;8080;3;0,0;9077
2017-11-18 00:00:00.000;272,0;8080;;0,0;9078
2017-11-18 00:00:00.000;198,0;8080;1;0,0;9079
2017-12-18 00:00:00.000;248,0;8080;1;0,0;9080
2017-12-18 00:00:00.000;207,0;8080;4;0,0;9081
2017-12-18 00:00:00.000;219,0;8080;1;0,0;9082
2017-12-18 00:00:00.000;202,0;8080;3;28,9;9083
2017-12-18 00:00:00.000;111,0;8080;4;0,0;9084
2017-12-18 00:00:00.000;146,0;8080;;0,0;9085
2017-12-18 00:00:00.000;299,0;8080;3;0,0;9086
2017-12-18 00:00:00.000;137,0;8080;;0,0;9087
2017-12-18 00:00:00.000;174,0;8080;1;0,0;9088
2017-12-18 00:00:00.000;242,0;8080;4;0,0;9089
2017-12-18 00:00:00.000;187,0;8080;1;0,0;9090
2017-12-18 00:00:00.000;125,0;8080;;0,0;9091
2017-12-18 00:00:00.000;262,0;8080;;0,0;9092
2017-12-18 00:00:00.000;124,0;8080;1;0,0;9093
2017-12-18 00:00:00.000;233,0;8080;4;0,0;9094
2017-12-18 00:00:00.000;192,0;8080;1;0,0;9095
2017-12-18 00:00:00.000;138,0;8080;3;0,0;9096
2017-12-18 00:00:00.000;214,0;8080;4;0,0;9097
2017-12-18 00:00:00.000;144,0;8080;4;0,0;9098
2017-12-18 00:00:00.000;271,0;8080;1;0,0;9099
2017-12-18 00:00:00.000;139,0;8080;4;0,0;9100
2017-12-18 00:00:00.000;218,0;8080;3;0,0;9101
2017-12-18 00:00:00.000;117,0;8080;3;0,0;9102
2017-12-18 00:00:00.000;258,0;8080;1;0,0;9103
2017-12-18 00:00:00.000;189,0;8080;3;0,0;9104
2017-12-18 00:00:00.000;153,0;8080;3;0,0;9105
2017-12-18 00:00:00.000;149,0;8080;3;0,0;9106
2017-12-18 00:00:00.000;121,0;8080;1;0,0;9107
2017-12-18 00:00:00.000;134,0;8080;4;0,0;9108
2017-12-18 00:00:00.000;306,0;8080;1;0,0;9109
2017-12-18 00:00:00.000;264,0;8080;1;0,0;9110
2017-12-18 00:00:00.000;269,0;8080;1;0,0;9111
2017-12-18 00:00:00.000;272,0;8080;1;0,0;9112
2017-12-18 00:00:00.000;236,0;8080;1;0,0;9113
2017-12-18 00:00:00.000;154,0;8080;4;0,0;9114
2017-12-18 00:00:00.000;305,0;8080;1;0,0;9115
2017-12-18 00:00:00.000;149,0;8080;1;0,0;9116
2017-12-18 00:00:00.000;236,0;8080;4;0,0;9117
2017-12-18 00:00:00.000;302,0;8080;1;0,0;9118
2017-12-18 00:00:00.000;137,0;8080;1;0,0;9119
2017-12-18 00:00:00.000;148,0;8080;4;0,0;9120
2017-12-18 00:00:00.000;153,0;8080;3;0,0;9121
2017-12-18 00:00:00.000;183,0;8080;1;0,0;9122
2017-12-18 00:00:00.000;300,0;8080;;0,0;9123
2017-12-18 00:00:00.000;205,0;8080;;0,0;9124
2017-12-18 00:00:00.000;186,0;8080;3;0,0;9125
2017-12-18 00:00:00.000;153,0;8080;3;0,0;9126
2017-12-18 00:00:00.000;272,0;8080;3;0,0;9127
2017-12-18 00:00:00.000;170,0;8080;3;0,0;9128
2017-12-18 00:00:00.000;233,0;8080;3;0,0;9129
2017-12-18 00:00:00.000;246,0;8080;1;0,0;9130
2017-12-18 00:00:00.000;249,0;8080;;0,0;9131
2017-12-18 00:00:00.000;293,0;8080;4;0,0;9132
2017-12-18 00:00:00.000;148,0;8080;4;0,0;9133
2017-12-18 00:00:00.000;222,0;8080;1;0,0;9134
2017-12-18 00:00:00.000;181,0;8080;4;0,0;9135
2017-12-18 00:00:00.000;196,0;8080;3;0,0;9136
2017-12-18 00:00:00.000;122,0;8080;4;0,0;9137
2017-12-18 00:00:00.000;143,0;8080;;0,0;9138
2017-12-18 00:00:00.000;195,0;8080;;0,0;9139
2017-12-18 00:00:00.000;136,0;8080;;0,0;9140
2017-12-18 00:00:00.000;250,0;8080;;0,0;9141
2017-12-18 00:00:00.000;303,0;8080;1;0,0;9142
2017-12-18 00:00:00.000;307,0;8080;3;0,0;9143
2017-12-18 00:00:00.000;168,0;8080;3;0,0;9144
2017-12-18 00:00:00.000;124,0;8080;4;0,0;9145
2017-12-18 00:00:00.000;165,0;8080;1;0,0;9146
2017-12-18 00:00:00.000;151,0;8080;4;0,0;9147
2017-12-18 00:00:00.000;296,0;8080;3;0,0;9148
2017-12-18 00:00:00.000;178,0;8080;1;0,0;9149
2017-12-18 00:00:00.000;243,0;8080;1;0,0;9150
2017-12-18 00:00:00.000;268,0;8080;1;0,0;9151
2017-12-18 00:00:00.000;240,0;8080;4;0,0;9152
2017-12-18 00:00:00.000;164,0;8080;3;0,0;9153
2017-12-18 00:00:00.000;285,0;8080;1;0,0;9154
2017-12-18 00:00:00.000;297,0;8080;1;0,0;9155
2017-12-18 00:00:00.000;168,0;8080;3;0,0;9156
2017-12-18 00:00:00.000;275,0;8080;1;0,0;9157
2017-12-18 00:00:00.000;135,0;8080;3;0,0;9158
2017-12-18 00:00:00.000;169,0;8080;4;0,0;9159
2017-12-18 00:00:00.000;143,0;8080;;0,0;9160
2017-12-18 00:00:00.000;200,0;8080;3;0,0;9161
2017-12-18 00:00:00.000;296,0;8080;1;0,0;9162
2017-12-18 00:00:00.000;164,0;8080;1;0,0;9163
2017-12-18 00:00:00.000;229,0;8080;1;0,0;9164
2017-12-18 00:00:00.000;242,0;8080;4;0,0;9165
2017-12-18 00:00:00.000;153,0;8080;1;0,0;9166
2017-12-18 00:00:00.000;144,0;8080;4;0,0;9167
2017-12-18 00:00:00.000;192,0;8080;4;0,0;9168
2017-12-18 00:00:00.000;247,0;8080;4;0,0;9169
2017-12-18 00:00:00.000;149,0;8080;;0,0;9170
2017-12-18 00:00:00.000;254,0;8080;4;0,0;9171
2017-12-18 00:00:00.000;190,0;8080;1;0,0;9172
2017-12-18 00:00:00.000;300,0;8080;1;0,0;9173
2017-12-18 00:00:00.000;178,0;8080;3;0,0;9174
2017-12-18 00:00:00.000;159,0;8080;3;0,0;9175
2017-12-18 00:00:00.000;280,0;8080;4;0,0;9176
2017-12-18 00:00:00.000;151,0;8080;3;0,0;9177
2017-12-18 00:00:00.000;127,0;8080;4;0,0;9178
2017-12-18 00:00:00.000;268,0;8080;3;0,0;9179
2017-12-18 00:00:00.000;250,0;8080;;0,0;9180
2017-12-18 00:00:00.000;241,0;8080;1;0,0;9181
2017-12-18 00:00:00.000;183,0;8080;1;0,0;9182
2017-12-18 00:00:00.000;204,0;8080;1;0,0;9183
2017-01-19 00:00:00.000;148,0;UGB ;4;0,0;9184
2017-01-19 00:00:00.000;311,0;UGB ;3;0,0;9185
2017-01-19 00:00:00.000;257,0;UGB ;1;0,0;9186
2017-01-19 00:00:00.000;268,0;UGB ;4;0,0;9187
2017-01-19 00:00:00.000;155,0;UGB ;1;0,0;9188
2017-01-19 00:00:00.000;198,0;UGB ;4;0,0;9189
2017-01-19 00:00:00.000;138,0;UGB ;3;0,0;9190
2017-01-19 00:00:00.000;208,0;UGB ;1;0,0;9191
2017-01-19 00:00:00.000;213,0;UGB ;3;0,0;9192
2017-01-19 00:00:00.000;155,0;UGB ;1;0,0;9193
2017-01-19 00:00:00.000;130,0;UGB ;3;0,0;9194
2017-01-19 00:00:00.000;255,0;UGB ;;0,0;9195
2017-01-19 00:00:00.000;301,0;UGB ;3;0,0;9196
2017-01-19 00:00:00.000;219,0;UGB ;1;0,0;9197
2017-01-19 00:00:00.000;150,0;UGB ;;0,0;9198
2017-01-19 00:00:00.000;140,0;UGB ;;0,0;9199
2017-01-19 00:00:00.000;295,0;UGB ;;0,0;9200
2017-01-19 00:00:00.000;147,0;UGB ;;0,0;9201
2017-01-19 00:00:00.000;248,0;UGB ;4;0,0;9202
2017-01-19 00:00:00.000;175,0;UGB ;;0,0;9203
2017-01-19 00:00:00.000;156,0;UGB ;1;0,0;9204
2017-01-19 00:00:00.000;312,0;UGB ;4;0,0;9205
2017-01-19 00:00:00.000;161,0;UGB ;;0,0;9206
2017-01-19 00:00:00.000;148,0;UGB ;1;0,0;9207
2017-01-19 00:00:00.000;179,0;UGB ;1;0,0;9208
2017-01-19 00:00:00.000;274,0;UGB ;1;0,0;9209
2017-02-19 00:00:00.000;169,0;UGB ;3;0,0;9210
2017-02-19 00:00:00.000;175,0;UGB ;;0,0;9211
2017-02-19 00:00:00.000;289,0;UGB ;4;0,0;9212
2017-02-19 00:00:00.000;180,0;UGB ;3;0,0;9213
2017-02-19 00:00:00.000;276,0;UGB ;3;0,0;9214
2017-02-19 00:00:00.000;279,0;UGB ;;0,0;9215
2017-02-19 00:00:00.000;130,0;UGB ;;0,0;9216
2017-02-19 00:00:00.000;295,0;UGB ;3;0,0;9217
2017-02-19 00:00:00.000;157,0;UGB ;4;0,0;9218
2017-02-19 00:00:00.000;117,0;UGB ;4;0,0;9219
2017-02-19 00:00:00.000;240,0;UGB ;4;0,0;9220
2017-02-19 00:00:00.000;135,0;UGB ;;0,0;9221
2017-02-19 00:00:00.000;125,0;UGB ;3;0,0;9222
2017-02-19 00:00:00.000;303,0;UGB ;4;0,0;9223
2017-02-19 00:00:00.000;180,0;UGB ;4;0,0;9224
2017-02-19 00:00:00.000;275,0;UGB ;;0,0;9225
2017-02-19 00:00:00.000;154,0;UGB ;;0,0;9226
2017-02-19 00:00:00.000;213,0;UGB ;3;0,0;9227
2017-02-19 00:00:00.000;243,0;UGB ;3;0,0;9228
2017-02-19 00:00:00.000;225,0;UGB ;1;0,0;9229
2017-02-19 00:00:00.000;278,0;UGB ;;0,0;9230
2017-02-19 00:00:00.000;142,0;UGB ;4;0,0;9231
2017-02-19 00:00:00.000;179,0;UGB ;;0,0;9232
2017-02-19 00:00:00.000;200,0;UGB ;3;0,0;9233
2017-03-19 00:00:00.000;205,0;UGB ;1;0,0;9234
2017-03-19 00:00:00.000;150,0;UGB ;4;0,0;9235
2017-03-19 00:00:00.000;250,0;UGB ;4;0,0;9236
2017-03-19 00:00:00.000;283,0;UGB ;;0,0;9237
2017-03-19 00:00:00.000;286,0;UGB ;1;0,0;9238
2017-03-19 00:00:00.000;223,0;UGB ;4;0,0;9239
2017-03-19 00:00:00.000;139,0;UGB ;1;0,0;9240
2017-03-19 00:00:00.000;164,0;UGB ;3;0,0;9241
2017-04-19 00:00:00.000;297,0;WAO ;1;0,0;9242
2017-04-19 00:00:00.000;228,0;WAO ;4;0,0;9243
2017-04-19 00:00:00.000;246,0;WAO ;4;0,0;9244
2017-04-19 00:00:00.000;248,0;WAO ;;0,0;9245
2017-04-19 00:00:00.000;215,0;WAO ;1;0,0;9246
2017-04-19 00:00:00.000;174,0;WAO ;1;0,0;9247
2017-04-19 00:00:00.000;143,0;WAO ;3;0,0;9248
2017-04-19 00:00:00.000;267,0;WAO ;1;0,0;9249
2017-04-19 00:00:00.000;175,0;WAO ;3;0,0;9250
2017-04-19 00:00:00.000;229,0;WAO ;1;0,0;9251
2017-04-19 00:00:00.000;165,0;WAO ;;0,0;9252
2017-04-19 00:00:00.000;159,0;WAO ;;0,0;9253
2017-04-19 00:00:00.000;134,0;WAO ;4;0,0;9254
2017-11-19 00:00:00.000;113,0;8080;4;0,0;9255
2017-11-19 00:00:00.000;261,0;8080;3;0,0;9256
2017-11-19 00:00:00.000;259,0;8080;4;0,0;9257
2017-11-19 00:00:00.000;139,0;8080;3;0,0;9258
2017-11-19 00:00:00.000;277,0;8080;3;0,0;9259
2017-11-19 00:00:00.000;238,0;8080;3;0,0;9260
2017-11-19 00:00:00.000;256,0;8080;4;0,0;9261
2017-11-19 00:00:00.000;115,0;8080;4;0,0;9262
2017-11-19 00:00:00.000;154,0;8080;;0,0;9263
2017-11-19 00:00:00.000;225,0;8080;1;0,0;9264
2017-11-19 00:00:00.000;114,0;8080;3;0,0;9265
2017-11-19 00:00:00.000;310,0;8080;4;0,0;9266
2017-11-19 00:00:00.000;200,0;8080;1;0,0;9267
2017-11-19 00:00:00.000;211,0;8080;3;0,0;9268
2017-11-19 00:00:00.000;193,0;8080;3;0,0;9269
2017-11-19 00:00:00.000;172,0;8080;4;0,0;9270
2017-11-19 00:00:00.000;221,0;8080;3;0,0;9271
2017-11-19 00:00:00.000;227,0;8080;4;0,0;9272
2017-11-19 00:00:00.000;301,0;8080;1;0,0;9273
2017-11-19 00:00:00.000;253,0;8080;1;0,0;9274
2017-11-19 00:00:00.000;197,0;8080;3;0,0;9275
2017-11-19 00:00:00.000;237,0;8080;1;0,0;9276
2017-11-19 00:00:00.000;246,0;8080;1;0,0;9277
2017-11-19 00:00:00.000;175,0;8080;1;0,0;9278
2017-11-19 00:00:00.000;215,0;8080;3;0,0;9279
2017-11-19 00:00:00.000;198,0;8080;4;0,0;9280
2017-11-19 00:00:00.000;216,0;8080;1;0,0;9281
2017-11-19 00:00:00.000;163,0;8080;4;0,0;9282
2017-11-19 00:00:00.000;219,0;8080;;0,0;9283
2017-11-19 00:00:00.000;238,0;8080;;0,0;9284
2017-11-19 00:00:00.000;299,0;8080;4;0,0;9285
2017-11-19 00:00:00.000;287,0;8080;1;0,0;9286
2017-11-19 00:00:00.000;235,0;8080;4;0,0;9287
2017-11-19 00:00:00.000;311,0;8080;;0,0;9288
2017-11-19 00:00:00.000;290,0;8080;1;0,0;9289
2017-12-19 00:00:00.000;134,0;8080;4;0,0;9290
2017-12-19 00:00:00.000;228,0;8080;1;0,0;9291
2017-12-19 00:00:00.000;264,0;8080;1;0,0;9292
2017-12-19 00:00:00.000;312,0;8080;3;0,0;9293
2017-12-19 00:00:00.000;212,0;8080;3;0,0;9294
2017-12-19 00:00:00.000;254,0;8080;1;0,0;9295
2017-12-19 00:00:00.000;226,0;8080;4;0,0;9296
2017-12-19 00:00:00.000;174,0;8080;1;0,0;9297
2017-12-19 00:00:00.000;240,0;8080;;0,0;9298
2017-12-19 00:00:00.000;185,0;8080;1;0,0;9299
2017-12-19 00:00:00.000;111,0;8080;1;0,0;9300
2017-12-19 00:00:00.000;219,0;8080;1;0,0;9301
2017-12-19 00:00:00.000;197,0;8080;3;0,0;9302
2017-12-19 00:00:00.000;112,0;8080;3;0,0;9303
2017-12-19 00:00:00.000;309,0;8080;1;0,0;9304
2017-12-19 00:00:00.000;287,0;8080;1;0,0;9305
2017-12-19 00:00:00.000;255,0;8080;;0,0;9306
2017-12-19 00:00:00.000;167,0;8080;1;0,0;9307
2017-12-19 00:00:00.000;132,0;8080;1;0,0;9308
2017-12-19 00:00:00.000;244,0;8080;1;0,0;9309
2017-12-19 00:00:00.000;164,0;8080;3;0,0;9310
2017-12-19 00:00:00.000;230,0;8080;1;0,0;9311
2017-12-19 00:00:00.000;112,0;8080;;0,0;9312
2017-12-19 00:00:00.000;121,0;8080;4;0,0;9313
2017-12-19 00:00:00.000;166,0;8080;3;0,0;9314
2017-12-19 00:00:00.000;117,0;8080;3;0,0;9315
2017-12-19 00:00:00.000;134,0;8080;4;0,0;9316
2017-12-19 00:00:00.000;113,0;8080;4;0,0;9317
2017-12-19 00:00:00.000;145,0;8080;1;0,0;9318
2017-12-19 00:00:00.000;217,0;8080;1;0,0;9319
2017-12-19 00:00:00.000;275,0;8080;4;0,0;9320
2017-12-19 00:00:00.000;210,0;8080;4;0,0;9321
2017-12-19 00:00:00.000;203,0;8080;1;0,0;9322
2017-12-19 00:00:00.000;127,0;8080;3;0,0;9323
2017-12-19 00:00:00.000;268,0;8080;4;0,0;9324
2017-12-19 00:00:00.000;116,0;8080;;0,0;9325
2017-12-19 00:00:00.000;211,0;8080;3;0,0;9326
2017-12-19 00:00:00.000;231,0;8080;4;0,0;9327
2017-12-19 00:00:00.000;300,0;8080;1;0,0;9328
2017-12-19 00:00:00.000;214,0;8080;;0,0;9329
2017-12-19 00:00:00.000;155,0;8080;;0,0;9330
2017-12-19 00:00:00.000;264,0;8080;1;0,0;9331
2017-12-19 00:00:00.000;226,0;8080;1;0,0;9332
2017-12-19 00:00:00.000;287,0;8080;4;0,0;9333
2017-12-19 00:00:00.000;147,0;8080;3;0,0;9334
2017-12-19 00:00:00.000;273,0;8080;3;0,0;9335
2017-12-19 00:00:00.000;143,0;8080;1;0,0;9336
2017-12-19 00:00:00.000;282,0;8080;3;0,0;9337
2017-12-19 00:00:00.000;131,0;8080;4;0,0;9338
2017-12-19 00:00:00.000;120,0;8080;1;0,0;9339
2017-12-19 00:00:00.000;278,0;8080;1;0,0;9340
2017-12-19 00:00:00.000;149,0;8080;3;0,0;9341
2017-12-19 00:00:00.000;171,0;8080;4;0,0;9342
2017-12-19 00:00:00.000;264,0;8080;3;0,0;9343
2017-12-19 00:00:00.000;126,0;8080;3;0,0;9344
2017-12-19 00:00:00.000;245,0;8080;4;0,0;9345
2017-12-19 00:00:00.000;235,0;8080;1;0,0;9346
2017-12-19 00:00:00.000;142,0;8080;1;0,0;9347
2017-12-19 00:00:00.000;130,0;8080;1;0,0;9348
2017-12-19 00:00:00.000;115,0;8080;4;0,0;9349
2017-12-19 00:00:00.000;145,0;8080;3;0,0;9350
2017-12-19 00:00:00.000;153,0;8080;4;0,0;9351
2017-12-19 00:00:00.000;154,0;8080;4;0,0;9352
2017-12-19 00:00:00.000;180,0;8080;1;0,0;9353
2017-12-19 00:00:00.000;205,0;8080;1;0,0;9354
2017-12-19 00:00:00.000;147,0;8080;;0,0;9355
2017-12-19 00:00:00.000;258,0;8080;3;0,0;9356
2017-12-19 00:00:00.000;179,0;8080;3;0,0;9357
2017-12-19 00:00:00.000;269,0;8080;1;0,0;9358
2017-12-19 00:00:00.000;134,0;8080;4;0,0;9359
2017-12-19 00:00:00.000;199,0;8080;3;0,0;9360
2017-12-19 00:00:00.000;113,0;8080;4;0,0;9361
2017-12-19 00:00:00.000;141,0;8080;;0,0;9362
2017-12-19 00:00:00.000;308,0;8080;1;0,0;9363
2017-12-19 00:00:00.000;242,0;8080;1;0,0;9364
2017-12-19 00:00:00.000;182,0;8080;;0,0;9365
2017-12-19 00:00:00.000;294,0;8080;4;0,0;9366
2017-12-19 00:00:00.000;168,0;8080;1;0,0;9367
2017-12-19 00:00:00.000;145,0;8080;4;0,0;9368
2017-12-19 00:00:00.000;121,0;8080;1;0,0;9369
2017-12-19 00:00:00.000;306,0;8080;3;0,0;9370
2017-12-19 00:00:00.000;141,0;8080;3;0,0;9371
2017-12-19 00:00:00.000;260,0;8080;1;0,0;9372
2017-12-19 00:00:00.000;195,0;8080;4;0,0;9373
2017-12-19 00:00:00.000;170,0;8080;4;0,0;9374
2017-12-19 00:00:00.000;228,0;8080;1;0,0;9375
2017-12-19 00:00:00.000;164,0;8080;1;0,0;9376
2017-12-19 00:00:00.000;281,0;8080;1;0,0;9377
2017-12-19 00:00:00.000;206,0;8080;1;0,0;9378
2017-12-19 00:00:00.000;298,0;8080;3;0,0;9379
2017-12-19 00:00:00.000;211,0;8080;1;0,0;9380
2017-12-19 00:00:00.000;201,0;8080;1;0,0;9381
2017-12-19 00:00:00.000;301,0;8080;1;0,0;9382
2017-12-19 00:00:00.000;254,0;8080;4;0,0;9383
2017-12-19 00:00:00.000;239,0;8080;4;0,0;9384
2017-12-19 00:00:00.000;170,0;8080;4;0,0;9385
2017-12-19 00:00:00.000;208,0;8080;1;0,0;9386
2017-12-19 00:00:00.000;230,0;8080;1;0,0;9387
2017-12-19 00:00:00.000;240,0;8080;1;0,0;9388
2017-12-19 00:00:00.000;309,0;8080;;0,0;9389
2017-12-19 00:00:00.000;300,0;8080;3;0,0;9390
2017-12-19 00:00:00.000;292,0;8080;3;0,0;9391
2017-12-19 00:00:00.000;250,0;8080;3;0,0;9392
2017-12-19 00:00:00.000;144,0;8080;3;0,0;9393
2017-12-19 00:00:00.000;287,0;8080;4;0,0;9394
2017-12-19 00:00:00.000;228,0;8080;4;0,0;9395
2017-12-19 00:00:00.000;205,0;8080;4;0,0;9396
2017-12-19 00:00:00.000;289,0;8080;3;0,0;9397
2017-12-19 00:00:00.000;203,0;8080;3;0,0;9398
2017-12-19 00:00:00.000;212,0;8080;1;0,0;9399
2017-12-19 00:00:00.000;271,0;8080;1;0,0;9400
2017-12-19 00:00:00.000;307,0;8080;1;0,0;9401
2017-12-19 00:00:00.000;297,0;8080;4;0,0;9402
2017-12-19 00:00:00.000;168,0;8080;1;0,0;9403
2017-12-19 00:00:00.000;134,0;8080;1;0,0;9404
2017-12-19 00:00:00.000;199,0;8080;1;0,0;9405
2017-12-19 00:00:00.000;166,0;8080;1;0,0;9406
2017-12-19 00:00:00.000;150,0;8080;3;0,0;9407
2017-12-19 00:00:00.000;273,0;8080;4;0,0;9408
2017-12-19 00:00:00.000;307,0;8080;1;0,0;9409
2017-12-19 00:00:00.000;120,0;8080;4;0,0;9410
2017-12-19 00:00:00.000;255,0;8080;4;0,0;9411
2017-12-19 00:00:00.000;249,0;8080;4;0,0;9412
2017-12-19 00:00:00.000;254,0;8080;;0,0;9413
2017-12-19 00:00:00.000;196,0;8080;4;0,0;9414
2017-12-19 00:00:00.000;268,0;8080;3;0,0;9415
2017-12-19 00:00:00.000;274,0;8080;4;0,0;9416
2017-12-19 00:00:00.000;261,0;8080;1;0,0;9417
2017-12-19 00:00:00.000;193,0;8080;3;0,0;9418
2017-12-19 00:00:00.000;211,0;8080;4;0,0;9419
2017-12-19 00:00:00.000;197,0;8080;;0,0;9420
2017-12-19 00:00:00.000;137,0;8080;1;0,0;9421
2017-12-19 00:00:00.000;238,0;8080;3;0,0;9422
2017-12-19 00:00:00.000;283,0;8080;1;0,0;9423
2017-12-19 00:00:00.000;230,0;8080;3;0,0;9424
2017-12-19 00:00:00.000;193,0;8080;1;0,0;9425
2017-12-19 00:00:00.000;251,0;8080;4;0,0;9426
2017-12-19 00:00:00.000;238,0;8080;;0,0;9427
2017-12-19 00:00:00.000;301,0;8080;4;0,0;9428
2017-01-20 00:00:00.000;138,0;UGB ;3;0,0;9429
2017-01-20 00:00:00.000;119,0;UGB ;4;0,0;9430
2017-01-20 00:00:00.000;142,0;UGB ;;0,0;9431
2017-01-20 00:00:00.000;146,0;UGB ;4;0,0;9432
2017-01-20 00:00:00.000;127,0;UGB ;;0,0;9433
2017-01-20 00:00:00.000;214,0;UGB ;1;0,0;9434
2017-01-20 00:00:00.000;279,0;UGB ;4;0,0;9435
2017-01-20 00:00:00.000;302,0;UGB ;1;0,0;9436
2017-01-20 00:00:00.000;203,0;UGB ;;0,0;9437
2017-01-20 00:00:00.000;205,0;UGB ;1;0,0;9438
2017-01-20 00:00:00.000;208,0;UGB ;1;0,0;9439
2017-01-20 00:00:00.000;297,0;UGB ;;0,0;9440
2017-01-20 00:00:00.000;211,0;UGB ;1;0,0;9441
2017-01-20 00:00:00.000;239,0;UGB ;3;0,0;9442
2017-01-20 00:00:00.000;196,0;UGB ;;0,0;9443
2017-02-20 00:00:00.000;141,0;UGB ;4;0,0;9444
2017-02-20 00:00:00.000;275,0;UGB ;1;0,0;9445
2017-02-20 00:00:00.000;172,0;UGB ;4;0,0;9446
2017-02-20 00:00:00.000;171,0;UGB ;4;0,0;9447
2017-02-20 00:00:00.000;116,0;UGB ;3;0,0;9448
2017-02-20 00:00:00.000;242,0;UGB ;;0,0;9449
2017-02-20 00:00:00.000;192,0;UGB ;3;0,0;9450
2017-02-20 00:00:00.000;307,0;UGB ;;0,0;9451
2017-02-20 00:00:00.000;212,0;UGB ;;0,0;9452
2017-02-20 00:00:00.000;215,0;UGB ;1;0,0;9453
2017-02-20 00:00:00.000;132,0;UGB ;1;0,0;9454
2017-02-20 00:00:00.000;268,0;UGB ;4;0,0;9455
2017-02-20 00:00:00.000;246,0;UGB ;;0,0;9456
2017-02-20 00:00:00.000;166,0;UGB ;;0,0;9457
2017-02-20 00:00:00.000;304,0;UGB ;1;0,0;9458
2017-02-20 00:00:00.000;241,0;UGB ;3;0,0;9459
2017-02-20 00:00:00.000;223,0;UGB ;4;0,0;9460
2017-02-20 00:00:00.000;165,0;UGB ;3;0,0;9461
2017-02-20 00:00:00.000;168,0;UGB ;1;0,0;9462
2017-02-20 00:00:00.000;213,0;UGB ;4;0,0;9463
2017-02-20 00:00:00.000;259,0;UGB ;;0,0;9464
2017-02-20 00:00:00.000;291,0;UGB ;;0,0;9465
2017-02-20 00:00:00.000;225,0;UGB ;;0,0;9466
2017-02-20 00:00:00.000;199,0;UGB ;;0,0;9467
2017-02-20 00:00:00.000;241,0;UGB ;1;0,0;9468
2017-03-20 00:00:00.000;224,0;UGB ;3;0,0;9469
2017-03-20 00:00:00.000;186,0;UGB ;3;0,0;9470
2017-03-20 00:00:00.000;130,0;UGB ;3;0,0;9471
2017-03-20 00:00:00.000;238,0;UGB ;1;0,0;9472
2017-03-20 00:00:00.000;115,0;UGB ;;0,0;9473
2017-03-20 00:00:00.000;218,0;UGB ;3;0,0;9474
2017-03-20 00:00:00.000;250,0;UGB ;1;0,0;9475
2017-03-20 00:00:00.000;289,0;UGB ;;0,0;9476
2017-03-20 00:00:00.000;183,0;UGB ;;0,0;9477
2017-03-20 00:00:00.000;199,0;UGB ;1;0,0;9478
2017-03-20 00:00:00.000;131,0;UGB ;;0,0;9479
2017-04-20 00:00:00.000;205,0;WAO ;3;0,0;9480
2017-04-20 00:00:00.000;255,0;WAO ;4;0,0;9481
2017-04-20 00:00:00.000;227,0;WAO ;4;0,0;9482
2017-04-20 00:00:00.000;132,0;WAO ;1;0,0;9483
2017-04-20 00:00:00.000;124,0;WAO ;3;0,0;9484
2017-04-20 00:00:00.000;129,0;WAO ;1;0,0;9485
2017-04-20 00:00:00.000;194,0;WAO ;1;0,0;9486
2017-04-20 00:00:00.000;153,0;WAO ;4;0,0;9487
2017-04-20 00:00:00.000;187,0;WAO ;3;0,0;9488
2017-04-20 00:00:00.000;244,0;WAO ;1;0,0;9489
2017-04-20 00:00:00.000;287,0;WAO ;3;0,0;9490
2017-04-20 00:00:00.000;236,0;WAO ;;0,0;9491
2017-04-20 00:00:00.000;179,0;WAO ;3;0,0;9492
2017-04-20 00:00:00.000;188,0;WAO ;3;0,0;9493
2017-04-20 00:00:00.000;276,0;WAO ;1;0,0;9494
2017-04-20 00:00:00.000;193,0;WAO ;3;0,0;9495
2017-04-20 00:00:00.000;149,0;WAO ;1;0,0;9496
2017-11-20 00:00:00.000;273,0;8080;;0,0;9497
2017-11-20 00:00:00.000;134,0;8080;3;0,0;9498
2017-11-20 00:00:00.000;169,0;8080;1;0,0;9499
2017-11-20 00:00:00.000;126,0;8080;4;0,0;9500
2017-11-20 00:00:00.000;229,0;8080;3;0,0;9501
2017-11-20 00:00:00.000;115,0;8080;;0,0;9502
2017-11-20 00:00:00.000;200,0;8080;3;0,0;9503
2017-11-20 00:00:00.000;171,0;8080;4;0,0;9504
2017-11-20 00:00:00.000;274,0;8080;;0,0;9505
2017-11-20 00:00:00.000;247,0;8080;4;0,0;9506
2017-12-20 00:00:00.000;126,0;8080;4;0,0;9507
2017-12-20 00:00:00.000;294,0;8080;3;0,0;9508
2017-12-20 00:00:00.000;240,0;8080;4;0,0;9509
2017-12-20 00:00:00.000;221,0;8080;4;0,0;9510
2017-12-20 00:00:00.000;250,0;8080;4;0,0;9511
2017-12-20 00:00:00.000;222,0;8080;;0,0;9512
2017-12-20 00:00:00.000;254,0;8080;;0,0;9513
2017-12-20 00:00:00.000;111,0;8080;1;0,0;9514
2017-12-20 00:00:00.000;202,0;8080;1;0,0;9515
2017-12-20 00:00:00.000;232,0;8080;1;0,0;9516
2017-12-20 00:00:00.000;165,0;8080;1;0,0;9517
2017-12-20 00:00:00.000;293,0;8080;4;0,0;9518
2017-12-20 00:00:00.000;262,0;8080;3;0,0;9519
2017-12-20 00:00:00.000;154,0;8080;1;0,0;9520
2017-12-20 00:00:00.000;259,0;8080;1;0,0;9521
2017-12-20 00:00:00.000;296,0;8080;1;0,0;9522
2017-12-20 00:00:00.000;310,0;8080;4;0,0;9523
2017-12-20 00:00:00.000;121,0;8080;3;0,0;9524
2017-12-20 00:00:00.000;210,0;8080;4;0,0;9525
2017-12-20 00:00:00.000;252,0;8080;3;0,0;9526
2017-12-20 00:00:00.000;181,0;8080;4;0,0;9527
2017-12-20 00:00:00.000;113,0;8080;4;0,0;9528
2017-12-20 00:00:00.000;157,0;8080;;0,0;9529
2017-12-20 00:00:00.000;301,0;8080;1;0,0;9530
2017-12-20 00:00:00.000;215,0;8080;4;0,0;9531
2017-12-20 00:00:00.000;232,0;8080;4;0,0;9532
2017-12-20 00:00:00.000;223,0;8080;4;0,0;9533
2017-12-20 00:00:00.000;144,0;8080;4;0,0;9534
2017-12-20 00:00:00.000;246,0;8080;3;0,0;9535
2017-12-20 00:00:00.000;126,0;8080;4;0,0;9536
2017-12-20 00:00:00.000;169,0;8080;;0,0;9537
2017-12-20 00:00:00.000;113,0;8080;1;0,0;9538
2017-12-20 00:00:00.000;172,0;8080;3;0,0;9539
2017-12-20 00:00:00.000;284,0;8080;1;0,0;9540
2017-12-20 00:00:00.000;307,0;8080;4;0,0;9541
2017-12-20 00:00:00.000;243,0;8080;3;0,0;9542
2017-12-20 00:00:00.000;259,0;8080;4;0,0;9543
2017-12-20 00:00:00.000;210,0;8080;1;0,0;9544
2017-12-20 00:00:00.000;140,0;8080;1;0,0;9545
2017-12-20 00:00:00.000;282,0;8080;4;0,0;9546
2017-12-20 00:00:00.000;252,0;8080;1;0,0;9547
2017-12-20 00:00:00.000;124,0;8080;;0,0;9548
2017-12-20 00:00:00.000;220,0;8080;3;0,0;9549
2017-12-20 00:00:00.000;275,0;8080;1;0,0;9550
2017-12-20 00:00:00.000;230,0;8080;4;0,0;9551
2017-12-20 00:00:00.000;160,0;8080;3;0,0;9552
2017-12-20 00:00:00.000;261,0;8080;4;0,0;9553
2017-12-20 00:00:00.000;158,0;8080;1;0,0;9554
2017-12-20 00:00:00.000;311,0;8080;4;0,0;9555
2017-12-20 00:00:00.000;133,0;8080;1;0,0;9556
2017-12-20 00:00:00.000;225,0;8080;1;0,0;9557
2017-12-20 00:00:00.000;231,0;8080;3;0,0;9558
2017-12-20 00:00:00.000;127,0;8080;3;0,0;9559
2017-12-20 00:00:00.000;195,0;8080;;0,0;9560
2017-12-20 00:00:00.000;113,0;8080;1;0,0;9561
2017-12-20 00:00:00.000;160,0;8080;4;0,0;9562
2017-12-20 00:00:00.000;121,0;8080;;0,0;9563
2017-12-20 00:00:00.000;115,0;8080;1;0,0;9564
2017-12-20 00:00:00.000;228,0;8080;1;0,0;9565
2017-12-20 00:00:00.000;117,0;8080;1;0,0;9566
2017-12-20 00:00:00.000;165,0;8080;3;0,0;9567
2017-12-20 00:00:00.000;166,0;8080;1;0,0;9568
2017-12-20 00:00:00.000;283,0;8080;1;0,0;9569
2017-12-20 00:00:00.000;272,0;8080;1;0,0;9570
2017-12-20 00:00:00.000;133,0;8080;;0,0;9571
2017-12-20 00:00:00.000;196,0;8080;1;0,0;9572
2017-12-20 00:00:00.000;229,0;8080;3;0,0;9573
2017-12-20 00:00:00.000;220,0;8080;1;0,0;9574
2017-12-20 00:00:00.000;237,0;8080;1;0,0;9575
2017-12-20 00:00:00.000;185,0;8080;3;0,0;9576
2017-12-20 00:00:00.000;220,0;8080;1;0,0;9577
2017-12-20 00:00:00.000;126,0;8080;1;0,0;9578
2017-12-20 00:00:00.000;115,0;8080;1;0,0;9579
2017-12-20 00:00:00.000;304,0;8080;4;0,0;9580
2017-12-20 00:00:00.000;118,0;8080;1;0,0;9581
2017-12-20 00:00:00.000;246,0;8080;4;0,0;9582
2017-12-20 00:00:00.000;247,0;8080;3;0,0;9583
2017-12-20 00:00:00.000;241,0;8080;3;0,0;9584
2017-12-20 00:00:00.000;200,0;8080;1;0,0;9585
2017-12-20 00:00:00.000;250,0;8080;1;0,0;9586
2017-12-20 00:00:00.000;312,0;8080;1;0,0;9587
2017-12-20 00:00:00.000;209,0;8080;3;0,0;9588
2017-12-20 00:00:00.000;279,0;8080;1;0,0;9589
2017-12-20 00:00:00.000;229,0;8080;1;0,0;9590
2017-12-20 00:00:00.000;230,0;8080;4;0,0;9591
2017-12-20 00:00:00.000;157,0;8080;4;0,0;9592
2017-12-20 00:00:00.000;244,0;8080;1;0,0;9593
2017-12-20 00:00:00.000;211,0;8080;3;0,0;9594
2017-12-20 00:00:00.000;308,0;8080;4;0,0;9595
2017-12-20 00:00:00.000;232,0;8080;;0,0;9596
2017-12-20 00:00:00.000;150,0;8080;1;0,0;9597
2017-12-20 00:00:00.000;265,0;8080;4;0,0;9598
2017-12-20 00:00:00.000;153,0;8080;4;0,0;9599
2017-12-20 00:00:00.000;171,0;8080;4;0,0;9600
2017-12-20 00:00:00.000;125,0;8080;4;0,0;9601
2017-12-20 00:00:00.000;236,0;8080;1;0,0;9602
2017-12-20 00:00:00.000;288,0;8080;3;0,0;9603
2017-12-20 00:00:00.000;140,0;8080;1;0,0;9604
2017-12-20 00:00:00.000;287,0;8080;3;0,0;9605
2017-12-20 00:00:00.000;175,0;8080;4;0,0;9606
2017-12-20 00:00:00.000;242,0;8080;1;0,0;9607
2017-12-20 00:00:00.000;235,0;8080;4;0,0;9608
2017-12-20 00:00:00.000;299,0;8080;1;0,0;9609
2017-12-20 00:00:00.000;274,0;8080;1;0,0;9610
2017-12-20 00:00:00.000;179,0;8080;1;0,0;9611
2017-12-20 00:00:00.000;308,0;8080;1;0,0;9612
2017-12-20 00:00:00.000;163,0;8080;1;0,0;9613
2017-12-20 00:00:00.000;203,0;8080;1;0,0;9614
2017-12-20 00:00:00.000;147,0;8080;1;0,0;9615
2017-12-20 00:00:00.000;200,0;8080;1;0,0;9616
2017-12-20 00:00:00.000;140,0;8080;1;0,0;9617
2017-12-20 00:00:00.000;305,0;8080;1;0,0;9618
2017-12-20 00:00:00.000;120,0;8080;4;0,0;9619
2017-12-20 00:00:00.000;236,0;8080;1;0,0;9620
2017-12-20 00:00:00.000;248,0;8080;3;0,0;9621
2017-12-20 00:00:00.000;112,0;8080;1;0,0;9622
2017-12-20 00:00:00.000;119,0;8080;4;0,0;9623
2017-12-20 00:00:00.000;284,0;8080;4;0,0;9624
2017-12-20 00:00:00.000;210,0;8080;4;0,0;9625
2017-12-20 00:00:00.000;167,0;8080;1;0,0;9626
2017-12-20 00:00:00.000;235,0;8080;4;0,0;9627
2017-12-20 00:00:00.000;135,0;8080;4;0,0;9628
2017-12-20 00:00:00.000;192,0;8080;1;0,0;9629
2017-12-20 00:00:00.000;239,0;8080;4;0,0;9630
2017-12-20 00:00:00.000;245,0;8080;3;0,0;9631
2017-12-20 00:00:00.000;244,0;8080;1;0,0;9632
2017-12-20 00:00:00.000;198,0;8080;4;0,0;9633
2017-12-20 00:00:00.000;274,0;8080;1;0,0;9634
2017-12-20 00:00:00.000;138,0;8080;1;0,0;9635
2017-12-20 00:00:00.000;242,0;8080;4;0,0;9636
2017-12-20 00:00:00.000;133,0;8080;3;0,0;9637
2017-12-20 00:00:00.000;190,0;8080;3;0,0;9638
2017-12-20 00:00:00.000;277,0;8080;4;0,0;9639
2017-12-20 00:00:00.000;138,0;8080;4;0,0;9640
2017-12-20 00:00:00.000;274,0;8080;4;0,0;9641
2017-12-20 00:00:00.000;150,0;8080;3;0,0;9642
2017-12-20 00:00:00.000;165,0;8080;4;0,0;9643
2017-12-20 00:00:00.000;112,0;8080;4;0,0;9644
2017-12-20 00:00:00.000;308,0;8080;1;0,0;9645
2017-12-20 00:00:00.000;213,0;8080;4;0,0;9646
2017-12-20 00:00:00.000;170,0;8080;4;0,0;9647
2017-12-20 00:00:00.000;159,0;8080;1;0,0;9648
2017-12-20 00:00:00.000;237,0;8080;1;0,0;9649
2017-12-20 00:00:00.000;308,0;8080;4;0,0;9650
2017-12-20 00:00:00.000;307,0;8080;4;0,0;9651
2017-12-20 00:00:00.000;275,0;8080;3;0,0;9652
2017-12-20 00:00:00.000;197,0;8080;4;0,0;9653
2017-12-20 00:00:00.000;209,0;8080;3;0,0;9654
2017-12-20 00:00:00.000;168,0;8080;1;0,0;9655
2017-12-20 00:00:00.000;154,0;8080;1;0,0;9656
2017-12-20 00:00:00.000;273,0;8080;4;0,0;9657
2017-12-20 00:00:00.000;291,0;8080;1;0,0;9658
2017-12-20 00:00:00.000;198,0;8080;4;0,0;9659
2017-12-20 00:00:00.000;230,0;8080;;0,0;9660
2017-12-20 00:00:00.000;121,0;8080;4;0,0;9661
2017-12-20 00:00:00.000;228,0;8080;4;0,0;9662
2017-12-20 00:00:00.000;235,0;8080;1;0,0;9663
2017-12-20 00:00:00.000;291,0;8080;1;0,0;9664
2017-12-20 00:00:00.000;188,0;8080;3;0,0;9665
2017-12-20 00:00:00.000;182,0;8080;4;0,0;9666
2017-12-20 00:00:00.000;269,0;8080;1;0,0;9667
2017-12-20 00:00:00.000;223,0;8080;1;0,0;9668
2017-12-20 00:00:00.000;188,0;8080;1;0,0;9669
2017-12-20 00:00:00.000;160,0;8080;1;0,0;9670
2017-12-20 00:00:00.000;211,0;8080;4;0,0;9671
2017-12-20 00:00:00.000;176,0;8080;1;0,0;9672
2017-12-20 00:00:00.000;141,0;8080;1;0,0;9673
2017-12-20 00:00:00.000;202,0;8080;3;0,0;9674
2017-12-20 00:00:00.000;230,0;8080;4;0,0;9675
2017-12-20 00:00:00.000;157,0;8080;3;0,0;9676
2017-12-20 00:00:00.000;307,0;8080;1;0,0;9677
2017-12-20 00:00:00.000;166,0;8080;1;0,0;9678
2017-12-20 00:00:00.000;223,0;8080;4;0,0;9679
2017-12-20 00:00:00.000;255,0;8080;3;0,0;9680
2017-12-20 00:00:00.000;204,0;8080;4;0,0;9681
2017-12-20 00:00:00.000;190,0;8080;1;0,0;9682
2017-12-20 00:00:00.000;250,0;8080;1;0,0;9683
2017-12-20 00:00:00.000;121,0;8080;3;0,0;9684
2017-12-20 00:00:00.000;126,0;8080;4;0,0;9685
2017-12-20 00:00:00.000;165,0;8080;;0,0;9686
2017-12-20 00:00:00.000;126,0;8080;3;0,0;9687
2017-12-20 00:00:00.000;169,0;8080;;0,0;9688
2017-12-20 00:00:00.000;148,0;8080;4;0,0;9689
2017-12-20 00:00:00.000;158,0;8080;4;0,0;9690
2017-12-20 00:00:00.000;278,0;8080;4;0,0;9691
2017-01-21 00:00:00.000;145,0;UGB ;4;0,0;9692
2017-01-21 00:00:00.000;272,0;UGB ;;0,0;9693
2017-01-21 00:00:00.000;258,0;UGB ;3;0,0;9694
2017-01-21 00:00:00.000;161,0;UGB ;1;0,0;9695
2017-01-21 00:00:00.000;259,0;UGB ;1;0,0;9696
2017-01-21 00:00:00.000;244,0;UGB ;3;0,0;9697
2017-01-21 00:00:00.000;147,0;UGB ;3;0,0;9698
2017-01-21 00:00:00.000;266,0;UGB ;4;0,0;9699
2017-01-21 00:00:00.000;139,0;UGB ;4;0,0;9700
2017-01-21 00:00:00.000;143,0;UGB ;4;0,0;9701
2017-01-21 00:00:00.000;136,0;UGB ;;0,0;9702
2017-01-21 00:00:00.000;198,0;UGB ;;0,0;9703
2017-01-21 00:00:00.000;159,0;UGB ;1;0,0;9704
2017-01-21 00:00:00.000;135,0;UGB ;4;0,0;9705
2017-01-21 00:00:00.000;167,0;UGB ;;0,0;9706
2017-01-21 00:00:00.000;124,0;UGB ;;0,0;9707
2017-01-21 00:00:00.000;265,0;UGB ;3;0,0;9708
2017-01-21 00:00:00.000;290,0;UGB ;1;0,0;9709
2017-01-21 00:00:00.000;133,0;UGB ;;0,0;9710
2017-01-21 00:00:00.000;154,0;UGB ;;0,0;9711
2017-01-21 00:00:00.000;225,0;UGB ;1;0,0;9712
2017-02-21 00:00:00.000;298,0;UGB ;1;0,0;9713
2017-02-21 00:00:00.000;122,0;UGB ;1;0,0;9714
2017-02-21 00:00:00.000;210,0;UGB ;4;0,0;9715
2017-02-21 00:00:00.000;141,0;UGB ;3;0,0;9716
2017-02-21 00:00:00.000;285,0;UGB ;1;0,0;9717
2017-02-21 00:00:00.000;241,0;UGB ;4;0,0;9718
2017-02-21 00:00:00.000;303,0;UGB ;1;0,0;9719
2017-02-21 00:00:00.000;281,0;UGB ;4;0,0;9720
2017-02-21 00:00:00.000;141,0;UGB ;4;0,0;9721
2017-02-21 00:00:00.000;163,0;UGB ;4;0,0;9722
2017-02-21 00:00:00.000;176,0;UGB ;4;0,0;9723
2017-02-21 00:00:00.000;198,0;UGB ;4;0,0;9724
2017-02-21 00:00:00.000;285,0;UGB ;3;0,0;9725
2017-02-21 00:00:00.000;212,0;UGB ;;0,0;9726
2017-02-21 00:00:00.000;119,0;UGB ;;0,0;9727
2017-02-21 00:00:00.000;287,0;UGB ;4;0,0;9728
2017-02-21 00:00:00.000;297,0;UGB ;3;0,0;9729
2017-02-21 00:00:00.000;311,0;UGB ;;0,0;9730
2017-02-21 00:00:00.000;232,0;UGB ;;0,0;9731
2017-02-21 00:00:00.000;190,0;UGB ;;0,0;9732
2017-02-21 00:00:00.000;153,0;UGB ;;0,0;9733
2017-02-21 00:00:00.000;303,0;UGB ;;0,0;9734
2017-02-21 00:00:00.000;121,0;UGB ;;0,0;9735
2017-03-21 00:00:00.000;167,0;UGB ;3;0,0;9736
2017-03-21 00:00:00.000;223,0;UGB ;3;0,0;9737
2017-03-21 00:00:00.000;290,0;UGB ;3;0,0;9738
2017-03-21 00:00:00.000;172,0;UGB ;3;0,0;9739
2017-03-21 00:00:00.000;235,0;UGB ;1;0,0;9740
2017-03-21 00:00:00.000;191,0;UGB ;4;0,0;9741
2017-03-21 00:00:00.000;186,0;UGB ;1;0,0;9742
2017-03-21 00:00:00.000;118,0;UGB ;4;0,0;9743
2017-03-21 00:00:00.000;223,0;UGB ;3;0,0;9744
2017-03-21 00:00:00.000;283,0;UGB ;3;0,0;9745
2017-03-21 00:00:00.000;295,0;UGB ;1;0,0;9746
2017-03-21 00:00:00.000;198,0;UGB ;;0,0;9747
2017-03-21 00:00:00.000;154,0;UGB ;;0,0;9748
2017-03-21 00:00:00.000;133,0;UGB ;3;0,0;9749
2017-03-21 00:00:00.000;206,0;UGB ;4;0,0;9750
2017-03-21 00:00:00.000;167,0;UGB ;;0,0;9751
2017-03-21 00:00:00.000;211,0;UGB ;4;0,0;9752
2017-04-21 00:00:00.000;175,0;WAO ;3;0,0;9753
2017-04-21 00:00:00.000;161,0;WAO ;1;0,0;9754
2017-04-21 00:00:00.000;239,0;WAO ;3;0,0;9755
2017-04-21 00:00:00.000;280,0;WAO ;1;0,0;9756
2017-04-21 00:00:00.000;220,0;WAO ;;0,0;9757
2017-04-21 00:00:00.000;155,0;WAO ;1;0,0;9758
2017-04-21 00:00:00.000;190,0;WAO ;;0,0;9759
2017-04-21 00:00:00.000;157,0;WAO ;;0,0;9760
2017-04-21 00:00:00.000;210,0;WAO ;4;0,0;9761
2017-04-21 00:00:00.000;248,0;WAO ;4;0,0;9762
2017-04-21 00:00:00.000;263,0;WAO ;3;0,0;9763
2017-04-21 00:00:00.000;198,0;WAO ;1;0,0;9764
2017-04-21 00:00:00.000;146,0;WAO ;4;0,0;9765
2017-04-21 00:00:00.000;281,0;WAO ;4;0,0;9766
2017-04-21 00:00:00.000;115,0;WAO ;3;0,0;9767
2017-04-21 00:00:00.000;210,0;WAO ;;0,0;9768
2017-04-21 00:00:00.000;237,0;WAO ;;0,0;9769
2017-04-21 00:00:00.000;309,0;WAO ;1;0,0;9770
2017-04-21 00:00:00.000;121,0;WAO ;3;0,0;9771
2017-04-21 00:00:00.000;164,0;WAO ;1;0,0;9772
2017-04-21 00:00:00.000;154,0;WAO ;;0,0;9773
2017-11-21 00:00:00.000;219,0;8080;1;0,0;9774
2017-11-21 00:00:00.000;275,0;8080;4;0,0;9775
2017-11-21 00:00:00.000;166,0;8080;1;0,0;9776
2017-11-21 00:00:00.000;291,0;8080;3;0,0;9777
2017-11-21 00:00:00.000;236,0;8080;3;0,0;9778
2017-11-21 00:00:00.000;209,0;8080;1;0,0;9779
2017-11-21 00:00:00.000;118,0;8080;3;0,0;9780
2017-11-21 00:00:00.000;160,0;8080;;0,0;9781
2017-11-21 00:00:00.000;137,0;8080;;0,0;9782
2017-11-21 00:00:00.000;170,0;8080;1;0,0;9783
2017-11-21 00:00:00.000;240,0;8080;1;0,0;9784
2017-11-21 00:00:00.000;227,0;8080;3;0,0;9785
2017-12-21 00:00:00.000;299,0;8080;3;0,0;9786
2017-12-21 00:00:00.000;296,0;8080;1;10,0;9787
2017-12-21 00:00:00.000;178,0;8080;4;0,0;9788
2017-12-21 00:00:00.000;249,0;8080;3;0,0;9789
2017-12-21 00:00:00.000;247,0;8080;4;0,0;9790
2017-12-21 00:00:00.000;200,0;8080;4;0,0;9791
2017-12-21 00:00:00.000;172,0;8080;3;0,0;9792
2017-12-21 00:00:00.000;193,0;8080;1;0,0;9793
2017-12-21 00:00:00.000;123,0;8080;4;0,0;9794
2017-12-21 00:00:00.000;257,0;8080;1;0,0;9795
2017-12-21 00:00:00.000;272,0;8080;4;0,0;9796
2017-12-21 00:00:00.000;245,0;8080;4;0,0;9797
2017-12-21 00:00:00.000;290,0;8080;1;0,0;9798
2017-12-21 00:00:00.000;135,0;8080;4;0,0;9799
2017-12-21 00:00:00.000;250,0;8080;1;0,0;9800
2017-12-21 00:00:00.000;256,0;8080;;0,0;9801
2017-12-21 00:00:00.000;306,0;8080;1;0,0;9802
2017-12-21 00:00:00.000;205,0;8080;1;0,0;9803
2017-12-21 00:00:00.000;197,0;8080;3;0,0;9804
2017-12-21 00:00:00.000;168,0;8080;;0,0;9805
2017-12-21 00:00:00.000;146,0;8080;4;0,0;9806
2017-12-21 00:00:00.000;281,0;8080;3;0,0;9807
2017-12-21 00:00:00.000;137,0;8080;4;0,0;9808
2017-12-21 00:00:00.000;134,0;8080;1;0,0;9809
2017-12-21 00:00:00.000;196,0;8080;1;0,0;9810
2017-12-21 00:00:00.000;286,0;8080;1;0,0;9811
2017-12-21 00:00:00.000;219,0;8080;4;0,0;9812
2017-12-21 00:00:00.000;226,0;8080;4;0,0;9813
2017-12-21 00:00:00.000;116,0;8080;3;0,0;9814
2017-12-21 00:00:00.000;303,0;8080;4;0,0;9815
2017-12-21 00:00:00.000;113,0;8080;1;0,0;9816
2017-12-21 00:00:00.000;131,0;8080;3;0,0;9817
2017-12-21 00:00:00.000;207,0;8080;4;0,0;9818
2017-12-21 00:00:00.000;264,0;8080;1;0,0;9819
2017-12-21 00:00:00.000;213,0;8080;1;0,0;9820
2017-12-21 00:00:00.000;230,0;8080;4;0,0;9821
2017-12-21 00:00:00.000;129,0;8080;1;0,0;9822
2017-12-21 00:00:00.000;188,0;8080;1;0,0;9823
2017-12-21 00:00:00.000;240,0;8080;1;0,0;9824
2017-12-21 00:00:00.000;246,0;8080;1;0,0;9825
2017-12-21 00:00:00.000;116,0;8080;1;0,0;9826
2017-12-21 00:00:00.000;187,0;8080;4;0,0;9827
2017-12-21 00:00:00.000;263,0;8080;1;0,0;9828
2017-12-21 00:00:00.000;185,0;8080;1;0,0;9829
2017-12-21 00:00:00.000;147,0;8080;4;0,0;9830
2017-12-21 00:00:00.000;157,0;8080;4;0,0;9831
2017-12-21 00:00:00.000;230,0;8080;1;0,0;9832
2017-12-21 00:00:00.000;218,0;8080;1;0,0;9833
2017-12-21 00:00:00.000;217,0;8080;4;0,0;9834
2017-12-21 00:00:00.000;253,0;8080;4;0,0;9835
2017-12-21 00:00:00.000;255,0;8080;4;0,0;9836
2017-12-21 00:00:00.000;169,0;8080;4;0,0;9837
2017-12-21 00:00:00.000;155,0;8080;4;0,0;9838
2017-12-21 00:00:00.000;126,0;8080;3;0,0;9839
2017-12-21 00:00:00.000;261,0;8080;1;0,0;9840
2017-12-21 00:00:00.000;260,0;8080;1;0,0;9841
2017-12-21 00:00:00.000;167,0;8080;1;0,0;9842
2017-12-21 00:00:00.000;161,0;8080;4;0,0;9843
2017-12-21 00:00:00.000;235,0;8080;1;0,0;9844
2017-12-21 00:00:00.000;232,0;8080;4;0,0;9845
2017-12-21 00:00:00.000;121,0;8080;1;0,0;9846
2017-12-21 00:00:00.000;297,0;8080;1;0,0;9847
2017-12-21 00:00:00.000;275,0;8080;4;0,0;9848
2017-12-21 00:00:00.000;119,0;8080;1;0,0;9849
2017-12-21 00:00:00.000;119,0;8080;4;0,0;9850
2017-12-21 00:00:00.000;118,0;8080;1;0,0;9851
2017-12-21 00:00:00.000;137,0;8080;4;0,0;9852
2017-12-21 00:00:00.000;123,0;8080;3;0,0;9853
2017-12-21 00:00:00.000;154,0;8080;3;0,0;9854
2017-12-21 00:00:00.000;177,0;8080;1;0,0;9855
2017-12-21 00:00:00.000;287,0;8080;4;0,0;9856
2017-12-21 00:00:00.000;208,0;8080;1;0,0;9857
2017-12-21 00:00:00.000;308,0;8080;4;0,0;9858
2017-12-21 00:00:00.000;116,0;8080;3;0,0;9859
2017-12-21 00:00:00.000;138,0;8080;3;0,0;9860
2017-12-21 00:00:00.000;295,0;8080;4;0,0;9861
2017-12-21 00:00:00.000;265,0;8080;1;0,0;9862
2017-12-21 00:00:00.000;198,0;8080;4;0,0;9863
2017-12-21 00:00:00.000;279,0;8080;3;0,0;9864
2017-12-21 00:00:00.000;276,0;8080;;0,0;9865
2017-12-21 00:00:00.000;264,0;8080;1;0,0;9866
2017-12-21 00:00:00.000;237,0;8080;4;0,0;9867
2017-12-21 00:00:00.000;163,0;8080;1;0,0;9868
2017-12-21 00:00:00.000;296,0;8080;3;0,0;9869
2017-12-21 00:00:00.000;231,0;8080;4;0,0;9870
2017-12-21 00:00:00.000;254,0;8080;1;0,0;9871
2017-12-21 00:00:00.000;159,0;8080;1;0,0;9872
2017-12-21 00:00:00.000;120,0;8080;;0,0;9873
2017-12-21 00:00:00.000;237,0;8080;1;0,0;9874
2017-12-21 00:00:00.000;266,0;8080;1;0,0;9875
2017-12-21 00:00:00.000;295,0;8080;1;0,0;9876
2017-12-21 00:00:00.000;128,0;8080;4;0,0;9877
2017-12-21 00:00:00.000;305,0;8080;3;0,0;9878
2017-12-21 00:00:00.000;267,0;8080;4;0,0;9879
2017-12-21 00:00:00.000;117,0;8080;1;0,0;9880
2017-12-21 00:00:00.000;175,0;8080;3;0,0;9881
2017-12-21 00:00:00.000;175,0;8080;1;0,0;9882
2017-12-21 00:00:00.000;307,0;8080;3;0,0;9883
2017-12-21 00:00:00.000;142,0;8080;3;0,0;9884
2017-12-21 00:00:00.000;215,0;8080;3;0,0;9885
2017-12-21 00:00:00.000;182,0;8080;1;0,0;9886
2017-12-21 00:00:00.000;233,0;8080;4;0,0;9887
2017-12-21 00:00:00.000;195,0;8080;3;0,0;9888
2017-12-21 00:00:00.000;114,0;8080;4;0,0;9889
2017-12-21 00:00:00.000;262,0;8080;4;0,0;9890
2017-12-21 00:00:00.000;122,0;8080;4;0,0;9891
2017-12-21 00:00:00.000;263,0;8080;4;0,0;9892
2017-12-21 00:00:00.000;225,0;8080;3;0,0;9893
2017-12-21 00:00:00.000;303,0;8080;1;0,0;9894
2017-12-21 00:00:00.000;130,0;8080;1;0,0;9895
2017-12-21 00:00:00.000;232,0;8080;4;0,0;9896
2017-12-21 00:00:00.000;298,0;8080;4;0,0;9897
2017-12-21 00:00:00.000;213,0;8080;4;0,0;9898
2017-12-21 00:00:00.000;249,0;8080;4;0,0;9899
2017-12-21 00:00:00.000;227,0;8080;1;0,0;9900
2017-12-21 00:00:00.000;141,0;8080;4;0,0;9901
2017-12-21 00:00:00.000;271,0;8080;1;0,0;9902
2017-12-21 00:00:00.000;208,0;8080;3;0,0;9903
2017-12-21 00:00:00.000;185,0;8080;4;0,0;9904
2017-12-21 00:00:00.000;196,0;8080;1;0,0;9905
2017-12-21 00:00:00.000;122,0;8080;4;0,0;9906
2017-12-21 00:00:00.000;298,0;8080;1;0,0;9907
2017-12-21 00:00:00.000;227,0;8080;1;0,0;9908
2017-12-21 00:00:00.000;126,0;8080;;0,0;9909
2017-12-21 00:00:00.000;236,0;8080;1;0,0;9910
2017-12-21 00:00:00.000;303,0;8080;3;0,0;9911
2017-12-21 00:00:00.000;253,0;8080;1;0,0;9912
2017-12-21 00:00:00.000;186,0;8080;1;0,0;9913
2017-12-21 00:00:00.000;213,0;8080;1;0,0;9914
2017-12-21 00:00:00.000;244,0;8080;4;0,0;9915
2017-12-21 00:00:00.000;114,0;8080;1;0,0;9916
2017-12-21 00:00:00.000;146,0;8080;4;0,0;9917
2017-12-21 00:00:00.000;200,0;8080;3;0,0;9918
2017-12-21 00:00:00.000;248,0;8080;1;0,0;9919
2017-12-21 00:00:00.000;221,0;8080;4;0,0;9920
2017-12-21 00:00:00.000;117,0;8080;1;0,0;9921
2017-12-21 00:00:00.000;278,0;8080;4;0,0;9922
2017-12-21 00:00:00.000;135,0;8080;4;0,0;9923
2017-12-21 00:00:00.000;216,0;8080;1;0,0;9924
2017-12-21 00:00:00.000;227,0;8080;1;0,0;9925
2017-12-21 00:00:00.000;219,0;8080;1;0,0;9926
2017-12-21 00:00:00.000;169,0;8080;1;0,0;9927
2017-12-21 00:00:00.000;185,0;8080;3;0,0;9928
2017-12-21 00:00:00.000;248,0;8080;;0,0;9929
2017-12-21 00:00:00.000;262,0;8080;4;0,0;9930
2017-12-21 00:00:00.000;239,0;8080;1;0,0;9931
2017-12-21 00:00:00.000;119,0;8080;1;0,0;9932
2017-12-21 00:00:00.000;235,0;8080;1;0,0;9933
2017-12-21 00:00:00.000;293,0;8080;1;0,0;9934
2017-12-21 00:00:00.000;271,0;8080;1;0,0;9935
2017-12-21 00:00:00.000;182,0;8080;3;0,0;9936
2017-12-21 00:00:00.000;269,0;8080;1;0,0;9937
2017-12-21 00:00:00.000;189,0;8080;1;0,0;9938
2017-12-21 00:00:00.000;228,0;8080;1;0,0;9939
2017-12-21 00:00:00.000;162,0;8080;1;0,0;9940
2017-12-21 00:00:00.000;118,0;8080;3;0,0;9941
2017-12-21 00:00:00.000;184,0;8080;1;0,0;9942
2017-12-21 00:00:00.000;261,0;8080;1;0,0;9943
2017-12-21 00:00:00.000;180,0;8080;4;0,0;9944
2017-12-21 00:00:00.000;310,0;8080;1;0,0;9945
2017-12-21 00:00:00.000;178,0;8080;3;0,0;9946
2017-12-21 00:00:00.000;253,0;8080;1;0,0;9947
2017-12-21 00:00:00.000;246,0;8080;4;0,0;9948
2017-12-21 00:00:00.000;190,0;8080;3;0,0;9949
2017-12-21 00:00:00.000;275,0;8080;3;0,0;9950
2017-12-21 00:00:00.000;177,0;8080;1;0,0;9951
2017-12-21 00:00:00.000;216,0;8080;1;0,0;9952
2017-12-21 00:00:00.000;214,0;8080;1;0,0;9953
2017-12-21 00:00:00.000;136,0;8080;1;0,0;9954
2017-12-21 00:00:00.000;202,0;8080;1;0,0;9955
2017-12-21 00:00:00.000;229,0;8080;3;0,0;9956
2017-12-21 00:00:00.000;114,0;8080;3;0,0;9957
2017-12-21 00:00:00.000;117,0;8080;1;0,0;9958
2017-12-21 00:00:00.000;228,0;8080;4;0,0;9959
2017-12-21 00:00:00.000;299,0;8080;4;0,0;9960
2017-12-21 00:00:00.000;215,0;8080;1;0,0;9961
2017-12-21 00:00:00.000;183,0;8080;4;0,0;9962
2017-12-21 00:00:00.000;126,0;8080;4;0,0;9963
2017-12-21 00:00:00.000;287,0;8080;3;0,0;9964
2017-12-21 00:00:00.000;165,0;8080;4;0,0;9965
2017-12-21 00:00:00.000;166,0;8080;3;0,0;9966
2017-12-21 00:00:00.000;190,0;8080;3;0,0;9967
2017-12-21 00:00:00.000;131,0;8080;3;0,0;9968
2017-12-21 00:00:00.000;245,0;8080;4;0,0;9969
2017-12-21 00:00:00.000;256,0;8080;1;0,0;9970
2017-12-21 00:00:00.000;157,0;8080;3;0,0;9971
2017-12-21 00:00:00.000;209,0;8080;1;0,0;9972
2017-12-21 00:00:00.000;244,0;8080;4;0,0;9973
2017-12-21 00:00:00.000;136,0;8080;3;0,0;9974
2017-12-21 00:00:00.000;116,0;8080;4;0,0;9975
2017-12-21 00:00:00.000;261,0;8080;4;0,0;9976
2017-12-21 00:00:00.000;293,0;8080;1;0,0;9977
2017-12-21 00:00:00.000;160,0;8080;4;0,0;9978
2017-12-21 00:00:00.000;221,0;8080;3;0,0;9979
2017-12-21 00:00:00.000;257,0;8080;4;0,0;9980
2017-12-21 00:00:00.000;138,0;8080;4;0,0;9981
2017-12-21 00:00:00.000;276,0;8080;4;0,0;9982
2017-12-21 00:00:00.000;141,0;8080;4;0,0;9983
2017-12-21 00:00:00.000;225,0;8080;4;0,0;9984
2017-12-21 00:00:00.000;201,0;8080;4;0,0;9985
2017-12-21 00:00:00.000;183,0;8080;1;0,0;9986
2017-12-21 00:00:00.000;278,0;8080;4;0,0;9987
2017-12-21 00:00:00.000;302,0;8080;1;0,0;9988
2017-12-21 00:00:00.000;240,0;8080;1;0,0;9989
2017-12-21 00:00:00.000;226,0;8080;1;0,0;9990
2017-12-21 00:00:00.000;236,0;8080;3;0,0;9991
2017-12-21 00:00:00.000;209,0;8080;4;0,0;9992
2017-12-21 00:00:00.000;258,0;8080;3;0,0;9993
2017-12-21 00:00:00.000;183,0;8080;1;0,0;9994
2017-12-21 00:00:00.000;233,0;8080;;0,0;9995
2017-12-21 00:00:00.000;287,0;8080;3;0,0;9996
2017-12-21 00:00:00.000;269,0;8080;4;0,0;9997
2017-12-21 00:00:00.000;151,0;8080;4;0,0;9998
2017-12-21 00:00:00.000;194,0;8080;1;0,0;9999
2017-12-21 00:00:00.000;168,0;8080;1;0,0;10000
2017-12-21 00:00:00.000;181,0;8080;1;0,0;10001
2017-12-21 00:00:00.000;122,0;8080;1;0,0;10002
2017-12-21 00:00:00.000;191,0;8080;1;0,0;10003
2017-12-21 00:00:00.000;200,0;8080;4;0,0;10004
2017-12-21 00:00:00.000;224,0;8080;4;0,0;10005
2017-12-21 00:00:00.000;182,0;8080;4;0,0;10006
2017-12-21 00:00:00.000;185,0;8080;3;0,0;10007
2017-12-21 00:00:00.000;172,0;8080;1;0,0;10008
2017-12-21 00:00:00.000;138,0;8080;1;0,0;10009
2017-12-21 00:00:00.000;277,0;8080;4;0,0;10010
2017-12-21 00:00:00.000;229,0;8080;3;0,0;10011
2017-12-21 00:00:00.000;238,0;8080;3;0,0;10012
2017-12-21 00:00:00.000;234,0;8080;4;0,0;10013
2017-12-21 00:00:00.000;244,0;8080;3;0,0;10014
2017-12-21 00:00:00.000;218,0;8080;4;0,0;10015
2017-12-21 00:00:00.000;293,0;8080;1;0,0;10016
2017-12-21 00:00:00.000;201,0;8080;1;0,0;10017
2017-12-21 00:00:00.000;157,0;8080;3;0,0;10018
2017-12-21 00:00:00.000;257,0;8080;1;0,0;10019
2017-12-21 00:00:00.000;300,0;8080;3;0,0;10020
2017-12-21 00:00:00.000;200,0;8080;1;0,0;10021
2017-12-21 00:00:00.000;188,0;8080;4;0,0;10022
2017-12-21 00:00:00.000;125,0;8080;3;0,0;10023
2017-12-21 00:00:00.000;154,0;8080;1;0,0;10024
2017-01-22 00:00:00.000;135,0;UGB ;;0,0;10025
2017-01-22 00:00:00.000;197,0;UGB ;3;0,0;10026
2017-01-22 00:00:00.000;272,0;UGB ;4;0,0;10027
2017-01-22 00:00:00.000;225,0;UGB ;;0,0;10028
2017-01-22 00:00:00.000;218,0;UGB ;4;0,0;10029
2017-01-22 00:00:00.000;251,0;UGB ;4;0,0;10030
2017-01-22 00:00:00.000;140,0;UGB ;4;0,0;10031
2017-01-22 00:00:00.000;281,0;UGB ;3;0,0;10032
2017-01-22 00:00:00.000;268,0;UGB ;4;0,0;10033
2017-01-22 00:00:00.000;298,0;UGB ;4;0,0;10034
2017-02-22 00:00:00.000;230,0;UGB ;4;0,0;10035
2017-02-22 00:00:00.000;288,0;UGB ;4;0,0;10036
2017-02-22 00:00:00.000;298,0;UGB ;1;0,0;10037
2017-02-22 00:00:00.000;197,0;UGB ;4;0,0;10038
2017-02-22 00:00:00.000;295,0;UGB ;1;0,0;10039
2017-02-22 00:00:00.000;279,0;UGB ;;0,0;10040
2017-02-22 00:00:00.000;264,0;UGB ;1;0,0;10041
2017-02-22 00:00:00.000;160,0;UGB ;1;0,0;10042
2017-02-22 00:00:00.000;259,0;UGB ;4;0,0;10043
2017-02-22 00:00:00.000;214,0;UGB ;1;0,0;10044
2017-02-22 00:00:00.000;180,0;UGB ;4;0,0;10045
2017-02-22 00:00:00.000;233,0;UGB ;1;0,0;10046
2017-02-22 00:00:00.000;309,0;UGB ;4;0,0;10047
2017-02-22 00:00:00.000;174,0;UGB ;1;0,0;10048
2017-02-22 00:00:00.000;195,0;UGB ;4;0,0;10049
2017-02-22 00:00:00.000;183,0;UGB ;4;0,0;10050
2017-02-22 00:00:00.000;116,0;UGB ;;0,0;10051
2017-02-22 00:00:00.000;147,0;UGB ;;0,0;10052
2017-02-22 00:00:00.000;182,0;UGB ;;0,0;10053
2017-02-22 00:00:00.000;147,0;UGB ;;0,0;10054
2017-02-22 00:00:00.000;140,0;UGB ;;0,0;10055
2017-02-22 00:00:00.000;186,0;UGB ;;0,0;10056
2017-02-22 00:00:00.000;307,0;UGB ;4;0,0;10057
2017-03-22 00:00:00.000;232,0;UGB ;4;0,0;10058
2017-03-22 00:00:00.000;291,0;UGB ;3;40,9;10059
2017-03-22 00:00:00.000;137,0;UGB ;;0,0;10060
2017-03-22 00:00:00.000;113,0;UGB ;1;0,0;10061
2017-03-22 00:00:00.000;272,0;UGB ;4;0,0;10062
2017-03-22 00:00:00.000;156,0;UGB ;3;0,0;10063
2017-03-22 00:00:00.000;311,0;UGB ;3;0,0;10064
2017-03-22 00:00:00.000;158,0;UGB ;4;0,0;10065
2017-03-22 00:00:00.000;117,0;UGB ;1;0,0;10066
2017-03-22 00:00:00.000;247,0;UGB ;;0,0;10067
2017-03-22 00:00:00.000;217,0;UGB ;4;0,0;10068
2017-03-22 00:00:00.000;132,0;UGB ;3;0,0;10069
2017-03-22 00:00:00.000;206,0;UGB ;4;0,0;10070
2017-03-22 00:00:00.000;287,0;UGB ;;0,0;10071
2017-03-22 00:00:00.000;183,0;UGB ;3;0,0;10072
2017-04-22 00:00:00.000;294,0;WAO ;1;0,0;10073
2017-04-22 00:00:00.000;294,0;WAO ;3;0,0;10074
2017-04-22 00:00:00.000;273,0;WAO ;3;0,0;10075
2017-04-22 00:00:00.000;245,0;WAO ;1;0,0;10076
2017-04-22 00:00:00.000;173,0;WAO ;1;0,0;10077
2017-04-22 00:00:00.000;142,0;WAO ;3;0,0;10078
2017-04-22 00:00:00.000;186,0;WAO ;1;0,0;10079
2017-04-22 00:00:00.000;189,0;WAO ;1;0,0;10080
2017-04-22 00:00:00.000;299,0;WAO ;3;0,0;10081
2017-04-22 00:00:00.000;191,0;WAO ;1;0,0;10082
2017-04-22 00:00:00.000;246,0;WAO ;1;0,0;10083
2017-04-22 00:00:00.000;254,0;WAO ;4;0,0;10084
2017-04-22 00:00:00.000;235,0;WAO ;3;0,0;10085
2017-04-22 00:00:00.000;277,0;WAO ;1;0,0;10086
2017-04-22 00:00:00.000;213,0;WAO ;1;0,0;10087
2017-04-22 00:00:00.000;204,0;WAO ;4;0,0;10088
2017-04-22 00:00:00.000;221,0;WAO ;3;0,0;10089
2017-04-22 00:00:00.000;144,0;WAO ;4;0,0;10090
2017-04-22 00:00:00.000;113,0;WAO ;;0,0;10091
2017-04-22 00:00:00.000;214,0;WAO ;;0,0;10092
2017-04-22 00:00:00.000;162,0;WAO ;4;0,0;10093
2017-04-22 00:00:00.000;138,0;WAO ;1;0,0;10094
2017-04-22 00:00:00.000;190,0;WAO ;;0,0;10095
2017-04-22 00:00:00.000;216,0;WAO ;4;0,0;10096
2017-04-22 00:00:00.000;136,0;WAO ;;0,0;10097
2017-11-22 00:00:00.000;151,0;8080;4;0,0;10098
2017-11-22 00:00:00.000;135,0;8080;4;0,0;10099
2017-11-22 00:00:00.000;172,0;8080;1;0,0;10100
2017-11-22 00:00:00.000;272,0;8080;4;0,0;10101
2017-11-22 00:00:00.000;214,0;8080;4;0,0;10102
2017-11-22 00:00:00.000;266,0;8080;1;0,0;10103
2017-11-22 00:00:00.000;161,0;8080;4;0,0;10104
2017-11-22 00:00:00.000;232,0;8080;4;0,0;10105
2017-11-22 00:00:00.000;305,0;8080;3;0,0;10106
2017-11-22 00:00:00.000;114,0;8080;3;0,0;10107
2017-11-22 00:00:00.000;135,0;8080;1;0,0;10108
2017-11-22 00:00:00.000;269,0;8080;4;0,0;10109
2017-11-22 00:00:00.000;186,0;8080;1;0,0;10110
2017-11-22 00:00:00.000;163,0;8080;1;0,0;10111
2017-11-22 00:00:00.000;261,0;8080;;0,0;10112
2017-11-22 00:00:00.000;197,0;8080;4;0,0;10113
2017-11-22 00:00:00.000;236,0;8080;3;0,0;10114
2017-11-22 00:00:00.000;265,0;8080;4;0,0;10115
2017-11-22 00:00:00.000;304,0;8080;1;0,0;10116
2017-11-22 00:00:00.000;159,0;8080;3;0,0;10117
2017-11-22 00:00:00.000;129,0;8080;4;0,0;10118
2017-11-22 00:00:00.000;248,0;8080;;0,0;10119
2017-11-22 00:00:00.000;224,0;8080;3;0,0;10120
2017-11-22 00:00:00.000;211,0;8080;1;0,0;10121
2017-11-22 00:00:00.000;256,0;8080;1;0,0;10122
2017-11-22 00:00:00.000;301,0;8080;1;0,0;10123
2017-11-22 00:00:00.000;306,0;8080;;0,0;10124
2017-11-22 00:00:00.000;213,0;8080;;0,0;10125
2017-12-22 00:00:00.000;255,0;8080;4;0,0;10126
2017-12-22 00:00:00.000;181,0;8080;1;0,0;10127
2017-12-22 00:00:00.000;287,0;8080;1;0,0;10128
2017-12-22 00:00:00.000;253,0;8080;3;0,0;10129
2017-12-22 00:00:00.000;120,0;8080;4;0,0;10130
2017-12-22 00:00:00.000;160,0;8080;4;0,0;10131
2017-12-22 00:00:00.000;206,0;8080;1;0,0;10132
2017-12-22 00:00:00.000;122,0;8080;1;0,0;10133
2017-12-22 00:00:00.000;232,0;8080;;0,0;10134
2017-12-22 00:00:00.000;146,0;8080;4;0,0;10135
2017-12-22 00:00:00.000;217,0;8080;4;0,0;10136
2017-12-22 00:00:00.000;151,0;8080;;0,0;10137
2017-12-22 00:00:00.000;191,0;8080;3;0,0;10138
2017-12-22 00:00:00.000;304,0;8080;1;0,0;10139
2017-12-22 00:00:00.000;307,0;8080;3;0,0;10140
2017-12-22 00:00:00.000;246,0;8080;3;0,0;10141
2017-12-22 00:00:00.000;269,0;8080;4;0,0;10142
2017-12-22 00:00:00.000;295,0;8080;4;0,0;10143
2017-12-22 00:00:00.000;146,0;8080;3;0,0;10144
2017-12-22 00:00:00.000;196,0;8080;3;0,0;10145
2017-12-22 00:00:00.000;227,0;8080;3;0,0;10146
2017-12-22 00:00:00.000;184,0;8080;1;0,0;10147
2017-12-22 00:00:00.000;176,0;8080;3;0,0;10148
2017-12-22 00:00:00.000;118,0;8080;4;0,0;10149
2017-12-22 00:00:00.000;204,0;8080;4;0,0;10150
2017-12-22 00:00:00.000;198,0;8080;1;0,0;10151
2017-12-22 00:00:00.000;143,0;8080;1;0,0;10152
2017-12-22 00:00:00.000;147,0;8080;1;0,0;10153
2017-12-22 00:00:00.000;260,0;8080;4;0,0;10154
2017-12-22 00:00:00.000;233,0;8080;3;0,0;10155
2017-12-22 00:00:00.000;289,0;8080;1;0,0;10156
2017-12-22 00:00:00.000;135,0;8080;4;0,0;10157
2017-12-22 00:00:00.000;124,0;8080;4;0,0;10158
2017-12-22 00:00:00.000;254,0;8080;1;0,0;10159
2017-12-22 00:00:00.000;305,0;8080;4;0,0;10160
2017-12-22 00:00:00.000;142,0;8080;1;0,0;10161
2017-12-22 00:00:00.000;262,0;8080;3;0,0;10162
2017-12-22 00:00:00.000;238,0;8080;4;0,0;10163
2017-12-22 00:00:00.000;307,0;8080;1;0,0;10164
2017-12-22 00:00:00.000;224,0;8080;3;0,0;10165
2017-12-22 00:00:00.000;140,0;8080;1;0,0;10166
2017-12-22 00:00:00.000;154,0;8080;3;0,0;10167
2017-12-22 00:00:00.000;268,0;8080;3;0,0;10168
2017-12-22 00:00:00.000;285,0;8080;3;0,0;10169
2017-12-22 00:00:00.000;160,0;8080;3;0,0;10170
2017-12-22 00:00:00.000;248,0;8080;1;0,0;10171
2017-12-22 00:00:00.000;124,0;8080;1;0,0;10172
2017-12-22 00:00:00.000;241,0;8080;1;0,0;10173
2017-12-22 00:00:00.000;143,0;8080;3;0,0;10174
2017-12-22 00:00:00.000;188,0;8080;1;0,0;10175
2017-12-22 00:00:00.000;200,0;8080;4;0,0;10176
2017-12-22 00:00:00.000;154,0;8080;3;0,0;10177
2017-12-22 00:00:00.000;165,0;8080;3;0,0;10178
2017-12-22 00:00:00.000;265,0;8080;1;0,0;10179
2017-12-22 00:00:00.000;170,0;8080;4;0,0;10180
2017-12-22 00:00:00.000;241,0;8080;1;0,0;10181
2017-12-22 00:00:00.000;190,0;8080;1;0,0;10182
2017-12-22 00:00:00.000;211,0;8080;4;0,0;10183
2017-12-22 00:00:00.000;260,0;8080;;0,0;10184
2017-12-22 00:00:00.000;117,0;8080;4;0,0;10185
2017-12-22 00:00:00.000;171,0;8080;3;0,0;10186
2017-12-22 00:00:00.000;195,0;8080;1;0,0;10187
2017-12-22 00:00:00.000;209,0;8080;3;0,0;10188
2017-12-22 00:00:00.000;205,0;8080;1;0,0;10189
2017-12-22 00:00:00.000;237,0;8080;4;0,0;10190
2017-12-22 00:00:00.000;217,0;8080;3;0,0;10191
2017-12-22 00:00:00.000;145,0;8080;3;0,0;10192
2017-12-22 00:00:00.000;206,0;8080;1;0,0;10193
2017-12-22 00:00:00.000;137,0;8080;4;0,0;10194
2017-12-22 00:00:00.000;218,0;8080;4;0,0;10195
2017-12-22 00:00:00.000;259,0;8080;4;0,0;10196
2017-12-22 00:00:00.000;207,0;8080;4;0,0;10197
2017-12-22 00:00:00.000;209,0;8080;1;0,0;10198
2017-12-22 00:00:00.000;252,0;8080;1;0,0;10199
2017-12-22 00:00:00.000;201,0;8080;1;0,0;10200
2017-12-22 00:00:00.000;310,0;8080;1;0,0;10201
2017-12-22 00:00:00.000;250,0;8080;1;0,0;10202
2017-12-22 00:00:00.000;276,0;8080;3;0,0;10203
2017-12-22 00:00:00.000;139,0;8080;4;0,0;10204
2017-12-22 00:00:00.000;118,0;8080;4;0,0;10205
2017-12-22 00:00:00.000;225,0;8080;4;0,0;10206
2017-12-22 00:00:00.000;177,0;8080;;0,0;10207
2017-12-22 00:00:00.000;214,0;8080;3;0,0;10208
2017-12-22 00:00:00.000;202,0;8080;1;0,0;10209
2017-12-22 00:00:00.000;121,0;8080;3;0,0;10210
2017-12-22 00:00:00.000;197,0;8080;3;0,0;10211
2017-12-22 00:00:00.000;178,0;8080;3;0,0;10212
2017-12-22 00:00:00.000;281,0;8080;4;0,0;10213
2017-12-22 00:00:00.000;183,0;8080;4;0,0;10214
2017-12-22 00:00:00.000;163,0;8080;1;0,0;10215
2017-12-22 00:00:00.000;143,0;8080;3;0,0;10216
2017-12-22 00:00:00.000;131,0;8080;4;0,0;10217
2017-12-22 00:00:00.000;222,0;8080;1;0,0;10218
2017-12-22 00:00:00.000;119,0;8080;3;0,0;10219
2017-12-22 00:00:00.000;259,0;8080;3;0,0;10220
2017-12-22 00:00:00.000;192,0;8080;4;0,0;10221
2017-12-22 00:00:00.000;254,0;8080;4;0,0;10222
2017-12-22 00:00:00.000;154,0;8080;4;0,0;10223
2017-12-22 00:00:00.000;175,0;8080;3;0,0;10224
2017-12-22 00:00:00.000;217,0;8080;3;0,0;10225
2017-12-22 00:00:00.000;122,0;8080;4;0,0;10226
2017-12-22 00:00:00.000;159,0;8080;4;0,0;10227
2017-12-22 00:00:00.000;233,0;8080;1;0,0;10228
2017-12-22 00:00:00.000;144,0;8080;3;0,0;10229
2017-12-22 00:00:00.000;221,0;8080;1;0,0;10230
2017-12-22 00:00:00.000;201,0;8080;3;0,0;10231
2017-12-22 00:00:00.000;134,0;8080;4;0,0;10232
2017-12-22 00:00:00.000;259,0;8080;3;0,0;10233
2017-12-22 00:00:00.000;281,0;8080;4;0,0;10234
2017-12-22 00:00:00.000;212,0;8080;1;0,0;10235
2017-12-22 00:00:00.000;308,0;8080;4;0,0;10236
2017-12-22 00:00:00.000;249,0;8080;4;0,0;10237
2017-12-22 00:00:00.000;289,0;8080;1;0,0;10238
2017-12-22 00:00:00.000;157,0;8080;4;0,0;10239
2017-12-22 00:00:00.000;211,0;8080;;0,0;10240
2017-12-22 00:00:00.000;285,0;8080;1;0,0;10241
2017-12-22 00:00:00.000;204,0;8080;3;0,0;10242
2017-12-22 00:00:00.000;135,0;8080;4;0,0;10243
2017-12-22 00:00:00.000;140,0;8080;4;0,0;10244
2017-12-22 00:00:00.000;198,0;8080;4;0,0;10245
2017-12-22 00:00:00.000;291,0;8080;3;0,0;10246
2017-12-22 00:00:00.000;195,0;8080;1;0,0;10247
2017-12-22 00:00:00.000;267,0;8080;1;0,0;10248
2017-12-22 00:00:00.000;303,0;8080;1;0,0;10249
2017-12-22 00:00:00.000;235,0;8080;1;0,0;10250
2017-12-22 00:00:00.000;214,0;8080;3;0,0;10251
2017-12-22 00:00:00.000;222,0;8080;1;0,0;10252
2017-12-22 00:00:00.000;280,0;8080;;0,0;10253
2017-12-22 00:00:00.000;202,0;8080;4;0,0;10254
2017-12-22 00:00:00.000;142,0;8080;1;0,0;10255
2017-12-22 00:00:00.000;302,0;8080;3;0,0;10256
2017-12-22 00:00:00.000;298,0;8080;1;0,0;10257
2017-12-22 00:00:00.000;289,0;8080;;0,0;10258
2017-12-22 00:00:00.000;112,0;8080;1;0,0;10259
2017-12-22 00:00:00.000;181,0;8080;1;0,0;10260
2017-12-22 00:00:00.000;193,0;8080;1;0,0;10261
2017-12-22 00:00:00.000;176,0;8080;3;0,0;10262
2017-12-22 00:00:00.000;292,0;8080;1;0,0;10263
2017-12-22 00:00:00.000;161,0;8080;4;8,8;10264
2017-12-22 00:00:00.000;221,0;8080;3;0,0;10265
2017-12-22 00:00:00.000;156,0;8080;3;0,0;10266
2017-12-22 00:00:00.000;216,0;8080;3;0,0;10267
2017-12-22 00:00:00.000;213,0;8080;4;0,0;10268
2017-12-22 00:00:00.000;113,0;8080;1;0,0;10269
2017-12-22 00:00:00.000;192,0;8080;4;0,0;10270
2017-12-22 00:00:00.000;302,0;8080;;0,0;10271
2017-12-22 00:00:00.000;205,0;8080;1;0,0;10272
2017-12-22 00:00:00.000;264,0;8080;1;0,0;10273
2017-12-22 00:00:00.000;130,0;8080;3;0,0;10274
2017-12-22 00:00:00.000;194,0;8080;3;0,0;10275
2017-12-22 00:00:00.000;281,0;8080;3;0,0;10276
2017-12-22 00:00:00.000;241,0;8080;3;0,0;10277
2017-12-22 00:00:00.000;205,0;8080;1;0,0;10278
2017-12-22 00:00:00.000;244,0;8080;1;0,0;10279
2017-12-22 00:00:00.000;121,0;8080;4;0,0;10280
2017-12-22 00:00:00.000;207,0;8080;1;0,0;10281
2017-12-22 00:00:00.000;275,0;8080;4;0,0;10282
2017-12-22 00:00:00.000;185,0;8080;3;0,0;10283
2017-12-22 00:00:00.000;249,0;8080;1;0,0;10284
2017-12-22 00:00:00.000;199,0;8080;1;0,0;10285
2017-12-22 00:00:00.000;277,0;8080;1;0,0;10286
2017-12-22 00:00:00.000;203,0;8080;4;0,0;10287
2017-12-22 00:00:00.000;207,0;8080;1;0,0;10288
2017-12-22 00:00:00.000;299,0;8080;1;0,0;10289
2017-12-22 00:00:00.000;291,0;8080;4;0,0;10290
2017-12-22 00:00:00.000;292,0;8080;4;0,0;10291
2017-12-22 00:00:00.000;115,0;8080;1;0,0;10292
2017-12-22 00:00:00.000;119,0;8080;1;0,0;10293
2017-12-22 00:00:00.000;280,0;8080;1;0,0;10294
2017-12-22 00:00:00.000;255,0;8080;4;0,0;10295
2017-12-22 00:00:00.000;151,0;8080;1;0,0;10296
2017-12-22 00:00:00.000;180,0;8080;4;0,0;10297
2017-12-22 00:00:00.000;192,0;8080;1;0,0;10298
2017-12-22 00:00:00.000;308,0;8080;1;0,0;10299
2017-12-22 00:00:00.000;241,0;8080;3;0,0;10300
2017-12-22 00:00:00.000;237,0;8080;1;0,0;10301
2017-12-22 00:00:00.000;238,0;8080;4;0,0;10302
2017-12-22 00:00:00.000;170,0;8080;1;0,0;10303
2017-12-22 00:00:00.000;261,0;8080;1;0,0;10304
2017-12-22 00:00:00.000;202,0;8080;3;0,0;10305
2017-12-22 00:00:00.000;291,0;8080;3;0,0;10306
2017-12-22 00:00:00.000;174,0;8080;3;0,0;10307
2017-12-22 00:00:00.000;308,0;8080;1;0,0;10308
2017-12-22 00:00:00.000;257,0;8080;4;0,0;10309
2017-12-22 00:00:00.000;293,0;8080;1;0,0;10310
2017-12-22 00:00:00.000;136,0;8080;4;0,0;10311
2017-12-22 00:00:00.000;172,0;8080;4;0,0;10312
2017-12-22 00:00:00.000;169,0;8080;1;0,0;10313
2017-12-22 00:00:00.000;269,0;8080;1;0,0;10314
2017-12-22 00:00:00.000;240,0;8080;4;0,0;10315
2017-12-22 00:00:00.000;179,0;8080;1;0,0;10316
2017-12-22 00:00:00.000;235,0;8080;3;0,0;10317
2017-12-22 00:00:00.000;233,0;8080;1;0,0;10318
2017-12-22 00:00:00.000;250,0;8080;4;0,0;10319
2017-12-22 00:00:00.000;268,0;8080;4;0,0;10320
2017-12-22 00:00:00.000;205,0;8080;3;0,0;10321
2017-12-22 00:00:00.000;277,0;8080;4;0,0;10322
2017-12-22 00:00:00.000;230,0;8080;1;0,0;10323
2017-12-22 00:00:00.000;220,0;8080;1;0,0;10324
2017-12-22 00:00:00.000;246,0;8080;3;0,0;10325
2017-12-22 00:00:00.000;126,0;8080;1;0,0;10326
2017-12-22 00:00:00.000;195,0;8080;1;0,0;10327
2017-12-22 00:00:00.000;156,0;8080;;0,0;10328
2017-12-22 00:00:00.000;150,0;8080;1;0,0;10329
2017-12-22 00:00:00.000;229,0;8080;3;0,0;10330
2017-12-22 00:00:00.000;303,0;8080;3;0,0;10331
2017-12-22 00:00:00.000;228,0;8080;4;0,0;10332
2017-12-22 00:00:00.000;201,0;8080;4;0,0;10333
2017-12-22 00:00:00.000;136,0;8080;1;0,0;10334
2017-12-22 00:00:00.000;204,0;8080;1;0,0;10335
2017-12-22 00:00:00.000;113,0;8080;3;0,0;10336
2017-12-22 00:00:00.000;304,0;8080;3;0,0;10337
2017-12-22 00:00:00.000;169,0;8080;4;0,0;10338
2017-12-22 00:00:00.000;272,0;8080;4;0,0;10339
2017-12-22 00:00:00.000;270,0;8080;1;0,0;10340
2017-12-22 00:00:00.000;146,0;8080;;0,0;10341
2017-12-22 00:00:00.000;198,0;8080;3;0,0;10342
2017-12-22 00:00:00.000;302,0;8080;1;0,0;10343
2017-12-22 00:00:00.000;279,0;8080;1;0,0;10344
2017-12-22 00:00:00.000;263,0;8080;;0,0;10345
2017-12-22 00:00:00.000;278,0;8080;3;0,0;10346
2017-12-22 00:00:00.000;271,0;8080;1;0,0;10347
2017-12-22 00:00:00.000;200,0;8080;1;0,0;10348
2017-12-22 00:00:00.000;174,0;8080;1;0,0;10349
2017-12-22 00:00:00.000;178,0;8080;1;0,0;10350
2017-12-22 00:00:00.000;272,0;8080;4;0,0;10351
2017-12-22 00:00:00.000;155,0;8080;1;0,0;10352
2017-12-22 00:00:00.000;274,0;8080;;0,0;10353
2017-12-22 00:00:00.000;307,0;8080;1;0,0;10354
2017-12-22 00:00:00.000;265,0;8080;4;0,0;10355
2017-12-22 00:00:00.000;280,0;8080;1;0,0;10356
2017-01-23 00:00:00.000;281,0;UGB ;1;0,0;10357
2017-01-23 00:00:00.000;162,0;UGB ;;0,0;10358
2017-01-23 00:00:00.000;249,0;UGB ;3;0,0;10359
2017-01-23 00:00:00.000;301,0;UGB ;;0,0;10360
2017-01-23 00:00:00.000;294,0;UGB ;;0,0;10361
2017-01-23 00:00:00.000;294,0;UGB ;3;0,0;10362
2017-01-23 00:00:00.000;249,0;UGB ;3;0,0;10363
2017-01-23 00:00:00.000;157,0;UGB ;1;0,0;10364
2017-01-23 00:00:00.000;262,0;UGB ;;0,0;10365
2017-01-23 00:00:00.000;292,0;UGB ;3;0,0;10366
2017-01-23 00:00:00.000;218,0;UGB ;4;0,0;10367
2017-01-23 00:00:00.000;141,0;UGB ;1;0,0;10368
2017-01-23 00:00:00.000;254,0;UGB ;1;0,0;10369
2017-02-23 00:00:00.000;243,0;UGB ;;0,0;10370
2017-02-23 00:00:00.000;271,0;UGB ;3;0,0;10371
2017-02-23 00:00:00.000;160,0;UGB ;3;0,0;10372
2017-02-23 00:00:00.000;237,0;UGB ;4;0,0;10373
2017-02-23 00:00:00.000;223,0;UGB ;1;0,0;10374
2017-02-23 00:00:00.000;250,0;UGB ;1;0,0;10375
2017-02-23 00:00:00.000;302,0;UGB ;3;0,0;10376
2017-02-23 00:00:00.000;172,0;UGB ;3;0,0;10377
2017-02-23 00:00:00.000;237,0;UGB ;1;0,0;10378
2017-02-23 00:00:00.000;188,0;UGB ;1;0,0;10379
2017-02-23 00:00:00.000;207,0;UGB ;1;0,0;10380
2017-02-23 00:00:00.000;224,0;UGB ;4;0,0;10381
2017-02-23 00:00:00.000;117,0;UGB ;4;0,0;10382
2017-02-23 00:00:00.000;117,0;UGB ;1;0,0;10383
2017-02-23 00:00:00.000;255,0;UGB ;4;0,0;10384
2017-02-23 00:00:00.000;202,0;UGB ;1;0,0;10385
2017-02-23 00:00:00.000;145,0;UGB ;;0,0;10386
2017-02-23 00:00:00.000;183,0;UGB ;3;0,0;10387
2017-02-23 00:00:00.000;309,0;UGB ;1;0,0;10388
2017-02-23 00:00:00.000;200,0;UGB ;1;0,0;10389
2017-02-23 00:00:00.000;121,0;UGB ;3;0,0;10390
2017-02-23 00:00:00.000;176,0;UGB ;1;0,0;10391
2017-02-23 00:00:00.000;152,0;UGB ;1;0,0;10392
2017-02-23 00:00:00.000;248,0;UGB ;4;0,0;10393
2017-02-23 00:00:00.000;182,0;UGB ;3;0,0;10394
2017-02-23 00:00:00.000;139,0;UGB ;4;0,0;10395
2017-02-23 00:00:00.000;113,0;UGB ;3;0,0;10396
2017-02-23 00:00:00.000;223,0;UGB ;1;0,0;10397
2017-02-23 00:00:00.000;290,0;UGB ;1;0,0;10398
2017-02-23 00:00:00.000;197,0;UGB ;3;0,0;10399
2017-02-23 00:00:00.000;208,0;UGB ;1;0,0;10400
2017-02-23 00:00:00.000;202,0;UGB ;4;0,0;10401
2017-02-23 00:00:00.000;212,0;UGB ;1;0,0;10402
2017-02-23 00:00:00.000;265,0;UGB ;3;0,0;10403
2017-02-23 00:00:00.000;225,0;UGB ;;0,0;10404
2017-02-23 00:00:00.000;215,0;UGB ;;0,0;10405
2017-02-23 00:00:00.000;263,0;UGB ;;0,0;10406
2017-02-23 00:00:00.000;143,0;UGB ;3;0,0;10407
2017-02-23 00:00:00.000;257,0;UGB ;1;75,8;10408
2017-02-23 00:00:00.000;245,0;UGB ;1;0,0;10409
2017-02-23 00:00:00.000;192,0;UGB ;3;0,0;10410
2017-02-23 00:00:00.000;200,0;UGB ;3;0,0;10411
2017-03-23 00:00:00.000;190,0;UGB ;1;0,0;10412
2017-03-23 00:00:00.000;239,0;UGB ;3;0,0;10413
2017-03-23 00:00:00.000;144,0;UGB ;4;0,0;10414
2017-03-23 00:00:00.000;111,0;UGB ;3;0,0;10415
2017-03-23 00:00:00.000;202,0;UGB ;1;0,0;10416
2017-03-23 00:00:00.000;214,0;UGB ;3;0,0;10417
2017-03-23 00:00:00.000;308,0;UGB ;4;0,0;10418
2017-03-23 00:00:00.000;255,0;UGB ;4;0,0;10419
2017-03-23 00:00:00.000;269,0;UGB ;1;0,0;10420
2017-03-23 00:00:00.000;123,0;UGB ;;0,0;10421
2017-03-23 00:00:00.000;243,0;UGB ;;0,0;10422
2017-03-23 00:00:00.000;239,0;UGB ;1;0,0;10423
2017-03-23 00:00:00.000;280,0;UGB ;1;0,0;10424
2017-03-23 00:00:00.000;215,0;UGB ;3;0,0;10425
2017-03-23 00:00:00.000;180,0;UGB ;4;0,0;10426
2017-03-23 00:00:00.000;266,0;UGB ;1;0,0;10427
2017-03-23 00:00:00.000;306,0;UGB ;1;0,0;10428
2017-04-23 00:00:00.000;126,0;WAO ;4;0,0;10429
2017-04-23 00:00:00.000;218,0;WAO ;;0,0;10430
2017-11-23 00:00:00.000;162,0;8080;1;0,0;10431
2017-11-23 00:00:00.000;128,0;8080;1;0,0;10432
2017-11-23 00:00:00.000;213,0;8080;4;0,0;10433
2017-11-23 00:00:00.000;237,0;8080;3;0,0;10434
2017-11-23 00:00:00.000;259,0;8080;4;0,0;10435
2017-11-23 00:00:00.000;260,0;8080;4;0,0;10436
2017-11-23 00:00:00.000;297,0;8080;3;0,0;10437
2017-11-23 00:00:00.000;159,0;8080;4;0,0;10438
2017-11-23 00:00:00.000;126,0;8080;1;0,0;10439
2017-11-23 00:00:00.000;309,0;8080;3;0,0;10440
2017-11-23 00:00:00.000;117,0;8080;4;0,0;10441
2017-11-23 00:00:00.000;190,0;8080;;0,0;10442
2017-11-23 00:00:00.000;122,0;8080;4;0,0;10443
2017-11-23 00:00:00.000;173,0;8080;3;0,0;10444
2017-11-23 00:00:00.000;226,0;8080;4;0,0;10445
2017-11-23 00:00:00.000;172,0;8080;1;0,0;10446
2017-11-23 00:00:00.000;154,0;8080;;0,0;10447
2017-11-23 00:00:00.000;243,0;8080;;0,0;10448
2017-11-23 00:00:00.000;139,0;8080;3;0,0;10449
2017-11-23 00:00:00.000;112,0;8080;;0,0;10450
2017-11-23 00:00:00.000;140,0;8080;1;0,0;10451
2017-11-23 00:00:00.000;116,0;8080;1;0,0;10452
2017-11-23 00:00:00.000;245,0;8080;4;0,0;10453
2017-11-23 00:00:00.000;175,0;8080;;0,0;10454
2017-11-23 00:00:00.000;159,0;8080;3;0,0;10455
2017-11-23 00:00:00.000;144,0;8080;4;0,0;10456
2017-11-23 00:00:00.000;145,0;8080;;0,0;10457
2017-12-23 00:00:00.000;252,0;8080;4;0,0;10458
2017-12-23 00:00:00.000;244,0;8080;1;0,0;10459
2017-12-23 00:00:00.000;138,0;8080;4;0,0;10460
2017-12-23 00:00:00.000;286,0;8080;3;0,0;10461
2017-12-23 00:00:00.000;225,0;8080;3;0,0;10462
2017-12-23 00:00:00.000;295,0;8080;3;0,0;10463
2017-12-23 00:00:00.000;286,0;8080;4;0,0;10464
2017-12-23 00:00:00.000;288,0;8080;3;0,0;10465
2017-12-23 00:00:00.000;179,0;8080;1;0,0;10466
2017-12-23 00:00:00.000;256,0;8080;1;0,0;10467
2017-12-23 00:00:00.000;211,0;8080;3;0,0;10468
2017-12-23 00:00:00.000;274,0;8080;3;0,0;10469
2017-12-23 00:00:00.000;264,0;8080;3;0,0;10470
2017-12-23 00:00:00.000;134,0;8080;1;0,0;10471
2017-12-23 00:00:00.000;281,0;8080;1;0,0;10472
2017-12-23 00:00:00.000;238,0;8080;4;0,0;10473
2017-12-23 00:00:00.000;259,0;8080;1;0,0;10474
2017-12-23 00:00:00.000;132,0;8080;3;0,0;10475
2017-12-23 00:00:00.000;132,0;8080;1;0,0;10476
2017-12-23 00:00:00.000;243,0;8080;4;0,0;10477
2017-12-23 00:00:00.000;198,0;8080;4;0,0;10478
2017-12-23 00:00:00.000;270,0;8080;4;0,0;10479
2017-12-23 00:00:00.000;278,0;8080;3;0,0;10480
2017-12-23 00:00:00.000;164,0;8080;4;0,0;10481
2017-12-23 00:00:00.000;310,0;8080;;0,0;10482
2017-12-23 00:00:00.000;232,0;8080;4;0,0;10483
2017-12-23 00:00:00.000;258,0;8080;4;0,0;10484
2017-12-23 00:00:00.000;236,0;8080;4;0,0;10485
2017-12-23 00:00:00.000;120,0;8080;3;0,0;10486
2017-12-23 00:00:00.000;119,0;8080;1;0,0;10487
2017-12-23 00:00:00.000;160,0;8080;4;0,0;10488
2017-12-23 00:00:00.000;178,0;8080;4;0,0;10489
2017-12-23 00:00:00.000;155,0;8080;4;0,0;10490
2017-12-23 00:00:00.000;305,0;8080;3;0,0;10491
2017-12-23 00:00:00.000;294,0;8080;4;0,0;10492
2017-12-23 00:00:00.000;231,0;8080;1;0,0;10493
2017-12-23 00:00:00.000;181,0;8080;3;0,0;10494
2017-12-23 00:00:00.000;184,0;8080;3;0,0;10495
2017-12-23 00:00:00.000;187,0;8080;1;0,0;10496
2017-12-23 00:00:00.000;166,0;8080;4;0,0;10497
2017-12-23 00:00:00.000;219,0;8080;1;0,0;10498
2017-12-23 00:00:00.000;266,0;8080;3;0,0;10499
2017-12-23 00:00:00.000;311,0;8080;4;0,0;10500
2017-12-23 00:00:00.000;298,0;8080;1;0,0;10501
2017-12-23 00:00:00.000;252,0;8080;3;0,0;10502
2017-12-23 00:00:00.000;255,0;8080;1;0,0;10503
2017-12-23 00:00:00.000;299,0;8080;4;0,0;10504
2017-12-23 00:00:00.000;138,0;8080;1;0,0;10505
2017-12-23 00:00:00.000;297,0;8080;1;0,0;10506
2017-12-23 00:00:00.000;287,0;8080;4;0,0;10507
2017-12-23 00:00:00.000;192,0;8080;1;0,0;10508
2017-12-23 00:00:00.000;147,0;8080;1;0,0;10509
2017-12-23 00:00:00.000;206,0;8080;3;0,0;10510
2017-12-23 00:00:00.000;201,0;8080;3;0,0;10511
2017-12-23 00:00:00.000;198,0;8080;1;0,0;10512
2017-12-23 00:00:00.000;144,0;8080;4;0,0;10513
2017-12-23 00:00:00.000;310,0;8080;3;0,0;10514
2017-12-23 00:00:00.000;194,0;8080;4;0,0;10515
2017-12-23 00:00:00.000;124,0;8080;;0,0;10516
2017-12-23 00:00:00.000;309,0;8080;1;0,0;10517
2017-12-23 00:00:00.000;193,0;8080;1;0,0;10518
2017-12-23 00:00:00.000;249,0;8080;4;0,0;10519
2017-12-23 00:00:00.000;169,0;8080;4;0,0;10520
2017-12-23 00:00:00.000;230,0;8080;3;0,0;10521
2017-12-23 00:00:00.000;270,0;8080;4;0,0;10522
2017-12-23 00:00:00.000;191,0;8080;3;0,0;10523
2017-12-23 00:00:00.000;310,0;8080;3;0,0;10524
2017-12-23 00:00:00.000;157,0;8080;4;0,0;10525
2017-12-23 00:00:00.000;244,0;8080;4;0,0;10526
2017-12-23 00:00:00.000;280,0;8080;3;0,0;10527
2017-12-23 00:00:00.000;280,0;8080;1;0,0;10528
2017-12-23 00:00:00.000;199,0;8080;3;0,0;10529
2017-12-23 00:00:00.000;117,0;8080;4;0,0;10530
2017-12-23 00:00:00.000;198,0;8080;4;0,0;10531
2017-12-23 00:00:00.000;181,0;8080;1;0,0;10532
2017-12-23 00:00:00.000;299,0;8080;3;0,0;10533
2017-12-23 00:00:00.000;174,0;8080;4;0,0;10534
2017-12-23 00:00:00.000;134,0;8080;1;0,0;10535
2017-12-23 00:00:00.000;257,0;8080;3;0,0;10536
2017-12-23 00:00:00.000;212,0;8080;4;0,0;10537
2017-12-23 00:00:00.000;120,0;8080;1;0,0;10538
2017-12-23 00:00:00.000;205,0;8080;1;0,0;10539
2017-12-23 00:00:00.000;192,0;8080;3;0,0;10540
2017-12-23 00:00:00.000;169,0;8080;4;0,0;10541
2017-12-23 00:00:00.000;243,0;8080;1;0,0;10542
2017-12-23 00:00:00.000;299,0;8080;1;0,0;10543
2017-12-23 00:00:00.000;129,0;8080;4;0,0;10544
2017-12-23 00:00:00.000;113,0;8080;4;0,0;10545
2017-12-23 00:00:00.000;232,0;8080;3;0,0;10546
2017-12-23 00:00:00.000;305,0;8080;4;0,0;10547
2017-12-23 00:00:00.000;298,0;8080;1;0,0;10548
2017-12-23 00:00:00.000;196,0;8080;1;0,0;10549
2017-12-23 00:00:00.000;298,0;8080;1;0,0;10550
2017-12-23 00:00:00.000;192,0;8080;4;0,0;10551
2017-12-23 00:00:00.000;243,0;8080;3;0,0;10552
2017-12-23 00:00:00.000;258,0;8080;3;0,0;10553
2017-12-23 00:00:00.000;141,0;8080;4;0,0;10554
2017-12-23 00:00:00.000;114,0;8080;3;0,0;10555
2017-12-23 00:00:00.000;242,0;8080;4;0,0;10556
2017-12-23 00:00:00.000;131,0;8080;1;0,0;10557
2017-12-23 00:00:00.000;121,0;8080;1;0,0;10558
2017-12-23 00:00:00.000;285,0;8080;3;0,0;10559
2017-12-23 00:00:00.000;221,0;8080;4;0,0;10560
2017-12-23 00:00:00.000;272,0;8080;4;0,0;10561
2017-12-23 00:00:00.000;310,0;8080;3;0,0;10562
2017-12-23 00:00:00.000;112,0;8080;1;0,0;10563
2017-12-23 00:00:00.000;145,0;8080;1;0,0;10564
2017-12-23 00:00:00.000;214,0;8080;3;0,0;10565
2017-12-23 00:00:00.000;119,0;8080;1;0,0;10566
2017-12-23 00:00:00.000;158,0;8080;4;0,0;10567
2017-12-23 00:00:00.000;142,0;8080;4;0,0;10568
2017-12-23 00:00:00.000;165,0;8080;;0,0;10569
2017-12-23 00:00:00.000;244,0;8080;;0,0;10570
2017-12-23 00:00:00.000;202,0;8080;4;0,0;10571
2017-12-23 00:00:00.000;300,0;8080;3;0,0;10572
2017-12-23 00:00:00.000;249,0;8080;4;0,0;10573
2017-12-23 00:00:00.000;204,0;8080;4;0,0;10574
2017-12-23 00:00:00.000;197,0;8080;4;0,0;10575
2017-12-23 00:00:00.000;121,0;8080;4;0,0;10576
2017-12-23 00:00:00.000;263,0;8080;1;0,0;10577
2017-12-23 00:00:00.000;255,0;8080;1;0,0;10578
2017-12-23 00:00:00.000;237,0;8080;4;0,0;10579
2017-12-23 00:00:00.000;291,0;8080;4;0,0;10580
2017-12-23 00:00:00.000;161,0;8080;4;0,0;10581
2017-12-23 00:00:00.000;160,0;8080;4;0,0;10582
2017-12-23 00:00:00.000;296,0;8080;4;0,0;10583
2017-12-23 00:00:00.000;240,0;8080;;0,0;10584
2017-12-23 00:00:00.000;203,0;8080;1;0,0;10585
2017-12-23 00:00:00.000;309,0;8080;4;0,0;10586
2017-12-23 00:00:00.000;156,0;8080;1;0,0;10587
2017-12-23 00:00:00.000;235,0;8080;1;0,0;10588
2017-12-23 00:00:00.000;183,0;8080;4;0,0;10589
2017-12-23 00:00:00.000;125,0;8080;3;0,0;10590
2017-12-23 00:00:00.000;294,0;8080;1;0,0;10591
2017-12-23 00:00:00.000;181,0;8080;4;0,0;10592
2017-12-23 00:00:00.000;199,0;8080;4;0,0;10593
2017-12-23 00:00:00.000;200,0;8080;1;0,0;10594
2017-12-23 00:00:00.000;147,0;8080;1;0,0;10595
2017-12-23 00:00:00.000;227,0;8080;3;0,0;10596
2017-12-23 00:00:00.000;119,0;8080;1;0,0;10597
2017-12-23 00:00:00.000;303,0;8080;1;0,0;10598
2017-12-23 00:00:00.000;222,0;8080;1;0,0;10599
2017-12-23 00:00:00.000;186,0;8080;1;0,0;10600
2017-12-23 00:00:00.000;236,0;8080;3;0,0;10601
2017-12-23 00:00:00.000;168,0;8080;4;0,0;10602
2017-12-23 00:00:00.000;155,0;8080;3;0,0;10603
2017-12-23 00:00:00.000;154,0;8080;4;0,0;10604
2017-12-23 00:00:00.000;153,0;8080;4;0,0;10605
2017-12-23 00:00:00.000;233,0;8080;3;0,0;10606
2017-12-23 00:00:00.000;190,0;8080;4;0,0;10607
2017-12-23 00:00:00.000;214,0;8080;1;0,0;10608
2017-12-23 00:00:00.000;117,0;8080;4;0,0;10609
2017-12-23 00:00:00.000;237,0;8080;1;0,0;10610
2017-12-23 00:00:00.000;191,0;8080;4;0,0;10611
2017-12-23 00:00:00.000;154,0;8080;1;0,0;10612
2017-12-23 00:00:00.000;259,0;8080;4;0,0;10613
2017-12-23 00:00:00.000;170,0;8080;4;0,0;10614
2017-12-23 00:00:00.000;138,0;8080;3;0,0;10615
2017-12-23 00:00:00.000;209,0;8080;4;0,0;10616
2017-12-23 00:00:00.000;150,0;8080;4;0,0;10617
2017-12-23 00:00:00.000;305,0;8080;1;0,0;10618
2017-12-23 00:00:00.000;307,0;8080;3;0,0;10619
2017-12-23 00:00:00.000;180,0;8080;1;0,0;10620
2017-12-23 00:00:00.000;118,0;8080;4;0,0;10621
2017-12-23 00:00:00.000;194,0;8080;3;0,0;10622
2017-12-23 00:00:00.000;185,0;8080;1;0,0;10623
2017-12-23 00:00:00.000;118,0;8080;4;0,0;10624
2017-12-23 00:00:00.000;212,0;8080;3;0,0;10625
2017-12-23 00:00:00.000;240,0;8080;4;0,0;10626
2017-12-23 00:00:00.000;308,0;8080;3;0,0;10627
2017-12-23 00:00:00.000;247,0;8080;1;0,0;10628
2017-12-23 00:00:00.000;216,0;8080;3;0,0;10629
2017-12-23 00:00:00.000;278,0;8080;4;0,0;10630
2017-12-23 00:00:00.000;121,0;8080;4;0,0;10631
2017-12-23 00:00:00.000;161,0;8080;4;0,0;10632
2017-12-23 00:00:00.000;226,0;8080;;0,0;10633
2017-12-23 00:00:00.000;279,0;8080;4;0,0;10634
2017-12-23 00:00:00.000;242,0;8080;1;0,0;10635
2017-12-23 00:00:00.000;217,0;8080;3;0,0;10636
2017-12-23 00:00:00.000;280,0;8080;1;0,0;10637
2017-12-23 00:00:00.000;225,0;8080;1;0,0;10638
2017-12-23 00:00:00.000;142,0;8080;1;0,0;10639
2017-12-23 00:00:00.000;250,0;8080;4;0,0;10640
2017-12-23 00:00:00.000;294,0;8080;3;0,0;10641
2017-12-23 00:00:00.000;190,0;8080;4;0,0;10642
2017-12-23 00:00:00.000;133,0;8080;1;0,0;10643
2017-12-23 00:00:00.000;188,0;8080;3;0,0;10644
2017-12-23 00:00:00.000;276,0;8080;4;0,0;10645
2017-12-23 00:00:00.000;249,0;8080;4;0,0;10646
2017-12-23 00:00:00.000;165,0;8080;1;0,0;10647
2017-12-23 00:00:00.000;122,0;8080;1;0,0;10648
2017-12-23 00:00:00.000;293,0;8080;1;0,0;10649
2017-12-23 00:00:00.000;222,0;8080;1;0,0;10650
2017-12-23 00:00:00.000;134,0;8080;1;0,0;10651
2017-12-23 00:00:00.000;138,0;8080;1;0,0;10652
2017-12-23 00:00:00.000;204,0;8080;3;0,0;10653
2017-12-23 00:00:00.000;169,0;8080;3;0,0;10654
2017-12-23 00:00:00.000;306,0;8080;4;0,0;10655
2017-12-23 00:00:00.000;248,0;8080;1;0,0;10656
2017-12-23 00:00:00.000;228,0;8080;;0,0;10657
2017-12-23 00:00:00.000;198,0;8080;3;0,0;10658
2017-12-23 00:00:00.000;277,0;8080;1;0,0;10659
2017-12-23 00:00:00.000;159,0;8080;1;0,0;10660
2017-12-23 00:00:00.000;122,0;8080;4;0,0;10661
2017-12-23 00:00:00.000;195,0;8080;3;0,0;10662
2017-12-23 00:00:00.000;257,0;8080;4;0,0;10663
2017-12-23 00:00:00.000;141,0;8080;1;0,0;10664
2017-12-23 00:00:00.000;115,0;8080;1;0,0;10665
2017-12-23 00:00:00.000;232,0;8080;3;0,0;10666
2017-12-23 00:00:00.000;143,0;8080;4;0,0;10667
2017-12-23 00:00:00.000;237,0;8080;1;0,0;10668
2017-12-23 00:00:00.000;225,0;8080;4;0,0;10669
2017-12-23 00:00:00.000;303,0;8080;4;0,0;10670
2017-12-23 00:00:00.000;194,0;8080;4;0,0;10671
2017-12-23 00:00:00.000;199,0;8080;1;0,0;10672
2017-12-23 00:00:00.000;148,0;8080;1;0,0;10673
2017-12-23 00:00:00.000;300,0;8080;4;0,0;10674
2017-12-23 00:00:00.000;160,0;8080;4;0,0;10675
2017-12-23 00:00:00.000;176,0;8080;4;0,0;10676
2017-12-23 00:00:00.000;177,0;8080;4;0,0;10677
2017-12-23 00:00:00.000;266,0;8080;4;0,0;10678
2017-12-23 00:00:00.000;291,0;8080;4;0,0;10679
2017-12-23 00:00:00.000;235,0;8080;1;0,0;10680
2017-12-23 00:00:00.000;266,0;8080;1;0,0;10681
2017-12-23 00:00:00.000;123,0;8080;;0,0;10682
2017-12-23 00:00:00.000;195,0;8080;4;0,0;10683
2017-12-23 00:00:00.000;233,0;8080;4;0,0;10684
2017-12-23 00:00:00.000;193,0;8080;3;0,0;10685
2017-12-23 00:00:00.000;216,0;8080;3;0,0;10686
2017-12-23 00:00:00.000;118,0;8080;1;0,0;10687
2017-12-23 00:00:00.000;237,0;8080;1;0,0;10688
2017-12-23 00:00:00.000;307,0;8080;1;0,0;10689
2017-12-23 00:00:00.000;150,0;8080;3;0,0;10690
2017-12-23 00:00:00.000;258,0;8080;1;0,0;10691
2017-12-23 00:00:00.000;127,0;8080;4;0,0;10692
2017-12-23 00:00:00.000;142,0;8080;4;0,0;10693
2017-12-23 00:00:00.000;139,0;8080;4;0,0;10694
2017-12-23 00:00:00.000;198,0;8080;4;0,0;10695
2017-12-23 00:00:00.000;239,0;8080;4;0,0;10696
2017-12-23 00:00:00.000;177,0;8080;1;0,0;10697
2017-12-23 00:00:00.000;284,0;8080;1;0,0;10698
2017-12-23 00:00:00.000;286,0;8080;1;0,0;10699
2017-12-23 00:00:00.000;265,0;8080;1;0,0;10700
2017-12-23 00:00:00.000;274,0;8080;1;0,0;10701
2017-12-23 00:00:00.000;151,0;8080;1;0,0;10702
2017-12-23 00:00:00.000;127,0;8080;1;0,0;10703
2017-12-23 00:00:00.000;113,0;8080;3;0,0;10704
2017-12-23 00:00:00.000;274,0;8080;1;0,0;10705
2017-12-23 00:00:00.000;280,0;8080;1;0,0;10706
2017-12-23 00:00:00.000;256,0;8080;1;0,0;10707
2017-12-23 00:00:00.000;141,0;8080;1;0,0;10708
2017-12-23 00:00:00.000;176,0;8080;3;0,0;10709
2017-12-23 00:00:00.000;136,0;8080;1;0,0;10710
2017-12-23 00:00:00.000;131,0;8080;1;0,0;10711
2017-12-23 00:00:00.000;225,0;8080;4;0,0;10712
2017-12-23 00:00:00.000;151,0;8080;4;0,0;10713
2017-12-23 00:00:00.000;168,0;8080;1;0,0;10714
2017-12-23 00:00:00.000;239,0;8080;1;0,0;10715
2017-12-23 00:00:00.000;205,0;8080;3;0,0;10716
2017-12-23 00:00:00.000;149,0;8080;4;0,0;10717
2017-12-23 00:00:00.000;167,0;8080;1;0,0;10718
2017-12-23 00:00:00.000;248,0;8080;1;0,0;10719
2017-12-23 00:00:00.000;197,0;8080;4;0,0;10720
2017-12-23 00:00:00.000;172,0;8080;3;0,0;10721
2017-12-23 00:00:00.000;122,0;8080;1;0,0;10722
2017-12-23 00:00:00.000;292,0;8080;4;0,0;10723
2017-12-23 00:00:00.000;224,0;8080;1;0,0;10724
2017-12-23 00:00:00.000;154,0;8080;4;0,0;10725
2017-12-23 00:00:00.000;253,0;8080;1;0,0;10726
2017-12-23 00:00:00.000;189,0;8080;1;0,0;10727
2017-12-23 00:00:00.000;216,0;8080;3;0,0;10728
2017-12-23 00:00:00.000;148,0;8080;4;0,0;10729
2017-12-23 00:00:00.000;174,0;8080;3;0,0;10730
2017-12-23 00:00:00.000;111,0;8080;1;0,0;10731
2017-12-23 00:00:00.000;270,0;8080;1;0,0;10732
2017-12-23 00:00:00.000;140,0;8080;1;0,0;10733
2017-12-23 00:00:00.000;121,0;8080;1;0,0;10734
2017-12-23 00:00:00.000;212,0;8080;4;0,0;10735
2017-12-23 00:00:00.000;216,0;8080;4;0,0;10736
2017-12-23 00:00:00.000;173,0;8080;1;0,0;10737
2017-12-23 00:00:00.000;147,0;8080;1;0,0;10738
2017-12-23 00:00:00.000;260,0;8080;3;0,0;10739
2017-12-23 00:00:00.000;116,0;8080;3;0,0;10740
2017-12-23 00:00:00.000;297,0;8080;1;0,0;10741
2017-12-23 00:00:00.000;156,0;8080;3;0,0;10742
2017-12-23 00:00:00.000;292,0;8080;1;0,0;10743
2017-12-23 00:00:00.000;294,0;8080;3;0,0;10744
2017-12-23 00:00:00.000;169,0;8080;4;0,0;10745
2017-12-23 00:00:00.000;300,0;8080;1;0,0;10746
2017-12-23 00:00:00.000;266,0;8080;3;0,0;10747
2017-12-23 00:00:00.000;259,0;8080;3;0,0;10748
2017-12-23 00:00:00.000;255,0;8080;1;0,0;10749
2017-12-23 00:00:00.000;169,0;8080;1;0,0;10750
2017-12-23 00:00:00.000;231,0;8080;4;0,0;10751
2017-12-23 00:00:00.000;301,0;8080;1;0,0;10752
2017-12-23 00:00:00.000;175,0;8080;1;0,0;10753
2017-12-23 00:00:00.000;155,0;8080;1;0,0;10754
2017-12-23 00:00:00.000;143,0;8080;1;0,0;10755
2017-12-23 00:00:00.000;203,0;8080;4;0,0;10756
2017-12-23 00:00:00.000;188,0;8080;1;0,0;10757
2017-12-23 00:00:00.000;132,0;8080;1;0,0;10758
2017-12-23 00:00:00.000;302,0;8080;3;0,0;10759
2017-12-23 00:00:00.000;120,0;8080;1;0,0;10760
2017-12-23 00:00:00.000;241,0;8080;3;0,0;10761
2017-12-23 00:00:00.000;127,0;8080;3;0,0;10762
2017-12-23 00:00:00.000;151,0;8080;1;0,0;10763
2017-12-23 00:00:00.000;286,0;8080;3;0,0;10764
2017-12-23 00:00:00.000;198,0;8080;3;0,0;10765
2017-12-23 00:00:00.000;159,0;8080;1;0,0;10766
2017-12-23 00:00:00.000;125,0;8080;4;0,0;10767
2017-12-23 00:00:00.000;292,0;8080;3;0,0;10768
2017-12-23 00:00:00.000;226,0;8080;1;0,0;10769
2017-12-23 00:00:00.000;239,0;8080;3;0,0;10770
2017-12-23 00:00:00.000;269,0;8080;3;0,0;10771
2017-12-23 00:00:00.000;182,0;8080;1;0,0;10772
2017-12-23 00:00:00.000;191,0;8080;4;0,0;10773
2017-12-23 00:00:00.000;191,0;8080;1;0,0;10774
2017-12-23 00:00:00.000;291,0;8080;4;0,0;10775
2017-12-23 00:00:00.000;112,0;8080;4;0,0;10776
2017-12-23 00:00:00.000;278,0;8080;1;0,0;10777
2017-12-23 00:00:00.000;294,0;8080;1;0,0;10778
2017-12-23 00:00:00.000;259,0;8080;1;0,0;10779
2017-12-23 00:00:00.000;225,0;8080;3;0,0;10780
2017-12-23 00:00:00.000;203,0;8080;3;0,0;10781
2017-12-23 00:00:00.000;265,0;8080;3;0,0;10782
2017-12-23 00:00:00.000;174,0;8080;4;0,0;10783
2017-12-23 00:00:00.000;164,0;8080;3;0,0;10784
2017-01-24 00:00:00.000;221,0;UGB ;1;0,0;10785
2017-01-24 00:00:00.000;152,0;UGB ;4;0,0;10786
2017-01-24 00:00:00.000;228,0;UGB ;1;0,0;10787
2017-01-24 00:00:00.000;127,0;UGB ;;0,0;10788
2017-01-24 00:00:00.000;151,0;UGB ;4;0,0;10789
2017-01-24 00:00:00.000;163,0;UGB ;1;0,0;10790
2017-01-24 00:00:00.000;295,0;UGB ;1;0,0;10791
2017-01-24 00:00:00.000;277,0;UGB ;;0,0;10792
2017-01-24 00:00:00.000;269,0;UGB ;;0,0;10793
2017-01-24 00:00:00.000;253,0;UGB ;3;0,0;10794
2017-01-24 00:00:00.000;254,0;UGB ;3;0,0;10795
2017-01-24 00:00:00.000;210,0;UGB ;;0,0;10796
2017-01-24 00:00:00.000;218,0;UGB ;4;0,0;10797
2017-01-24 00:00:00.000;294,0;UGB ;;0,0;10798
2017-01-24 00:00:00.000;194,0;UGB ;;0,0;10799
2017-01-24 00:00:00.000;124,0;UGB ;4;0,0;10800
2017-02-24 00:00:00.000;148,0;UGB ;1;0,0;10801
2017-02-24 00:00:00.000;194,0;UGB ;;0,0;10802
2017-02-24 00:00:00.000;189,0;UGB ;4;0,0;10803
2017-02-24 00:00:00.000;211,0;UGB ;3;0,0;10804
2017-02-24 00:00:00.000;312,0;UGB ;1;0,0;10805
2017-02-24 00:00:00.000;151,0;UGB ;;0,0;10806
2017-02-24 00:00:00.000;210,0;UGB ;1;0,0;10807
2017-02-24 00:00:00.000;271,0;UGB ;1;49,7;10808
2017-02-24 00:00:00.000;292,0;UGB ;4;0,0;10809
2017-02-24 00:00:00.000;113,0;UGB ;1;0,0;10810
2017-02-24 00:00:00.000;214,0;UGB ;3;0,0;10811
2017-02-24 00:00:00.000;274,0;UGB ;1;0,0;10812
2017-02-24 00:00:00.000;141,0;UGB ;4;0,0;10813
2017-02-24 00:00:00.000;207,0;UGB ;3;0,0;10814
2017-02-24 00:00:00.000;294,0;UGB ;1;0,0;10815
2017-02-24 00:00:00.000;115,0;UGB ;1;0,0;10816
2017-02-24 00:00:00.000;252,0;UGB ;1;0,0;10817
2017-02-24 00:00:00.000;274,0;UGB ;3;0,0;10818
2017-02-24 00:00:00.000;263,0;UGB ;1;0,0;10819
2017-02-24 00:00:00.000;168,0;UGB ;4;0,0;10820
2017-02-24 00:00:00.000;211,0;UGB ;4;0,0;10821
2017-02-24 00:00:00.000;143,0;UGB ;3;0,0;10822
2017-02-24 00:00:00.000;135,0;UGB ;;0,0;10823
2017-02-24 00:00:00.000;193,0;UGB ;1;0,0;10824
2017-02-24 00:00:00.000;277,0;UGB ;4;0,0;10825
2017-02-24 00:00:00.000;255,0;UGB ;3;0,0;10826
2017-02-24 00:00:00.000;210,0;UGB ;4;0,0;10827
2017-02-24 00:00:00.000;283,0;UGB ;;0,0;10828
2017-02-24 00:00:00.000;190,0;UGB ;;0,0;10829
2017-02-24 00:00:00.000;198,0;UGB ;1;0,0;10830
2017-02-24 00:00:00.000;297,0;UGB ;4;0,0;10831
2017-02-24 00:00:00.000;142,0;UGB ;4;153,8;10832
2017-02-24 00:00:00.000;209,0;UGB ;4;0,0;10833
2017-02-24 00:00:00.000;146,0;UGB ;1;0,0;10834
2017-02-24 00:00:00.000;214,0;UGB ;1;0,0;10835
2017-02-24 00:00:00.000;188,0;UGB ;;0,0;10836
2017-02-24 00:00:00.000;114,0;UGB ;;0,0;10837
2017-02-24 00:00:00.000;226,0;UGB ;4;0,0;10838
2017-02-24 00:00:00.000;246,0;UGB ;3;0,0;10839
2017-02-24 00:00:00.000;293,0;UGB ;1;0,0;10840
2017-02-24 00:00:00.000;282,0;UGB ;1;0,0;10841
2017-02-24 00:00:00.000;153,0;UGB ;;0,0;10842
2017-02-24 00:00:00.000;140,0;UGB ;;0,0;10843
2017-02-24 00:00:00.000;232,0;UGB ;4;0,0;10844
2017-02-24 00:00:00.000;151,0;UGB ;3;0,0;10845
2017-02-24 00:00:00.000;162,0;UGB ;3;0,0;10846
2017-02-24 00:00:00.000;221,0;UGB ;3;0,0;10847
2017-02-24 00:00:00.000;253,0;UGB ;4;0,0;10848
2017-02-24 00:00:00.000;307,0;UGB ;;0,0;10849
2017-02-24 00:00:00.000;168,0;UGB ;;0,0;10850
2017-02-24 00:00:00.000;154,0;UGB ;1;0,0;10851
2017-02-24 00:00:00.000;174,0;UGB ;4;0,0;10852
2017-02-24 00:00:00.000;202,0;UGB ;1;0,0;10853
2017-02-24 00:00:00.000;269,0;UGB ;4;0,0;10854
2017-02-24 00:00:00.000;117,0;UGB ;3;0,0;10855
2017-02-24 00:00:00.000;210,0;UGB ;;0,0;10856
2017-02-24 00:00:00.000;268,0;UGB ;1;0,0;10857
2017-02-24 00:00:00.000;309,0;UGB ;1;0,0;10858
2017-02-24 00:00:00.000;177,0;UGB ;4;0,0;10859
2017-02-24 00:00:00.000;251,0;UGB ;;0,0;10860
2017-03-24 00:00:00.000;198,0;UGB ;3;0,0;10861
2017-03-24 00:00:00.000;154,0;UGB ;3;0,0;10862
2017-03-24 00:00:00.000;145,0;UGB ;4;0,0;10863
2017-03-24 00:00:00.000;220,0;UGB ;4;0,0;10864
2017-03-24 00:00:00.000;117,0;UGB ;4;0,0;10865
2017-03-24 00:00:00.000;253,0;UGB ;3;0,0;10866
2017-03-24 00:00:00.000;169,0;UGB ;;0,0;10867
2017-03-24 00:00:00.000;302,0;UGB ;3;0,0;10868
2017-03-24 00:00:00.000;111,0;UGB ;1;0,0;10869
2017-03-24 00:00:00.000;140,0;UGB ;4;0,0;10870
2017-03-24 00:00:00.000;121,0;UGB ;1;0,0;10871
2017-03-24 00:00:00.000;172,0;UGB ;1;0,0;10872
2017-03-24 00:00:00.000;311,0;UGB ;1;0,0;10873
2017-03-24 00:00:00.000;144,0;UGB ;1;0,0;10874
2017-04-24 00:00:00.000;132,0;WAO ;3;0,0;10875
2017-04-24 00:00:00.000;198,0;WAO ;3;0,0;10876
2017-04-24 00:00:00.000;259,0;WAO ;3;0,0;10877
2017-04-24 00:00:00.000;146,0;WAO ;4;0,0;10878
2017-04-24 00:00:00.000;151,0;WAO ;4;0,0;10879
2017-04-24 00:00:00.000;258,0;WAO ;3;0,0;10880
2017-04-24 00:00:00.000;144,0;WAO ;3;0,0;10881
2017-04-24 00:00:00.000;230,0;WAO ;1;0,0;10882
2017-04-24 00:00:00.000;159,0;WAO ;4;0,0;10883
2017-11-24 00:00:00.000;239,0;8080;3;0,0;10884
2017-11-24 00:00:00.000;291,0;8080;3;0,0;10885
2017-11-24 00:00:00.000;258,0;8080;;0,0;10886
2017-11-24 00:00:00.000;207,0;8080;4;0,0;10887
2017-11-24 00:00:00.000;297,0;8080;1;0,0;10888
2017-11-24 00:00:00.000;209,0;8080;3;0,0;10889
2017-11-24 00:00:00.000;256,0;8080;1;0,0;10890
2017-11-24 00:00:00.000;115,0;8080;;0,0;10891
2017-11-24 00:00:00.000;299,0;8080;;0,0;10892
2017-11-24 00:00:00.000;249,0;8080;4;0,0;10893
2017-11-24 00:00:00.000;114,0;8080;3;0,0;10894
2017-11-24 00:00:00.000;230,0;8080;3;0,0;10895
2017-11-24 00:00:00.000;258,0;8080;3;0,0;10896
2017-11-24 00:00:00.000;115,0;8080;4;0,0;10897
2017-11-24 00:00:00.000;222,0;8080;1;0,0;10898
2017-11-24 00:00:00.000;285,0;8080;3;0,0;10899
2017-11-24 00:00:00.000;137,0;8080;4;0,0;10900
2017-11-24 00:00:00.000;271,0;8080;;0,0;10901
2017-11-24 00:00:00.000;169,0;8080;4;0,0;10902
2017-11-24 00:00:00.000;140,0;8080;;0,0;10903
2017-11-24 00:00:00.000;268,0;8080;3;0,0;10904
2017-11-24 00:00:00.000;280,0;8080;;0,0;10905
2017-11-24 00:00:00.000;299,0;8080;1;0,0;10906
2017-11-24 00:00:00.000;227,0;8080;1;0,0;10907
2017-11-24 00:00:00.000;205,0;8080;4;0,0;10908
2017-11-24 00:00:00.000;199,0;8080;3;0,0;10909
2017-12-24 00:00:00.000;202,0;8080;4;0,0;10910
2017-12-24 00:00:00.000;279,0;8080;4;0,0;10911
2017-12-24 00:00:00.000;181,0;8080;4;0,0;10912
2017-12-24 00:00:00.000;118,0;8080;1;0,0;10913
2017-12-24 00:00:00.000;204,0;8080;3;0,0;10914
2017-12-24 00:00:00.000;225,0;8080;4;0,0;10915
2017-12-24 00:00:00.000;303,0;8080;3;0,0;10916
2017-12-24 00:00:00.000;234,0;8080;3;0,0;10917
2017-12-24 00:00:00.000;282,0;8080;4;0,0;10918
2017-12-24 00:00:00.000;200,0;8080;1;0,0;10919
2017-12-24 00:00:00.000;231,0;8080;1;0,0;10920
2017-12-24 00:00:00.000;154,0;8080;1;0,0;10921
2017-12-24 00:00:00.000;262,0;8080;4;0,0;10922
2017-12-24 00:00:00.000;188,0;8080;4;0,0;10923
2017-12-24 00:00:00.000;113,0;8080;1;0,0;10924
2017-12-24 00:00:00.000;238,0;8080;3;0,0;10925
2017-12-24 00:00:00.000;296,0;8080;1;0,0;10926
2017-12-24 00:00:00.000;246,0;8080;4;0,0;10927
2017-12-24 00:00:00.000;117,0;8080;4;0,0;10928
2017-12-24 00:00:00.000;167,0;8080;4;0,0;10929
2017-12-24 00:00:00.000;303,0;8080;1;0,0;10930
2017-12-24 00:00:00.000;126,0;8080;3;0,0;10931
2017-12-24 00:00:00.000;125,0;8080;3;0,0;10932
2017-12-24 00:00:00.000;112,0;8080;3;0,0;10933
2017-12-24 00:00:00.000;141,0;8080;4;0,0;10934
2017-12-24 00:00:00.000;261,0;8080;4;0,0;10935
2017-12-24 00:00:00.000;297,0;8080;1;0,0;10936
2017-12-24 00:00:00.000;289,0;8080;4;0,0;10937
2017-12-24 00:00:00.000;227,0;8080;3;0,0;10938
2017-12-24 00:00:00.000;217,0;8080;1;0,0;10939
2017-12-24 00:00:00.000;198,0;8080;1;0,0;10940
2017-12-24 00:00:00.000;250,0;8080;4;0,0;10941
2017-12-24 00:00:00.000;147,0;8080;3;0,0;10942
2017-12-24 00:00:00.000;305,0;8080;3;0,0;10943
2017-12-24 00:00:00.000;274,0;8080;4;0,0;10944
2017-12-24 00:00:00.000;168,0;8080;4;0,0;10945
2017-12-24 00:00:00.000;182,0;8080;3;0,0;10946
2017-12-24 00:00:00.000;121,0;8080;1;0,0;10947
2017-12-24 00:00:00.000;179,0;8080;4;0,0;10948
2017-12-24 00:00:00.000;127,0;8080;4;0,0;10949
2017-12-24 00:00:00.000;299,0;8080;4;0,0;10950
2017-12-24 00:00:00.000;253,0;8080;3;0,0;10951
2017-12-24 00:00:00.000;260,0;8080;3;0,0;10952
2017-12-24 00:00:00.000;220,0;8080;1;0,0;10953
2017-12-24 00:00:00.000;200,0;8080;1;0,0;10954
2017-12-24 00:00:00.000;156,0;8080;1;0,0;10955
2017-12-24 00:00:00.000;116,0;8080;1;0,0;10956
2017-12-24 00:00:00.000;274,0;8080;1;0,0;10957
2017-12-24 00:00:00.000;160,0;8080;3;0,0;10958
2017-12-24 00:00:00.000;261,0;8080;3;0,0;10959
2017-12-24 00:00:00.000;247,0;8080;1;0,0;10960
2017-12-24 00:00:00.000;166,0;8080;4;0,0;10961
2017-12-24 00:00:00.000;305,0;8080;4;0,0;10962
2017-12-24 00:00:00.000;160,0;8080;4;0,0;10963
2017-12-24 00:00:00.000;215,0;8080;4;0,0;10964
2017-12-24 00:00:00.000;210,0;8080;3;0,0;10965
2017-12-24 00:00:00.000;258,0;8080;1;0,0;10966
2017-12-24 00:00:00.000;248,0;8080;3;0,0;10967
2017-12-24 00:00:00.000;213,0;8080;1;0,0;10968
2017-12-24 00:00:00.000;134,0;8080;4;0,0;10969
2017-12-24 00:00:00.000;147,0;8080;3;0,0;10970
2017-12-24 00:00:00.000;219,0;8080;3;0,0;10971
2017-12-24 00:00:00.000;288,0;8080;3;0,0;10972
2017-12-24 00:00:00.000;168,0;8080;4;0,0;10973
2017-12-24 00:00:00.000;125,0;8080;3;0,0;10974
2017-12-24 00:00:00.000;305,0;8080;4;0,0;10975
2017-12-24 00:00:00.000;230,0;8080;4;0,0;10976
2017-12-24 00:00:00.000;147,0;8080;4;0,0;10977
2017-12-24 00:00:00.000;298,0;8080;3;0,0;10978
2017-12-24 00:00:00.000;251,0;8080;3;0,0;10979
2017-12-24 00:00:00.000;202,0;8080;3;0,0;10980
2017-12-24 00:00:00.000;113,0;8080;1;0,0;10981
2017-12-24 00:00:00.000;164,0;8080;3;0,0;10982
2017-12-24 00:00:00.000;143,0;8080;4;0,0;10983
2017-12-24 00:00:00.000;249,0;8080;4;0,0;10984
2017-12-24 00:00:00.000;296,0;8080;1;0,0;10985
2017-12-24 00:00:00.000;178,0;8080;3;0,0;10986
2017-12-24 00:00:00.000;277,0;8080;1;0,0;10987
2017-12-24 00:00:00.000;111,0;8080;3;0,0;10988
2017-12-24 00:00:00.000;128,0;8080;3;0,0;10989
2017-12-24 00:00:00.000;257,0;8080;1;0,0;10990
2017-12-24 00:00:00.000;218,0;8080;3;0,0;10991
2017-12-24 00:00:00.000;155,0;8080;4;0,0;10992
2017-12-24 00:00:00.000;301,0;8080;1;0,0;10993
2017-12-24 00:00:00.000;127,0;8080;4;0,0;10994
2017-12-24 00:00:00.000;217,0;8080;1;0,0;10995
2017-12-24 00:00:00.000;158,0;8080;1;0,0;10996
2017-12-24 00:00:00.000;179,0;8080;1;0,0;10997
2017-12-24 00:00:00.000;185,0;8080;4;0,0;10998
2017-12-24 00:00:00.000;137,0;8080;4;0,0;10999
2017-12-24 00:00:00.000;124,0;8080;4;0,0;11000
2017-12-24 00:00:00.000;243,0;8080;1;0,0;11001
2017-12-24 00:00:00.000;271,0;8080;3;0,0;11002
2017-12-24 00:00:00.000;174,0;8080;1;0,0;11003
2017-12-24 00:00:00.000;139,0;8080;1;0,0;11004
2017-12-24 00:00:00.000;154,0;8080;1;0,0;11005
2017-12-24 00:00:00.000;154,0;8080;3;0,0;11006
2017-12-24 00:00:00.000;266,0;8080;3;0,0;11007
2017-12-24 00:00:00.000;213,0;8080;1;0,0;11008
2017-12-24 00:00:00.000;167,0;8080;3;0,0;11009
2017-12-24 00:00:00.000;132,0;8080;1;0,0;11010
2017-12-24 00:00:00.000;181,0;8080;4;0,0;11011
2017-12-24 00:00:00.000;184,0;8080;1;0,0;11012
2017-12-24 00:00:00.000;176,0;8080;3;0,0;11013
2017-12-24 00:00:00.000;124,0;8080;4;0,0;11014
2017-12-24 00:00:00.000;180,0;8080;3;0,0;11015
2017-12-24 00:00:00.000;157,0;8080;4;0,0;11016
2017-12-24 00:00:00.000;284,0;8080;4;0,0;11017
2017-12-24 00:00:00.000;111,0;8080;4;0,0;11018
2017-12-24 00:00:00.000;162,0;8080;4;0,0;11019
2017-12-24 00:00:00.000;184,0;8080;4;0,0;11020
2017-12-24 00:00:00.000;305,0;8080;1;0,0;11021
2017-12-24 00:00:00.000;162,0;8080;4;0,0;11022
2017-12-24 00:00:00.000;232,0;8080;$$;0,0;11023
2017-12-24 00:00:00.000;252,0;8080;1;0,0;11024
2017-12-24 00:00:00.000;213,0;8080;4;0,0;11025
2017-12-24 00:00:00.000;150,0;8080;4;0,0;11026
2017-12-24 00:00:00.000;187,0;8080;;0,0;11027
2017-12-24 00:00:00.000;240,0;8080;4;0,0;11028
2017-12-24 00:00:00.000;263,0;8080;1;0,0;11029
2017-12-24 00:00:00.000;304,0;8080;3;0,0;11030
2017-12-24 00:00:00.000;263,0;8080;3;0,0;11031
2017-12-24 00:00:00.000;311,0;8080;1;0,0;11032
2017-12-24 00:00:00.000;225,0;8080;1;0,0;11033
2017-12-24 00:00:00.000;283,0;8080;1;0,0;11034
2017-12-24 00:00:00.000;281,0;8080;3;0,0;11035
2017-12-24 00:00:00.000;158,0;8080;3;0,0;11036
2017-12-24 00:00:00.000;195,0;8080;1;0,0;11037
2017-12-24 00:00:00.000;144,0;8080;1;0,0;11038
2017-12-24 00:00:00.000;207,0;8080;1;0,0;11039
2017-12-24 00:00:00.000;194,0;8080;3;0,0;11040
2017-12-24 00:00:00.000;297,0;8080;4;0,0;11041
2017-12-24 00:00:00.000;191,0;8080;4;0,0;11042
2017-12-24 00:00:00.000;201,0;8080;4;0,0;11043
2017-12-24 00:00:00.000;136,0;8080;4;0,0;11044
2017-12-24 00:00:00.000;230,0;8080;4;0,0;11045
2017-12-24 00:00:00.000;278,0;8080;4;0,0;11046
2017-12-24 00:00:00.000;205,0;8080;3;0,0;11047
2017-12-24 00:00:00.000;159,0;8080;1;0,0;11048
2017-12-24 00:00:00.000;272,0;8080;4;0,0;11049
2017-12-24 00:00:00.000;194,0;8080;3;0,0;11050
2017-12-24 00:00:00.000;127,0;8080;3;0,0;11051
2017-12-24 00:00:00.000;276,0;8080;4;0,0;11052
2017-12-24 00:00:00.000;111,0;8080;3;0,0;11053
2017-12-24 00:00:00.000;254,0;8080;1;0,0;11054
2017-12-24 00:00:00.000;262,0;8080;1;0,0;11055
2017-12-24 00:00:00.000;191,0;8080;3;0,0;11056
2017-12-24 00:00:00.000;211,0;8080;4;0,0;11057
2017-12-24 00:00:00.000;286,0;8080;1;0,0;11058
2017-12-24 00:00:00.000;231,0;8080;1;0,0;11059
2017-12-24 00:00:00.000;302,0;8080;3;0,0;11060
2017-12-24 00:00:00.000;235,0;8080;4;0,0;11061
2017-12-24 00:00:00.000;222,0;8080;1;0,0;11062
2017-12-24 00:00:00.000;184,0;8080;;0,0;11063
2017-12-24 00:00:00.000;141,0;8080;3;0,0;11064
2017-12-24 00:00:00.000;278,0;8080;3;0,0;11065
2017-12-24 00:00:00.000;181,0;8080;4;0,0;11066
2017-12-24 00:00:00.000;273,0;8080;3;0,0;11067
2017-12-24 00:00:00.000;143,0;8080;3;0,0;11068
2017-12-24 00:00:00.000;228,0;8080;4;0,0;11069
2017-12-24 00:00:00.000;277,0;8080;1;0,0;11070
2017-12-24 00:00:00.000;170,0;8080;1;0,0;11071
2017-12-24 00:00:00.000;206,0;8080;4;0,0;11072
2017-12-24 00:00:00.000;235,0;8080;;0,0;11073
2017-12-24 00:00:00.000;113,0;8080;1;0,0;11074
2017-12-24 00:00:00.000;158,0;8080;4;0,0;11075
2017-12-24 00:00:00.000;278,0;8080;1;0,0;11076
2017-12-24 00:00:00.000;188,0;8080;4;0,0;11077
2017-12-24 00:00:00.000;129,0;8080;4;0,0;11078
2017-12-24 00:00:00.000;299,0;8080;4;0,0;11079
2017-12-24 00:00:00.000;192,0;8080;1;0,0;11080
2017-12-24 00:00:00.000;230,0;8080;4;0,0;11081
2017-12-24 00:00:00.000;210,0;8080;1;0,0;11082
2017-12-24 00:00:00.000;257,0;8080;4;0,0;11083
2017-12-24 00:00:00.000;198,0;8080;3;0,0;11084
2017-12-24 00:00:00.000;164,0;8080;1;0,0;11085
2017-12-24 00:00:00.000;142,0;8080;3;0,0;11086
2017-12-24 00:00:00.000;202,0;8080;3;0,0;11087
2017-12-24 00:00:00.000;182,0;8080;4;0,0;11088
2017-12-24 00:00:00.000;291,0;8080;4;0,0;11089
2017-12-24 00:00:00.000;155,0;8080;1;0,0;11090
2017-12-24 00:00:00.000;261,0;8080;1;0,0;11091
2017-12-24 00:00:00.000;174,0;8080;1;0,0;11092
2017-12-24 00:00:00.000;312,0;8080;4;0,0;11093
2017-12-24 00:00:00.000;135,0;8080;4;0,0;11094
2017-12-24 00:00:00.000;216,0;8080;1;0,0;11095
2017-12-24 00:00:00.000;278,0;8080;3;0,0;11096
2017-12-24 00:00:00.000;296,0;8080;4;0,0;11097
2017-12-24 00:00:00.000;296,0;8080;1;0,0;11098
2017-12-24 00:00:00.000;153,0;8080;1;0,0;11099
2017-12-24 00:00:00.000;249,0;8080;1;0,0;11100
2017-12-24 00:00:00.000;176,0;8080;4;0,0;11101
2017-12-24 00:00:00.000;115,0;8080;1;0,0;11102
2017-12-24 00:00:00.000;213,0;8080;4;0,0;11103
2017-12-24 00:00:00.000;170,0;8080;1;0,0;11104
2017-12-24 00:00:00.000;295,0;8080;1;0,0;11105
2017-12-24 00:00:00.000;168,0;8080;4;0,0;11106
2017-12-24 00:00:00.000;239,0;8080;3;0,0;11107
2017-12-24 00:00:00.000;237,0;8080;1;0,0;11108
2017-12-24 00:00:00.000;164,0;8080;4;0,0;11109
2017-12-24 00:00:00.000;194,0;8080;1;0,0;11110
2017-12-24 00:00:00.000;295,0;8080;1;0,0;11111
2017-12-24 00:00:00.000;124,0;8080;1;0,0;11112
2017-12-24 00:00:00.000;234,0;8080;1;0,0;11113
2017-12-24 00:00:00.000;258,0;8080;4;0,0;11114
2017-12-24 00:00:00.000;181,0;8080;4;0,0;11115
2017-12-24 00:00:00.000;248,0;8080;1;0,0;11116
2017-12-24 00:00:00.000;195,0;8080;1;0,0;11117
2017-12-24 00:00:00.000;177,0;8080;3;0,0;11118
2017-12-24 00:00:00.000;255,0;8080;1;0,0;11119
2017-12-24 00:00:00.000;265,0;8080;3;0,0;11120
2017-12-24 00:00:00.000;131,0;8080;4;0,0;11121
2017-12-24 00:00:00.000;187,0;8080;1;0,0;11122
2017-12-24 00:00:00.000;210,0;8080;1;0,0;11123
2017-12-24 00:00:00.000;116,0;8080;3;0,0;11124
2017-12-24 00:00:00.000;138,0;8080;4;0,0;11125
2017-12-24 00:00:00.000;231,0;8080;3;0,0;11126
2017-12-24 00:00:00.000;132,0;8080;3;0,0;11127
2017-12-24 00:00:00.000;138,0;8080;4;0,0;11128
2017-12-24 00:00:00.000;274,0;8080;;0,0;11129
2017-12-24 00:00:00.000;274,0;8080;;0,0;11130
2017-12-24 00:00:00.000;185,0;8080;3;0,0;11131
2017-12-24 00:00:00.000;242,0;8080;4;0,0;11132
2017-12-24 00:00:00.000;227,0;8080;3;0,0;11133
2017-12-24 00:00:00.000;270,0;8080;3;0,0;11134
2017-12-24 00:00:00.000;176,0;8080;1;0,0;11135
2017-12-24 00:00:00.000;268,0;8080;3;0,0;11136
2017-12-24 00:00:00.000;163,0;8080;4;0,0;11137
2017-12-24 00:00:00.000;308,0;8080;1;0,0;11138
2017-12-24 00:00:00.000;249,0;8080;1;0,0;11139
2017-12-24 00:00:00.000;200,0;8080;4;0,0;11140
2017-12-24 00:00:00.000;179,0;8080;1;0,0;11141
2017-12-24 00:00:00.000;210,0;8080;3;0,0;11142
2017-12-24 00:00:00.000;294,0;8080;1;0,0;11143
2017-12-24 00:00:00.000;240,0;8080;4;0,0;11144
2017-12-24 00:00:00.000;186,0;8080;1;0,0;11145
2017-12-24 00:00:00.000;307,0;8080;4;0,0;11146
2017-12-24 00:00:00.000;198,0;8080;3;0,0;11147
2017-12-24 00:00:00.000;135,0;8080;4;0,0;11148
2017-12-24 00:00:00.000;311,0;8080;4;0,0;11149
2017-12-24 00:00:00.000;119,0;8080;1;0,0;11150
2017-12-24 00:00:00.000;133,0;8080;1;0,0;11151
2017-12-24 00:00:00.000;149,0;8080;4;0,0;11152
2017-12-24 00:00:00.000;134,0;8080;1;0,0;11153
2017-12-24 00:00:00.000;270,0;8080;1;0,0;11154
2017-12-24 00:00:00.000;278,0;8080;4;0,0;11155
2017-12-24 00:00:00.000;186,0;8080;1;0,0;11156
2017-12-24 00:00:00.000;265,0;8080;1;0,0;11157
2017-12-24 00:00:00.000;260,0;8080;1;0,0;11158
2017-12-24 00:00:00.000;267,0;8080;4;0,0;11159
2017-12-24 00:00:00.000;126,0;8080;1;0,0;11160
2017-12-24 00:00:00.000;115,0;8080;3;0,0;11161
2017-12-24 00:00:00.000;141,0;8080;4;0,0;11162
2017-12-24 00:00:00.000;305,0;8080;3;0,0;11163
2017-12-24 00:00:00.000;163,0;8080;3;0,0;11164
2017-12-24 00:00:00.000;197,0;8080;4;0,0;11165
2017-12-24 00:00:00.000;311,0;8080;3;0,0;11166
2017-12-24 00:00:00.000;142,0;8080;;0,0;11167
2017-12-24 00:00:00.000;164,0;8080;1;0,0;11168
2017-12-24 00:00:00.000;123,0;8080;1;0,0;11169
2017-12-24 00:00:00.000;177,0;8080;1;0,0;11170
2017-12-24 00:00:00.000;306,0;8080;1;0,0;11171
2017-12-24 00:00:00.000;214,0;8080;4;0,0;11172
2017-12-24 00:00:00.000;213,0;8080;1;0,0;11173
2017-12-24 00:00:00.000;257,0;8080;1;0,0;11174
2017-12-24 00:00:00.000;280,0;8080;4;0,0;11175
2017-12-24 00:00:00.000;163,0;8080;3;0,0;11176
2017-12-24 00:00:00.000;305,0;8080;3;0,0;11177
2017-12-24 00:00:00.000;126,0;8080;1;0,0;11178
2017-12-24 00:00:00.000;128,0;8080;4;0,0;11179
2017-12-24 00:00:00.000;221,0;8080;1;0,0;11180
2017-12-24 00:00:00.000;205,0;8080;4;0,0;11181
2017-12-24 00:00:00.000;286,0;8080;4;0,0;11182
2017-12-24 00:00:00.000;133,0;8080;1;0,0;11183
2017-12-24 00:00:00.000;164,0;8080;1;0,0;11184
2017-12-24 00:00:00.000;242,0;8080;1;0,0;11185
2017-12-24 00:00:00.000;192,0;8080;1;0,0;11186
2017-12-24 00:00:00.000;258,0;8080;1;0,0;11187
2017-12-24 00:00:00.000;311,0;8080;4;0,0;11188
2017-12-24 00:00:00.000;217,0;8080;3;0,0;11189
2017-12-24 00:00:00.000;191,0;8080;1;0,0;11190
2017-12-24 00:00:00.000;215,0;8080;3;0,0;11191
2017-12-24 00:00:00.000;191,0;8080;4;0,0;11192
2017-12-24 00:00:00.000;225,0;8080;4;0,0;11193
2017-12-24 00:00:00.000;180,0;8080;1;0,0;11194
2017-12-24 00:00:00.000;250,0;8080;1;0,0;11195
2017-12-24 00:00:00.000;185,0;8080;1;0,0;11196
2017-12-24 00:00:00.000;118,0;8080;3;0,0;11197
2017-12-24 00:00:00.000;124,0;8080;1;0,0;11198
2017-12-24 00:00:00.000;113,0;8080;1;0,0;11199
2017-12-24 00:00:00.000;135,0;8080;1;0,0;11200
2017-12-24 00:00:00.000;304,0;8080;1;0,0;11201
2017-12-24 00:00:00.000;132,0;8080;3;0,0;11202
2017-12-24 00:00:00.000;125,0;8080;;0,0;11203
2017-12-24 00:00:00.000;291,0;8080;3;0,0;11204
2017-12-24 00:00:00.000;297,0;8080;3;0,0;11205
2017-12-24 00:00:00.000;149,0;8080;1;0,0;11206
2017-12-24 00:00:00.000;228,0;8080;4;0,0;11207
2017-12-24 00:00:00.000;228,0;8080;4;0,0;11208
2017-12-24 00:00:00.000;178,0;8080;4;0,0;11209
2017-12-24 00:00:00.000;120,0;8080;1;0,0;11210
2017-12-24 00:00:00.000;194,0;8080;4;0,0;11211
2017-12-24 00:00:00.000;264,0;8080;4;0,0;11212
2017-12-24 00:00:00.000;250,0;8080;1;0,0;11213
2017-12-24 00:00:00.000;189,0;8080;4;0,0;11214
2017-12-24 00:00:00.000;161,0;8080;4;0,0;11215
2017-12-24 00:00:00.000;139,0;8080;4;0,0;11216
2017-12-24 00:00:00.000;137,0;8080;1;0,0;11217
2017-12-24 00:00:00.000;239,0;8080;3;0,0;11218
2017-12-24 00:00:00.000;154,0;8080;1;0,0;11219
2017-12-24 00:00:00.000;279,0;8080;1;0,0;11220
2017-12-24 00:00:00.000;149,0;8080;3;0,0;11221
2017-12-24 00:00:00.000;111,0;8080;1;0,0;11222
2017-12-24 00:00:00.000;152,0;8080;3;0,0;11223
2017-12-24 00:00:00.000;274,0;8080;1;0,0;11224
2017-12-24 00:00:00.000;139,0;8080;1;0,0;11225
2017-12-24 00:00:00.000;283,0;8080;3;0,0;11226
2017-12-24 00:00:00.000;271,0;8080;4;0,0;11227
2017-12-24 00:00:00.000;173,0;8080;4;0,0;11228
2017-12-24 00:00:00.000;137,0;8080;4;0,0;11229
2017-12-24 00:00:00.000;175,0;8080;3;0,0;11230
2017-12-24 00:00:00.000;233,0;8080;1;0,0;11231
2017-12-24 00:00:00.000;159,0;8080;;0,0;11232
2017-12-24 00:00:00.000;246,0;8080;1;0,0;11233
2017-12-24 00:00:00.000;220,0;8080;;0,0;11234
2017-01-25 00:00:00.000;247,0;UGB ;1;0,0;11235
2017-01-25 00:00:00.000;131,0;UGB ;1;0,0;11236
2017-01-25 00:00:00.000;240,0;UGB ;3;0,0;11237
2017-01-25 00:00:00.000;179,0;UGB ;3;0,0;11238
2017-01-25 00:00:00.000;199,0;UGB ;4;0,0;11239
2017-01-25 00:00:00.000;183,0;UGB ;1;0,0;11240
2017-01-25 00:00:00.000;299,0;UGB ;1;0,0;11241
2017-01-25 00:00:00.000;161,0;UGB ;;0,0;11242
2017-01-25 00:00:00.000;284,0;UGB ;1;0,0;11243
2017-01-25 00:00:00.000;140,0;UGB ;;0,0;11244
2017-01-25 00:00:00.000;145,0;UGB ;3;0,0;11245
2017-01-25 00:00:00.000;283,0;UGB ;;0,0;11246
2017-01-25 00:00:00.000;302,0;UGB ;3;0,0;11247
2017-01-25 00:00:00.000;163,0;UGB ;4;0,0;11248
2017-01-25 00:00:00.000;193,0;UGB ;1;0,0;11249
2017-02-25 00:00:00.000;133,0;UGB ;4;0,0;11250
2017-02-25 00:00:00.000;196,0;UGB ;1;0,0;11251
2017-02-25 00:00:00.000;168,0;UGB ;4;0,0;11252
2017-02-25 00:00:00.000;178,0;UGB ;4;0,0;11253
2017-02-25 00:00:00.000;292,0;UGB ;3;0,0;11254
2017-02-25 00:00:00.000;302,0;UGB ;3;0,0;11255
2017-02-25 00:00:00.000;241,0;UGB ;3;0,0;11256
2017-02-25 00:00:00.000;253,0;UGB ;4;0,0;11257
2017-02-25 00:00:00.000;204,0;UGB ;4;0,0;11258
2017-02-25 00:00:00.000;225,0;UGB ;;0,0;11259
2017-02-25 00:00:00.000;111,0;UGB ;4;0,0;11260
2017-02-25 00:00:00.000;221,0;UGB ;4;0,0;11261
2017-02-25 00:00:00.000;264,0;UGB ;4;0,0;11262
2017-02-25 00:00:00.000;248,0;UGB ;1;0,0;11263
2017-02-25 00:00:00.000;231,0;UGB ;1;0,0;11264
2017-02-25 00:00:00.000;249,0;UGB ;4;0,0;11265
2017-02-25 00:00:00.000;228,0;UGB ;;0,0;11266
2017-02-25 00:00:00.000;279,0;UGB ;3;0,0;11267
2017-02-25 00:00:00.000;293,0;UGB ;3;0,0;11268
2017-02-25 00:00:00.000;118,0;UGB ;4;0,0;11269
2017-02-25 00:00:00.000;214,0;UGB ;1;0,0;11270
2017-02-25 00:00:00.000;240,0;UGB ;1;0,0;11271
2017-02-25 00:00:00.000;307,0;UGB ;;0,0;11272
2017-02-25 00:00:00.000;251,0;UGB ;1;0,0;11273
2017-02-25 00:00:00.000;282,0;UGB ;4;0,0;11274
2017-02-25 00:00:00.000;203,0;UGB ;4;0,0;11275
2017-02-25 00:00:00.000;234,0;UGB ;1;0,0;11276
2017-02-25 00:00:00.000;248,0;UGB ;1;0,0;11277
2017-02-25 00:00:00.000;303,0;UGB ;1;0,0;11278
2017-02-25 00:00:00.000;299,0;UGB ;1;0,0;11279
2017-02-25 00:00:00.000;236,0;UGB ;1;0,0;11280
2017-02-25 00:00:00.000;212,0;UGB ;4;0,0;11281
2017-02-25 00:00:00.000;144,0;UGB ;4;0,0;11282
2017-02-25 00:00:00.000;229,0;UGB ;3;0,0;11283
2017-02-25 00:00:00.000;168,0;UGB ;4;0,0;11284
2017-02-25 00:00:00.000;191,0;UGB ;3;0,0;11285
2017-02-25 00:00:00.000;193,0;UGB ;;0,0;11286
2017-03-25 00:00:00.000;302,0;UGB ;1;0,0;11287
2017-03-25 00:00:00.000;240,0;UGB ;3;0,0;11288
2017-03-25 00:00:00.000;137,0;UGB ;3;0,0;11289
2017-03-25 00:00:00.000;240,0;UGB ;3;0,0;11290
2017-03-25 00:00:00.000;154,0;UGB ;3;0,0;11291
2017-03-25 00:00:00.000;131,0;UGB ;4;0,0;11292
2017-03-25 00:00:00.000;227,0;UGB ;3;0,0;11293
2017-03-25 00:00:00.000;235,0;UGB ;4;0,0;11294
2017-03-25 00:00:00.000;223,0;UGB ;3;0,0;11295
2017-03-25 00:00:00.000;179,0;UGB ;3;0,0;11296
2017-03-25 00:00:00.000;119,0;UGB ;3;0,0;11297
2017-03-25 00:00:00.000;260,0;UGB ;3;0,0;11298
2017-03-25 00:00:00.000;288,0;UGB ;1;0,0;11299
2017-03-25 00:00:00.000;140,0;UGB ;4;0,0;11300
2017-03-25 00:00:00.000;134,0;UGB ;3;0,0;11301
2017-03-25 00:00:00.000;123,0;UGB ;3;0,0;11302
2017-03-25 00:00:00.000;217,0;UGB ;1;0,0;11303
2017-03-25 00:00:00.000;124,0;UGB ;3;0,0;11304
2017-03-25 00:00:00.000;282,0;UGB ;4;0,0;11305
2017-03-25 00:00:00.000;204,0;UGB ;4;0,0;11306
2017-03-25 00:00:00.000;167,0;UGB ;4;0,0;11307
2017-03-25 00:00:00.000;143,0;UGB ;4;0,0;11308
2017-03-25 00:00:00.000;157,0;UGB ;4;0,0;11309
2017-03-25 00:00:00.000;305,0;UGB ;;0,0;11310
2017-04-25 00:00:00.000;160,0;WAO ;;0,0;11311
2017-04-25 00:00:00.000;197,0;WAO ;4;0,0;11312
2017-04-25 00:00:00.000;226,0;WAO ;4;0,0;11313
2017-04-25 00:00:00.000;215,0;WAO ;;0,0;11314
2017-04-25 00:00:00.000;238,0;WAO ;;0,0;11315
2017-11-25 00:00:00.000;293,0;8080;3;0,0;11316
2017-11-25 00:00:00.000;207,0;8080;3;0,0;11317
2017-11-25 00:00:00.000;205,0;8080;4;0,0;11318
2017-11-25 00:00:00.000;210,0;8080;1;0,0;11319
2017-11-25 00:00:00.000;307,0;8080;3;0,0;11320
2017-11-25 00:00:00.000;291,0;8080;3;0,0;11321
2017-11-25 00:00:00.000;235,0;8080;1;0,0;11322
2017-11-25 00:00:00.000;176,0;8080;3;0,0;11323
2017-11-25 00:00:00.000;174,0;8080;1;0,0;11324
2017-11-25 00:00:00.000;296,0;8080;4;0,0;11325
2017-11-25 00:00:00.000;169,0;8080;1;0,0;11326
2017-11-25 00:00:00.000;137,0;8080;1;0,0;11327
2017-11-25 00:00:00.000;299,0;8080;1;0,0;11328
2017-11-25 00:00:00.000;249,0;8080;1;0,0;11329
2017-11-25 00:00:00.000;199,0;8080;;0,0;11330
2017-11-25 00:00:00.000;138,0;8080;;0,0;11331
2017-11-25 00:00:00.000;127,0;8080;4;0,0;11332
2017-11-25 00:00:00.000;162,0;8080;3;0,0;11333
2017-11-25 00:00:00.000;220,0;8080;1;0,0;11334
2017-11-25 00:00:00.000;159,0;8080;1;0,0;11335
2017-11-25 00:00:00.000;230,0;8080;;0,0;11336
2017-11-25 00:00:00.000;262,0;8080;1;0,0;11337
2017-11-25 00:00:00.000;154,0;8080;4;0,0;11338
2017-11-25 00:00:00.000;208,0;8080;;0,0;11339
2017-11-25 00:00:00.000;140,0;8080;4;0,0;11340
2017-11-25 00:00:00.000;237,0;8080;4;0,0;11341
2017-11-25 00:00:00.000;137,0;8080;3;0,0;11342
2017-11-25 00:00:00.000;268,0;8080;;0,0;11343
2017-11-25 00:00:00.000;225,0;8080;4;0,0;11344
2017-11-25 00:00:00.000;179,0;8080;3;0,0;11345
2017-11-25 00:00:00.000;302,0;8080;;0,0;11346
2017-11-25 00:00:00.000;181,0;8080;3;0,0;11347
2017-11-25 00:00:00.000;263,0;8080;3;0,0;11348
2017-11-25 00:00:00.000;130,0;8080;;0,0;11349
2017-11-25 00:00:00.000;191,0;8080;;0,0;11350
2017-11-25 00:00:00.000;144,0;8080;;0,0;11351
2017-11-25 00:00:00.000;242,0;8080;1;0,0;11352
2017-11-25 00:00:00.000;301,0;8080;;0,0;11353
2017-01-26 00:00:00.000;140,0;UGB ;;0,0;11354
2017-01-26 00:00:00.000;231,0;UGB ;1;0,0;11355
2017-01-26 00:00:00.000;199,0;UGB ;4;0,0;11356
2017-01-26 00:00:00.000;241,0;UGB ;;0,0;11357
2017-01-26 00:00:00.000;112,0;UGB ;4;0,0;11358
2017-01-26 00:00:00.000;254,0;UGB ;3;0,0;11359
2017-01-26 00:00:00.000;260,0;UGB ;1;0,0;11360
2017-01-26 00:00:00.000;224,0;UGB ;;0,0;11361
2017-01-26 00:00:00.000;204,0;UGB ;1;0,0;11362
2017-01-26 00:00:00.000;197,0;UGB ;1;0,0;11363
2017-01-26 00:00:00.000;252,0;UGB ;3;0,0;11364
2017-01-26 00:00:00.000;299,0;UGB ;4;0,0;11365
2017-02-26 00:00:00.000;150,0;UGB ;3;0,0;11366
2017-02-26 00:00:00.000;301,0;UGB ;4;0,0;11367
2017-02-26 00:00:00.000;111,0;UGB ;3;0,0;11368
2017-02-26 00:00:00.000;293,0;UGB ;4;0,0;11369
2017-02-26 00:00:00.000;136,0;UGB ;4;0,0;11370
2017-02-26 00:00:00.000;258,0;UGB ;4;0,0;11371
2017-02-26 00:00:00.000;301,0;UGB ;4;0,0;11372
2017-02-26 00:00:00.000;140,0;UGB ;;0,0;11373
2017-03-26 00:00:00.000;249,0;UGB ;3;0,0;11374
2017-03-26 00:00:00.000;253,0;UGB ;;0,0;11375
2017-03-26 00:00:00.000;269,0;UGB ;;0,0;11376
2017-03-26 00:00:00.000;155,0;UGB ;;0,0;11377
2017-03-26 00:00:00.000;208,0;UGB ;4;0,0;11378
2017-03-26 00:00:00.000;148,0;UGB ;3;0,0;11379
2017-03-26 00:00:00.000;115,0;UGB ;4;0,0;11380
2017-03-26 00:00:00.000;233,0;UGB ;1;0,0;11381
2017-04-26 00:00:00.000;163,0;WAO ;3;0,0;11382
2017-04-26 00:00:00.000;311,0;WAO ;;0,0;11383
2017-04-26 00:00:00.000;182,0;WAO ;4;0,0;11384
2017-04-26 00:00:00.000;308,0;WAO ;3;0,0;11385
2017-04-26 00:00:00.000;127,0;WAO ;1;0,0;11386
2017-04-26 00:00:00.000;292,0;WAO ;3;0,0;11387
2017-04-26 00:00:00.000;242,0;WAO ;4;0,0;11388
2017-04-26 00:00:00.000;222,0;WAO ;3;0,0;11389
2017-04-26 00:00:00.000;257,0;WAO ;;0,0;11390
2017-11-26 00:00:00.000;130,0;8080;4;0,0;11391
2017-11-26 00:00:00.000;258,0;8080;;0,0;11392
2017-11-26 00:00:00.000;260,0;8080;;0,0;11393
2017-11-26 00:00:00.000;274,0;8080;1;0,0;11394
2017-11-26 00:00:00.000;229,0;8080;;0,0;11395
2017-11-26 00:00:00.000;242,0;8080;1;0,0;11396
2017-11-26 00:00:00.000;292,0;8080;4;0,0;11397
2017-11-26 00:00:00.000;311,0;8080;1;0,0;11398
2017-11-26 00:00:00.000;184,0;8080;3;0,0;11399
2017-11-26 00:00:00.000;231,0;8080;1;0,0;11400
2017-11-26 00:00:00.000;264,0;8080;;0,0;11401
2017-11-26 00:00:00.000;192,0;8080;4;0,0;11402
2017-11-26 00:00:00.000;275,0;8080;1;0,0;11403
2017-11-26 00:00:00.000;243,0;8080;;0,0;11404
2017-11-26 00:00:00.000;141,0;8080;;0,0;11405
2017-11-26 00:00:00.000;219,0;8080;1;0,0;11406
2017-11-26 00:00:00.000;163,0;8080;1;0,0;11407
2017-11-26 00:00:00.000;170,0;8080;;0,0;11408
2017-11-26 00:00:00.000;139,0;8080;4;0,0;11409
2017-11-26 00:00:00.000;154,0;8080;3;0,0;11410
2017-11-26 00:00:00.000;305,0;8080;4;0,0;11411
2017-11-26 00:00:00.000;142,0;8080;4;0,0;11412
2017-11-26 00:00:00.000;112,0;8080;4;0,0;11413
2017-11-26 00:00:00.000;208,0;8080;4;0,0;11414
2017-11-26 00:00:00.000;163,0;8080;1;0,0;11415
2017-11-26 00:00:00.000;138,0;8080;;0,0;11416
2017-11-26 00:00:00.000;111,0;8080;;0,0;11417
2017-11-26 00:00:00.000;236,0;8080;3;0,0;11418
2017-11-26 00:00:00.000;238,0;8080;3;0,0;11419
2017-11-26 00:00:00.000;165,0;8080;3;0,0;11420
2017-11-26 00:00:00.000;127,0;8080;1;0,0;11421
2017-11-26 00:00:00.000;153,0;8080;3;0,0;11422
2017-11-26 00:00:00.000;197,0;8080;3;0,0;11423
2017-11-26 00:00:00.000;213,0;8080;4;0,0;11424
2017-11-26 00:00:00.000;249,0;8080;;0,0;11425
2017-11-26 00:00:00.000;297,0;8080;;0,0;11426
2017-11-26 00:00:00.000;196,0;8080;1;0,0;11427
2017-11-26 00:00:00.000;312,0;8080;;0,0;11428
2017-11-26 00:00:00.000;124,0;8080;1;0,0;11429
2017-11-26 00:00:00.000;284,0;8080;4;0,0;11430
2017-11-26 00:00:00.000;289,0;8080;1;0,0;11431
2017-11-26 00:00:00.000;201,0;8080;4;0,0;11432
2017-11-26 00:00:00.000;198,0;8080;;0,0;11433
2017-11-26 00:00:00.000;268,0;8080;3;0,0;11434
2017-11-26 00:00:00.000;185,0;8080;;0,0;11435
2017-11-26 00:00:00.000;169,0;8080;;0,0;11436
2017-11-26 00:00:00.000;308,0;8080;;0,0;11437
2017-11-26 00:00:00.000;153,0;8080;;0,0;11438
2017-11-26 00:00:00.000;305,0;8080;1;0,0;11439
2017-11-26 00:00:00.000;121,0;8080;1;0,0;11440
2017-11-26 00:00:00.000;176,0;8080;1;0,0;11441
2017-11-26 00:00:00.000;262,0;8080;1;0,0;11442
2017-11-26 00:00:00.000;296,0;8080;1;0,0;11443
2017-11-26 00:00:00.000;222,0;8080;;0,0;11444
2017-12-26 00:00:00.000;122,0;8080;4;0,0;11445
2017-12-26 00:00:00.000;297,0;8080;3;0,0;11446
2017-12-26 00:00:00.000;242,0;8080;;0,0;11447
2017-12-26 00:00:00.000;235,0;8080;1;0,0;11448
2017-12-26 00:00:00.000;205,0;8080;1;0,0;11449
2017-12-26 00:00:00.000;255,0;8080;1;0,0;11450
2017-12-26 00:00:00.000;224,0;8080;4;0,0;11451
2017-12-26 00:00:00.000;235,0;8080;4;0,0;11452
2017-12-26 00:00:00.000;116,0;8080;4;0,0;11453
2017-12-26 00:00:00.000;298,0;8080;;0,0;11454
2017-12-26 00:00:00.000;242,0;8080;1;0,0;11455
2017-12-26 00:00:00.000;262,0;8080;;0,0;11456
2017-12-26 00:00:00.000;143,0;8080;;0,0;11457
2017-12-26 00:00:00.000;147,0;8080;4;0,0;11458
2017-12-26 00:00:00.000;176,0;8080;3;0,0;11459
2017-12-26 00:00:00.000;214,0;8080;;0,0;11460
2017-12-26 00:00:00.000;239,0;8080;3;0,0;11461
2017-12-26 00:00:00.000;261,0;8080;4;0,0;11462
2017-12-26 00:00:00.000;239,0;8080;3;0,0;11463
2017-12-26 00:00:00.000;161,0;8080;4;0,0;11464
2017-12-26 00:00:00.000;303,0;8080;1;0,0;11465
2017-12-26 00:00:00.000;303,0;8080;;0,0;11466
2017-12-26 00:00:00.000;127,0;8080;3;0,0;11467
2017-12-26 00:00:00.000;253,0;8080;1;0,0;11468
2017-12-26 00:00:00.000;272,0;8080;;0,0;11469
2017-12-26 00:00:00.000;241,0;8080;3;0,0;11470
2017-12-26 00:00:00.000;240,0;8080;;0,0;11471
2017-12-26 00:00:00.000;132,0;8080;1;0,0;11472
2017-12-26 00:00:00.000;148,0;8080;1;0,0;11473
2017-12-26 00:00:00.000;187,0;8080;1;0,0;11474
2017-12-26 00:00:00.000;206,0;8080;4;0,0;11475
2017-12-26 00:00:00.000;257,0;8080;4;0,0;11476
2017-12-26 00:00:00.000;222,0;8080;4;0,0;11477
2017-12-26 00:00:00.000;187,0;8080;;0,0;11478
2017-12-26 00:00:00.000;164,0;8080;;0,0;11479
2017-12-26 00:00:00.000;174,0;8080;1;0,0;11480
2017-12-26 00:00:00.000;302,0;8080;;0,0;11481
2017-12-26 00:00:00.000;249,0;8080;4;0,0;11482
2017-12-26 00:00:00.000;125,0;8080;3;0,0;11483
2017-12-26 00:00:00.000;269,0;8080;1;0,0;11484
2017-12-26 00:00:00.000;148,0;8080;3;0,0;11485
2017-12-26 00:00:00.000;220,0;8080;4;0,0;11486
2017-12-26 00:00:00.000;155,0;8080;1;0,0;11487
2017-12-26 00:00:00.000;156,0;8080;4;0,0;11488
2017-12-26 00:00:00.000;287,0;8080;3;0,0;11489
2017-12-26 00:00:00.000;155,0;8080;;0,0;11490
2017-01-27 00:00:00.000;149,0;UGB ;4;0,0;11491
2017-01-27 00:00:00.000;287,0;UGB ;3;0,0;11492
2017-01-27 00:00:00.000;168,0;UGB ;3;0,0;11493
2017-01-27 00:00:00.000;126,0;UGB ;4;0,0;11494
2017-01-27 00:00:00.000;306,0;UGB ;4;0,0;11495
2017-01-27 00:00:00.000;230,0;UGB ;1;0,0;11496
2017-01-27 00:00:00.000;190,0;UGB ;1;0,0;11497
2017-01-27 00:00:00.000;235,0;UGB ;1;0,0;11498
2017-01-27 00:00:00.000;191,0;UGB ;3;0,0;11499
2017-01-27 00:00:00.000;119,0;UGB ;1;0,0;11500
2017-01-27 00:00:00.000;134,0;UGB ;3;0,0;11501
2017-01-27 00:00:00.000;226,0;UGB ;3;0,0;11502
2017-01-27 00:00:00.000;252,0;UGB ;1;0,0;11503
2017-01-27 00:00:00.000;267,0;UGB ;4;0,0;11504
2017-01-27 00:00:00.000;233,0;UGB ;3;0,0;11505
2017-01-27 00:00:00.000;263,0;UGB ;1;0,0;11506
2017-01-27 00:00:00.000;229,0;UGB ;3;0,0;11507
2017-01-27 00:00:00.000;225,0;UGB ;4;0,0;11508
2017-01-27 00:00:00.000;259,0;UGB ;;0,0;11509
2017-01-27 00:00:00.000;142,0;UGB ;;0,0;11510
2017-01-27 00:00:00.000;136,0;UGB ;;0,0;11511
2017-01-27 00:00:00.000;284,0;UGB ;4;0,0;11512
2017-01-27 00:00:00.000;174,0;UGB ;;0,0;11513
2017-01-27 00:00:00.000;112,0;UGB ;1;0,0;11514
2017-03-27 00:00:00.000;156,0;UGB ;3;0,0;11515
2017-03-27 00:00:00.000;308,0;UGB ;1;0,0;11516
2017-03-27 00:00:00.000;272,0;UGB ;1;0,0;11517
2017-03-27 00:00:00.000;160,0;UGB ;3;0,0;11518
2017-03-27 00:00:00.000;236,0;UGB ;3;0,0;11519
2017-03-27 00:00:00.000;218,0;UGB ;1;0,0;11520
2017-03-27 00:00:00.000;193,0;UGB ;;0,0;11521
2017-04-27 00:00:00.000;120,0;WAO ;3;0,0;11522
2017-04-27 00:00:00.000;242,0;WAO ;;0,0;11523
2017-04-27 00:00:00.000;112,0;WAO ;;0,0;11524
2017-04-27 00:00:00.000;273,0;WAO ;4;0,0;11525
2017-04-27 00:00:00.000;299,0;WAO ;4;0,0;11526
2017-04-27 00:00:00.000;264,0;WAO ;3;0,0;11527
2017-04-27 00:00:00.000;172,0;WAO ;3;0,0;11528
2017-04-27 00:00:00.000;126,0;WAO ;4;0,0;11529
2017-04-27 00:00:00.000;279,0;WAO ;;0,0;11530
2017-11-27 00:00:00.000;309,0;8080;4;0,0;11531
2017-11-27 00:00:00.000;125,0;8080;1;0,0;11532
2017-11-27 00:00:00.000;146,0;8080;3;0,0;11533
2017-11-27 00:00:00.000;269,0;8080;;0,0;11534
2017-11-27 00:00:00.000;138,0;8080;3;0,0;11535
2017-11-27 00:00:00.000;305,0;8080;1;0,0;11536
2017-11-27 00:00:00.000;200,0;8080;;0,0;11537
2017-11-27 00:00:00.000;140,0;8080;1;0,0;11538
2017-11-27 00:00:00.000;143,0;8080;3;0,0;11539
2017-11-27 00:00:00.000;280,0;8080;;0,0;11540
2017-11-27 00:00:00.000;258,0;8080;;0,0;11541
2017-11-27 00:00:00.000;169,0;8080;;0,0;11542
2017-11-27 00:00:00.000;197,0;8080;;0,0;11543
2017-11-27 00:00:00.000;280,0;8080;1;0,0;11544
2017-11-27 00:00:00.000;148,0;8080;3;0,0;11545
2017-11-27 00:00:00.000;127,0;8080;1;0,0;11546
2017-11-27 00:00:00.000;184,0;8080;1;0,0;11547
2017-11-27 00:00:00.000;263,0;8080;3;37,9;11548
2017-11-27 00:00:00.000;124,0;8080;1;0,0;11549
2017-11-27 00:00:00.000;193,0;8080;3;0,0;11550
2017-11-27 00:00:00.000;255,0;8080;3;0,0;11551
2017-11-27 00:00:00.000;164,0;8080;1;0,0;11552
2017-11-27 00:00:00.000;303,0;8080;;0,0;11553
2017-11-27 00:00:00.000;206,0;8080;4;0,0;11554
2017-11-27 00:00:00.000;275,0;8080;1;0,0;11555
2017-11-27 00:00:00.000;137,0;8080;4;0,0;11556
2017-11-27 00:00:00.000;270,0;8080;;0,0;11557
2017-11-27 00:00:00.000;296,0;8080;1;0,0;11558
2017-11-27 00:00:00.000;141,0;8080;3;0,0;11559
2017-11-27 00:00:00.000;281,0;8080;4;0,0;11560
2017-12-27 00:00:00.000;237,0;8080;3;0,0;11561
2017-12-27 00:00:00.000;268,0;8080;3;0,0;11562
2017-12-27 00:00:00.000;111,0;8080;1;0,0;11563
2017-12-27 00:00:00.000;217,0;8080;3;0,0;11564
2017-12-27 00:00:00.000;259,0;8080;1;0,0;11565
2017-12-27 00:00:00.000;258,0;8080;4;0,0;11566
2017-12-27 00:00:00.000;192,0;8080;3;0,0;11567
2017-12-27 00:00:00.000;214,0;8080;4;0,0;11568
2017-12-27 00:00:00.000;215,0;8080;3;0,0;11569
2017-12-27 00:00:00.000;192,0;8080;3;0,0;11570
2017-12-27 00:00:00.000;312,0;8080;3;0,0;11571
2017-12-27 00:00:00.000;124,0;8080;4;0,0;11572
2017-12-27 00:00:00.000;200,0;8080;1;0,0;11573
2017-12-27 00:00:00.000;290,0;8080;;0,0;11574
2017-12-27 00:00:00.000;204,0;8080;1;0,0;11575
2017-12-27 00:00:00.000;178,0;8080;3;0,0;11576
2017-12-27 00:00:00.000;218,0;8080;1;0,0;11577
2017-12-27 00:00:00.000;192,0;8080;1;0,0;11578
2017-12-27 00:00:00.000;216,0;8080;4;0,0;11579
2017-12-27 00:00:00.000;270,0;8080;1;0,0;11580
2017-12-27 00:00:00.000;129,0;8080;3;0,0;11581
2017-12-27 00:00:00.000;182,0;8080;1;0,0;11582
2017-12-27 00:00:00.000;284,0;8080;4;0,0;11583
2017-12-27 00:00:00.000;140,0;8080;3;0,0;11584
2017-12-27 00:00:00.000;225,0;8080;1;0,0;11585
2017-12-27 00:00:00.000;282,0;8080;;0,0;11586
2017-12-27 00:00:00.000;173,0;8080;4;0,0;11587
2017-12-27 00:00:00.000;239,0;8080;1;0,0;11588
2017-12-27 00:00:00.000;202,0;8080;4;0,0;11589
2017-12-27 00:00:00.000;199,0;8080;4;0,0;11590
2017-12-27 00:00:00.000;289,0;8080;1;0,0;11591
2017-12-27 00:00:00.000;284,0;8080;4;0,0;11592
2017-12-27 00:00:00.000;208,0;8080;3;0,0;11593
2017-12-27 00:00:00.000;264,0;8080;1;0,0;11594
2017-12-27 00:00:00.000;118,0;8080;4;0,0;11595
2017-12-27 00:00:00.000;135,0;8080;3;0,0;11596
2017-12-27 00:00:00.000;243,0;8080;3;0,0;11597
2017-12-27 00:00:00.000;144,0;8080;;0,0;11598
2017-12-27 00:00:00.000;220,0;8080;4;0,0;11599
2017-12-27 00:00:00.000;146,0;8080;1;0,0;11600
2017-12-27 00:00:00.000;238,0;8080;1;0,0;11601
2017-12-27 00:00:00.000;148,0;8080;;0,0;11602
2017-12-27 00:00:00.000;265,0;8080;4;0,0;11603
2017-12-27 00:00:00.000;150,0;8080;4;0,0;11604
2017-12-27 00:00:00.000;296,0;8080;1;0,0;11605
2017-12-27 00:00:00.000;204,0;8080;4;0,0;11606
2017-12-27 00:00:00.000;165,0;8080;;0,0;11607
2017-12-27 00:00:00.000;249,0;8080;3;0,0;11608
2017-12-27 00:00:00.000;153,0;8080;1;0,0;11609
2017-12-27 00:00:00.000;125,0;8080;1;0,0;11610
2017-12-27 00:00:00.000;129,0;8080;4;0,0;11611
2017-12-27 00:00:00.000;114,0;8080;4;0,0;11612
2017-12-27 00:00:00.000;271,0;8080;1;0,0;11613
2017-12-27 00:00:00.000;295,0;8080;3;0,0;11614
2017-12-27 00:00:00.000;210,0;8080;;0,0;11615
2017-12-27 00:00:00.000;209,0;8080;4;0,0;11616
2017-12-27 00:00:00.000;306,0;8080;;0,0;11617
2017-12-27 00:00:00.000;146,0;8080;1;0,0;11618
2017-12-27 00:00:00.000;308,0;8080;;0,0;11619
2017-12-27 00:00:00.000;239,0;8080;4;0,0;11620
2017-01-28 00:00:00.000;171,0;UGB ;3;0,0;11621
2017-01-28 00:00:00.000;250,0;UGB ;1;0,0;11622
2017-01-28 00:00:00.000;256,0;UGB ;;0,0;11623
2017-01-28 00:00:00.000;177,0;UGB ;3;0,0;11624
2017-01-28 00:00:00.000;297,0;UGB ;1;0,0;11625
2017-01-28 00:00:00.000;122,0;UGB ;4;0,0;11626
2017-01-28 00:00:00.000;189,0;UGB ;4;0,0;11627
2017-01-28 00:00:00.000;274,0;UGB ;;0,0;11628
2017-01-28 00:00:00.000;139,0;UGB ;4;0,0;11629
2017-01-28 00:00:00.000;230,0;UGB ;3;0,0;11630
2017-01-28 00:00:00.000;193,0;UGB ;;0,0;11631
2017-01-28 00:00:00.000;144,0;UGB ;;0,0;11632
2017-01-28 00:00:00.000;308,0;UGB ;;0,0;11633
2017-01-28 00:00:00.000;275,0;UGB ;1;0,0;11634
2017-01-28 00:00:00.000;288,0;UGB ;;0,0;11635
2017-01-28 00:00:00.000;269,0;UGB ;;0,0;11636
2017-01-28 00:00:00.000;153,0;UGB ;3;0,0;11637
2017-01-28 00:00:00.000;258,0;UGB ;;0,0;11638
2017-01-28 00:00:00.000;139,0;UGB ;;0,0;11639
2017-01-28 00:00:00.000;115,0;UGB ;1;0,0;11640
2017-01-28 00:00:00.000;293,0;UGB ;1;0,0;11641
2017-01-28 00:00:00.000;186,0;UGB ;;0,0;11642
2017-03-28 00:00:00.000;189,0;UGB ;3;0,0;11643
2017-03-28 00:00:00.000;223,0;UGB ;;0,0;11644
2017-03-28 00:00:00.000;157,0;UGB ;3;0,0;11645
2017-03-28 00:00:00.000;240,0;UGB ;4;0,0;11646
2017-03-28 00:00:00.000;252,0;UGB ;1;0,0;11647
2017-03-28 00:00:00.000;204,0;UGB ;4;0,0;11648
2017-03-28 00:00:00.000;276,0;UGB ;1;0,0;11649
2017-03-28 00:00:00.000;251,0;UGB ;;0,0;11650
2017-03-28 00:00:00.000;170,0;UGB ;1;0,0;11651
2017-04-28 00:00:00.000;150,0;WAO ;3;0,0;11652
2017-04-28 00:00:00.000;311,0;WAO ;4;0,0;11653
2017-04-28 00:00:00.000;117,0;WAO ;1;0,0;11654
2017-04-28 00:00:00.000;220,0;WAO ;4;0,0;11655
2017-04-28 00:00:00.000;114,0;WAO ;4;0,0;11656
2017-04-28 00:00:00.000;238,0;WAO ;1;0,0;11657
2017-04-28 00:00:00.000;147,0;WAO ;3;0,0;11658
2017-04-28 00:00:00.000;250,0;WAO ;4;0,0;11659
2017-04-28 00:00:00.000;219,0;WAO ;4;0,0;11660
2017-04-28 00:00:00.000;164,0;WAO ;3;0,0;11661
2017-04-28 00:00:00.000;181,0;WAO ;3;0,0;11662
2017-04-28 00:00:00.000;129,0;WAO ;;0,0;11663
2017-04-28 00:00:00.000;138,0;WAO ;4;0,0;11664
2017-04-28 00:00:00.000;118,0;WAO ;4;0,0;11665
2017-04-28 00:00:00.000;286,0;WAO ;;0,0;11666
2017-04-28 00:00:00.000;236,0;WAO ;1;0,0;11667
2017-11-28 00:00:00.000;228,0;8080;1;0,0;11668
2017-11-28 00:00:00.000;121,0;8080;4;0,0;11669
2017-11-28 00:00:00.000;221,0;8080;3;0,0;11670
2017-11-28 00:00:00.000;239,0;8080;;0,0;11671
2017-11-28 00:00:00.000;134,0;8080;4;0,0;11672
2017-11-28 00:00:00.000;312,0;8080;1;0,0;11673
2017-11-28 00:00:00.000;182,0;8080;3;0,0;11674
2017-11-28 00:00:00.000;311,0;8080;;0,0;11675
2017-11-28 00:00:00.000;260,0;8080;;0,0;11676
2017-11-28 00:00:00.000;139,0;8080;;0,0;11677
2017-11-28 00:00:00.000;245,0;8080;;0,0;11678
2017-11-28 00:00:00.000;142,0;8080;;0,0;11679
2017-11-28 00:00:00.000;166,0;8080;;0,0;11680
2017-11-28 00:00:00.000;152,0;8080;3;0,0;11681
2017-11-28 00:00:00.000;136,0;8080;1;0,0;11682
2017-11-28 00:00:00.000;169,0;8080;;0,0;11683
2017-11-28 00:00:00.000;130,0;8080;1;0,0;11684
2017-11-28 00:00:00.000;308,0;8080;4;0,0;11685
2017-11-28 00:00:00.000;206,0;8080;1;0,0;11686
2017-11-28 00:00:00.000;280,0;8080;;0,0;11687
2017-11-28 00:00:00.000;118,0;8080;1;0,0;11688
2017-11-28 00:00:00.000;312,0;8080;1;0,0;11689
2017-12-28 00:00:00.000;198,0;8080;3;0,0;11690
2017-12-28 00:00:00.000;164,0;8080;3;0,0;11691
2017-12-28 00:00:00.000;213,0;8080;3;0,0;11692
2017-12-28 00:00:00.000;278,0;8080;3;0,0;11693
2017-12-28 00:00:00.000;213,0;8080;1;0,0;11694
2017-12-28 00:00:00.000;160,0;8080;1;0,0;11695
2017-12-28 00:00:00.000;277,0;8080;1;0,0;11696
2017-12-28 00:00:00.000;198,0;8080;1;0,0;11697
2017-12-28 00:00:00.000;294,0;8080;3;0,0;11698
2017-12-28 00:00:00.000;129,0;8080;3;0,0;11699
2017-12-28 00:00:00.000;242,0;8080;3;0,0;11700
2017-12-28 00:00:00.000;115,0;8080;1;0,0;11701
2017-12-28 00:00:00.000;283,0;8080;3;0,0;11702
2017-12-28 00:00:00.000;168,0;8080;;0,0;11703
2017-12-28 00:00:00.000;269,0;8080;4;0,0;11704
2017-12-28 00:00:00.000;186,0;8080;4;0,0;11705
2017-12-28 00:00:00.000;154,0;8080;3;0,0;11706
2017-12-28 00:00:00.000;187,0;8080;1;0,0;11707
2017-12-28 00:00:00.000;159,0;8080;1;0,0;11708
2017-12-28 00:00:00.000;306,0;8080;4;0,0;11709
2017-12-28 00:00:00.000;153,0;8080;1;0,0;11710
2017-12-28 00:00:00.000;266,0;8080;1;0,0;11711
2017-12-28 00:00:00.000;133,0;8080;4;0,0;11712
2017-12-28 00:00:00.000;290,0;8080;1;0,0;11713
2017-12-28 00:00:00.000;248,0;8080;3;0,0;11714
2017-12-28 00:00:00.000;146,0;8080;4;0,0;11715
2017-12-28 00:00:00.000;130,0;8080;1;0,0;11716
2017-12-28 00:00:00.000;222,0;8080;1;0,0;11717
2017-12-28 00:00:00.000;274,0;8080;3;0,0;11718
2017-12-28 00:00:00.000;169,0;8080;1;0,0;11719
2017-12-28 00:00:00.000;262,0;8080;3;0,0;11720
2017-12-28 00:00:00.000;176,0;8080;1;0,0;11721
2017-12-28 00:00:00.000;247,0;8080;1;0,0;11722
2017-12-28 00:00:00.000;196,0;8080;1;0,0;11723
2017-12-28 00:00:00.000;288,0;8080;1;0,0;11724
2017-12-28 00:00:00.000;147,0;8080;1;0,0;11725
2017-12-28 00:00:00.000;288,0;8080;4;0,0;11726
2017-12-28 00:00:00.000;172,0;8080;3;0,0;11727
2017-12-28 00:00:00.000;239,0;8080;1;0,0;11728
2017-12-28 00:00:00.000;289,0;8080;1;0,0;11729
2017-12-28 00:00:00.000;227,0;8080;1;0,0;11730
2017-12-28 00:00:00.000;212,0;8080;3;0,0;11731
2017-12-28 00:00:00.000;192,0;8080;4;0,0;11732
2017-12-28 00:00:00.000;119,0;8080;3;0,0;11733
2017-12-28 00:00:00.000;166,0;8080;3;0,0;11734
2017-12-28 00:00:00.000;303,0;8080;1;0,0;11735
2017-12-28 00:00:00.000;209,0;8080;3;0,0;11736
2017-12-28 00:00:00.000;191,0;8080;1;0,0;11737
2017-12-28 00:00:00.000;302,0;8080;4;0,0;11738
2017-12-28 00:00:00.000;139,0;8080;;0,0;11739
2017-12-28 00:00:00.000;162,0;8080;1;0,0;11740
2017-12-28 00:00:00.000;114,0;8080;1;0,0;11741
2017-12-28 00:00:00.000;308,0;8080;4;0,0;11742
2017-12-28 00:00:00.000;309,0;8080;;0,0;11743
2017-12-28 00:00:00.000;124,0;8080;;0,0;11744
2017-12-28 00:00:00.000;173,0;8080;1;0,0;11745
2017-12-28 00:00:00.000;186,0;8080;4;0,0;11746
2017-12-28 00:00:00.000;258,0;8080;1;0,0;11747
2017-01-29 00:00:00.000;224,0;UGB ;4;0,0;11748
2017-01-29 00:00:00.000;195,0;UGB ;1;0,0;11749
2017-01-29 00:00:00.000;210,0;UGB ;3;0,0;11750
2017-01-29 00:00:00.000;295,0;UGB ;3;0,0;11751
2017-01-29 00:00:00.000;274,0;UGB ;1;0,0;11752
2017-01-29 00:00:00.000;149,0;UGB ;;0,0;11753
2017-01-29 00:00:00.000;223,0;UGB ;4;0,0;11754
2017-01-29 00:00:00.000;238,0;UGB ;;0,0;11755
2017-01-29 00:00:00.000;168,0;UGB ;;0,0;11756
2017-03-29 00:00:00.000;261,0;UGB ;1;0,0;11757
2017-03-29 00:00:00.000;132,0;UGB ;4;0,0;11758
2017-03-29 00:00:00.000;120,0;UGB ;4;0,0;11759
2017-03-29 00:00:00.000;217,0;UGB ;3;0,0;11760
2017-03-29 00:00:00.000;262,0;UGB ;3;0,0;11761
2017-03-29 00:00:00.000;142,0;UGB ;1;0,0;11762
2017-03-29 00:00:00.000;174,0;UGB ;1;0,0;11763
2017-03-29 00:00:00.000;235,0;UGB ;3;0,0;11764
2017-03-29 00:00:00.000;113,0;UGB ;3;0,0;11765
2017-03-29 00:00:00.000;164,0;UGB ;4;0,0;11766
2017-03-29 00:00:00.000;167,0;UGB ;3;0,0;11767
2017-03-29 00:00:00.000;136,0;UGB ;4;0,0;11768
2017-03-29 00:00:00.000;170,0;UGB ;1;0,0;11769
2017-03-29 00:00:00.000;236,0;UGB ;;0,0;11770
2017-04-29 00:00:00.000;311,0;WAO ;1;0,0;11771
2017-04-29 00:00:00.000;125,0;WAO ;3;0,0;11772
2017-04-29 00:00:00.000;223,0;WAO ;4;0,0;11773
2017-04-29 00:00:00.000;140,0;WAO ;4;0,0;11774
2017-04-29 00:00:00.000;297,0;WAO ;3;0,0;11775
2017-04-29 00:00:00.000;151,0;WAO ;4;0,0;11776
2017-04-29 00:00:00.000;298,0;WAO ;3;0,0;11777
2017-04-29 00:00:00.000;229,0;WAO ;4;0,0;11778
2017-04-29 00:00:00.000;273,0;WAO ;1;0,0;11779
2017-04-29 00:00:00.000;298,0;WAO ;1;0,0;11780
2017-04-29 00:00:00.000;211,0;WAO ;1;0,0;11781
2017-04-29 00:00:00.000;192,0;WAO ;1;0,0;11782
2017-04-29 00:00:00.000;205,0;WAO ;4;0,0;11783
2017-04-29 00:00:00.000;129,0;WAO ;1;0,0;11784
2017-04-29 00:00:00.000;192,0;WAO ;4;0,0;11785
2017-04-29 00:00:00.000;244,0;WAO ;4;0,0;11786
2017-04-29 00:00:00.000;113,0;WAO ;1;0,0;11787
2017-04-29 00:00:00.000;181,0;WAO ;4;0,0;11788
2017-04-29 00:00:00.000;146,0;WAO ;3;0,0;11789
2017-04-29 00:00:00.000;119,0;WAO ;1;0,0;11790
2017-04-29 00:00:00.000;128,0;WAO ;;0,0;11791
2017-04-29 00:00:00.000;240,0;WAO ;4;0,0;11792
2017-04-29 00:00:00.000;189,0;WAO ;3;0,0;11793
2017-04-29 00:00:00.000;209,0;WAO ;4;0,0;11794
2017-04-29 00:00:00.000;145,0;WAO ;3;0,0;11795
2017-04-29 00:00:00.000;216,0;WAO ;3;0,0;11796
2017-04-29 00:00:00.000;168,0;WAO ;3;0,0;11797
2017-04-29 00:00:00.000;167,0;WAO ;4;0,0;11798
2017-04-29 00:00:00.000;138,0;WAO ;4;0,0;11799
2017-04-29 00:00:00.000;113,0;WAO ;4;0,0;11800
2017-04-29 00:00:00.000;166,0;WAO ;3;0,0;11801
2017-04-29 00:00:00.000;213,0;WAO ;3;0,0;11802
2017-04-29 00:00:00.000;225,0;WAO ;4;0,0;11803
2017-04-29 00:00:00.000;263,0;WAO ;3;0,0;11804
2017-04-29 00:00:00.000;305,0;WAO ;3;0,0;11805
2017-11-29 00:00:00.000;191,0;8080;1;0,0;11806
2017-11-29 00:00:00.000;311,0;8080;3;0,0;11807
2017-11-29 00:00:00.000;213,0;8080;1;0,0;11808
2017-11-29 00:00:00.000;233,0;8080;3;0,0;11809
2017-11-29 00:00:00.000;217,0;8080;1;0,0;11810
2017-11-29 00:00:00.000;228,0;8080;1;0,0;11811
2017-11-29 00:00:00.000;144,0;8080;3;0,0;11812
2017-11-29 00:00:00.000;274,0;8080;1;0,0;11813
2017-11-29 00:00:00.000;115,0;8080;1;0,0;11814
2017-11-29 00:00:00.000;235,0;8080;3;0,0;11815
2017-11-29 00:00:00.000;310,0;8080;1;0,0;11816
2017-11-29 00:00:00.000;205,0;8080;;0,0;11817
2017-11-29 00:00:00.000;152,0;8080;1;0,0;11818
2017-11-29 00:00:00.000;132,0;8080;4;0,0;11819
2017-11-29 00:00:00.000;135,0;8080;;0,0;11820
2017-11-29 00:00:00.000;198,0;8080;4;0,0;11821
2017-11-29 00:00:00.000;210,0;8080;$$;0,0;11822
2017-11-29 00:00:00.000;150,0;8080;1;0,0;11823
2017-11-29 00:00:00.000;310,0;8080;;0,0;11824
2017-11-29 00:00:00.000;278,0;8080;3;0,0;11825
2017-11-29 00:00:00.000;288,0;8080;;0,0;11826
2017-11-29 00:00:00.000;124,0;8080;4;0,0;11827
2017-12-29 00:00:00.000;295,0;8080;1;0,0;11828
2017-12-29 00:00:00.000;207,0;8080;4;0,0;11829
2017-12-29 00:00:00.000;227,0;8080;4;0,0;11830
2017-12-29 00:00:00.000;225,0;8080;4;0,0;11831
2017-12-29 00:00:00.000;299,0;8080;4;0,0;11832
2017-12-29 00:00:00.000;170,0;8080;1;0,0;11833
2017-12-29 00:00:00.000;224,0;8080;4;0,0;11834
2017-12-29 00:00:00.000;205,0;8080;1;0,0;11835
2017-12-29 00:00:00.000;237,0;8080;;0,0;11836
2017-12-29 00:00:00.000;173,0;8080;;0,0;11837
2017-12-29 00:00:00.000;177,0;8080;1;0,0;11838
2017-12-29 00:00:00.000;187,0;8080;1;0,0;11839
2017-12-29 00:00:00.000;255,0;8080;1;0,0;11840
2017-12-29 00:00:00.000;153,0;8080;4;0,0;11841
2017-12-29 00:00:00.000;311,0;8080;3;0,0;11842
2017-12-29 00:00:00.000;128,0;8080;3;0,0;11843
2017-12-29 00:00:00.000;238,0;8080;3;0,0;11844
2017-12-29 00:00:00.000;126,0;8080;3;0,0;11845
2017-12-29 00:00:00.000;178,0;8080;1;0,0;11846
2017-12-29 00:00:00.000;266,0;8080;1;0,0;11847
2017-12-29 00:00:00.000;252,0;8080;3;0,0;11848
2017-12-29 00:00:00.000;139,0;8080;1;0,0;11849
2017-12-29 00:00:00.000;239,0;8080;4;0,0;11850
2017-12-29 00:00:00.000;125,0;8080;1;0,0;11851
2017-12-29 00:00:00.000;208,0;8080;4;0,0;11852
2017-12-29 00:00:00.000;149,0;8080;1;0,0;11853
2017-12-29 00:00:00.000;199,0;8080;3;0,0;11854
2017-12-29 00:00:00.000;287,0;8080;3;0,0;11855
2017-12-29 00:00:00.000;195,0;8080;1;0,0;11856
2017-12-29 00:00:00.000;250,0;8080;1;0,0;11857
2017-12-29 00:00:00.000;201,0;8080;3;0,0;11858
2017-12-29 00:00:00.000;303,0;8080;3;0,0;11859
2017-12-29 00:00:00.000;170,0;8080;3;0,0;11860
2017-12-29 00:00:00.000;162,0;8080;3;0,0;11861
2017-12-29 00:00:00.000;300,0;8080;1;0,0;11862
2017-12-29 00:00:00.000;222,0;8080;4;0,0;11863
2017-12-29 00:00:00.000;126,0;8080;4;0,0;11864
2017-12-29 00:00:00.000;218,0;8080;3;0,0;11865
2017-12-29 00:00:00.000;239,0;8080;4;0,0;11866
2017-12-29 00:00:00.000;273,0;8080;1;0,0;11867
2017-12-29 00:00:00.000;224,0;8080;4;0,0;11868
2017-12-29 00:00:00.000;142,0;8080;4;0,0;11869
2017-12-29 00:00:00.000;288,0;8080;3;0,0;11870
2017-12-29 00:00:00.000;193,0;8080;4;0,0;11871
2017-12-29 00:00:00.000;141,0;8080;1;0,0;11872
2017-12-29 00:00:00.000;213,0;8080;1;0,0;11873
2017-12-29 00:00:00.000;164,0;8080;4;0,0;11874
2017-12-29 00:00:00.000;309,0;8080;3;0,0;11875
2017-12-29 00:00:00.000;195,0;8080;1;0,0;11876
2017-12-29 00:00:00.000;146,0;8080;4;0,0;11877
2017-12-29 00:00:00.000;145,0;8080;;0,0;11878
2017-12-29 00:00:00.000;233,0;8080;1;0,0;11879
2017-12-29 00:00:00.000;279,0;8080;1;0,0;11880
2017-12-29 00:00:00.000;254,0;8080;3;0,0;11881
2017-12-29 00:00:00.000;186,0;8080;1;0,0;11882
2017-12-29 00:00:00.000;301,0;8080;4;0,0;11883
2017-12-29 00:00:00.000;136,0;8080;1;0,0;11884
2017-12-29 00:00:00.000;208,0;8080;1;0,0;11885
2017-12-29 00:00:00.000;215,0;8080;3;0,0;11886
2017-12-29 00:00:00.000;265,0;8080;;0,0;11887
2017-12-29 00:00:00.000;204,0;8080;1;0,0;11888
2017-12-29 00:00:00.000;254,0;8080;4;0,0;11889
2017-12-29 00:00:00.000;201,0;8080;1;0,0;11890
2017-12-29 00:00:00.000;134,0;8080;3;0,0;11891
2017-12-29 00:00:00.000;250,0;8080;4;0,0;11892
2017-12-29 00:00:00.000;115,0;8080;3;0,0;11893
2017-12-29 00:00:00.000;306,0;8080;1;0,0;11894
2017-12-29 00:00:00.000;148,0;8080;4;0,0;11895
2017-12-29 00:00:00.000;201,0;8080;1;0,0;11896
2017-12-29 00:00:00.000;248,0;8080;3;0,0;11897
2017-12-29 00:00:00.000;292,0;8080;1;0,0;11898
2017-12-29 00:00:00.000;311,0;8080;1;0,0;11899
2017-12-29 00:00:00.000;157,0;8080;;0,0;11900
2017-12-29 00:00:00.000;302,0;8080;;0,0;11901
2017-12-29 00:00:00.000;226,0;8080;1;0,0;11902
2017-12-29 00:00:00.000;252,0;8080;4;0,0;11903
2017-12-29 00:00:00.000;247,0;8080;3;0,0;11904
2017-12-29 00:00:00.000;244,0;8080;4;0,0;11905
2017-12-29 00:00:00.000;136,0;8080;3;0,0;11906
2017-12-29 00:00:00.000;300,0;8080;1;0,0;11907
2017-12-29 00:00:00.000;288,0;8080;;0,0;11908
2017-12-29 00:00:00.000;253,0;8080;1;0,0;11909
2017-12-29 00:00:00.000;213,0;8080;4;0,0;11910
2017-12-29 00:00:00.000;285,0;8080;4;0,0;11911
2017-12-29 00:00:00.000;233,0;8080;;0,0;11912
2017-12-29 00:00:00.000;120,0;8080;3;0,0;11913
2017-12-29 00:00:00.000;129,0;8080;4;0,0;11914
2017-12-29 00:00:00.000;274,0;8080;4;0,0;11915
2017-12-29 00:00:00.000;134,0;8080;3;0,0;11916
2017-12-29 00:00:00.000;203,0;8080;4;0,0;11917
2017-12-29 00:00:00.000;279,0;8080;4;0,0;11918
2017-12-29 00:00:00.000;230,0;8080;1;0,0;11919
2017-12-29 00:00:00.000;275,0;8080;4;0,0;11920
2017-12-29 00:00:00.000;217,0;8080;4;0,0;11921
2017-12-29 00:00:00.000;283,0;8080;3;0,0;11922
2017-12-29 00:00:00.000;180,0;8080;3;0,0;11923
2017-12-29 00:00:00.000;198,0;8080;4;0,0;11924
2017-12-29 00:00:00.000;245,0;8080;3;0,0;11925
2017-12-29 00:00:00.000;302,0;8080;1;0,0;11926
2017-12-29 00:00:00.000;112,0;8080;4;0,0;11927
2017-01-30 00:00:00.000;194,0;UGB ;3;0,0;11928
2017-01-30 00:00:00.000;299,0;UGB ;4;0,0;11929
2017-01-30 00:00:00.000;258,0;UGB ;4;0,0;11930
2017-01-30 00:00:00.000;294,0;UGB ;3;0,0;11931
2017-01-30 00:00:00.000;132,0;UGB ;4;0,0;11932
2017-01-30 00:00:00.000;120,0;UGB ;1;0,0;11933
2017-01-30 00:00:00.000;244,0;UGB ;3;0,0;11934
2017-01-30 00:00:00.000;124,0;UGB ;1;0,0;11935
2017-01-30 00:00:00.000;265,0;UGB ;1;0,0;11936
2017-01-30 00:00:00.000;154,0;UGB ;;0,0;11937
2017-01-30 00:00:00.000;246,0;UGB ;1;0,0;11938
2017-01-30 00:00:00.000;309,0;UGB ;;0,0;11939
2017-03-30 00:00:00.000;236,0;WAO ;;183,4;11940
2017-03-30 00:00:00.000;156,0;UGB ;4;0,0;11941
2017-03-30 00:00:00.000;257,0;UGB ;4;35,9;11942
2017-03-30 00:00:00.000;134,0;UGB ;1;0,0;11943
2017-03-30 00:00:00.000;189,0;UGB ;4;0,0;11944
2017-03-30 00:00:00.000;301,0;UGB ;1;0,0;11945
2017-03-30 00:00:00.000;254,0;UGB ;1;0,0;11946
2017-03-30 00:00:00.000;214,0;UGB ;3;0,0;11947
2017-03-30 00:00:00.000;288,0;UGB ;4;0,0;11948
2017-03-30 00:00:00.000;189,0;UGB ;4;0,0;11949
2017-03-30 00:00:00.000;222,0;UGB ;4;0,0;11950
2017-03-30 00:00:00.000;156,0;UGB ;4;0,0;11951
2017-03-30 00:00:00.000;191,0;UGB ;4;0,0;11952
2017-03-30 00:00:00.000;172,0;UGB ;4;0,0;11953
2017-03-30 00:00:00.000;286,0;UGB ;1;0,0;11954
2017-03-30 00:00:00.000;283,0;UGB ;3;0,0;11955
2017-03-30 00:00:00.000;138,0;UGB ;3;0,0;11956
2017-03-30 00:00:00.000;301,0;UGB ;4;0,0;11957
2017-03-30 00:00:00.000;243,0;UGB ;3;0,0;11958
2017-04-30 00:00:00.000;174,0;WAO ;1;0,0;11959
2017-04-30 00:00:00.000;127,0;WAO ;4;0,0;11960
2017-04-30 00:00:00.000;119,0;WAO ;1;0,0;11961
2017-04-30 00:00:00.000;264,0;WAO ;4;0,0;11962
2017-04-30 00:00:00.000;228,0;WAO ;3;0,0;11963
2017-04-30 00:00:00.000;241,0;WAO ;;0,0;11964
2017-04-30 00:00:00.000;122,0;WAO ;1;0,0;11965
2017-04-30 00:00:00.000;162,0;WAO ;3;0,0;11966
2017-04-30 00:00:00.000;290,0;WAO ;4;0,0;11967
2017-04-30 00:00:00.000;266,0;WAO ;4;0,0;11968
2017-04-30 00:00:00.000;300,0;WAO ;3;0,0;11969
2017-04-30 00:00:00.000;260,0;WAO ;4;0,0;11970
2017-11-30 00:00:00.000;185,0;8080;1;0,0;11971
2017-11-30 00:00:00.000;243,0;8080;4;0,0;11972
2017-11-30 00:00:00.000;274,0;8080;4;0,0;11973
2017-11-30 00:00:00.000;284,0;8080;4;0,0;11974
2017-11-30 00:00:00.000;169,0;8080;3;0,0;11975
2017-11-30 00:00:00.000;228,0;8080;;0,0;11976
2017-11-30 00:00:00.000;214,0;8080;4;0,0;11977
2017-11-30 00:00:00.000;276,0;8080;;0,0;11978
2017-11-30 00:00:00.000;248,0;8080;;0,0;11979
2017-11-30 00:00:00.000;265,0;8080;1;0,0;11980
2017-11-30 00:00:00.000;280,0;8080;;0,0;11981
2017-11-30 00:00:00.000;186,0;8080;;0,0;11982
2017-11-30 00:00:00.000;270,0;8080;;0,0;11983
2017-11-30 00:00:00.000;218,0;8080;;0,0;11984
2017-11-30 00:00:00.000;228,0;8080;;0,0;11985
2017-11-30 00:00:00.000;287,0;8080;4;0,0;11986
2017-11-30 00:00:00.000;231,0;8080;;0,0;11987
2017-11-30 00:00:00.000;296,0;8080;;0,0;11988
2017-11-30 00:00:00.000;309,0;8080;1;0,0;11989
2017-11-30 00:00:00.000;168,0;8080;;0,0;11990
2017-11-30 00:00:00.000;219,0;8080;;0,0;11991
2017-11-30 00:00:00.000;177,0;8080;1;0,0;11992
2017-11-30 00:00:00.000;280,0;8080;;0,0;11993
2017-11-30 00:00:00.000;294,0;8080;;0,0;11994
2017-11-30 00:00:00.000;209,0;8080;1;0,0;11995
2017-11-30 00:00:00.000;117,0;8080;;0,0;11996
2017-12-30 00:00:00.000;117,0;8080;1;0,0;11997
2017-12-30 00:00:00.000;308,0;8080;3;0,0;11998
2017-12-30 00:00:00.000;122,0;8080;3;0,0;11999
2017-12-30 00:00:00.000;134,0;8080;1;0,0;12000
2017-12-30 00:00:00.000;228,0;8080;1;0,0;12001
2017-12-30 00:00:00.000;303,0;8080;4;0,0;12002
2017-12-30 00:00:00.000;274,0;8080;1;0,0;12003
2017-12-30 00:00:00.000;188,0;8080;1;0,0;12004
2017-12-30 00:00:00.000;158,0;8080;3;0,0;12005
2017-12-30 00:00:00.000;187,0;8080;;0,0;12006
2017-12-30 00:00:00.000;217,0;8080;1;0,0;12007
2017-12-30 00:00:00.000;206,0;8080;1;0,0;12008
2017-12-30 00:00:00.000;120,0;8080;1;0,0;12009
2017-12-30 00:00:00.000;143,0;8080;1;0,0;12010
2017-12-30 00:00:00.000;244,0;8080;1;0,0;12011
2017-12-30 00:00:00.000;119,0;8080;;0,0;12012
2017-12-30 00:00:00.000;114,0;8080;4;0,0;12013
2017-12-30 00:00:00.000;225,0;8080;1;0,0;12014
2017-12-30 00:00:00.000;221,0;8080;4;0,0;12015
2017-12-30 00:00:00.000;273,0;8080;3;0,0;12016
2017-12-30 00:00:00.000;136,0;8080;1;0,0;12017
2017-12-30 00:00:00.000;224,0;8080;4;0,0;12018
2017-12-30 00:00:00.000;139,0;8080;4;0,0;12019
2017-12-30 00:00:00.000;138,0;8080;1;0,0;12020
2017-12-30 00:00:00.000;153,0;8080;3;0,0;12021
2017-12-30 00:00:00.000;305,0;8080;3;0,0;12022
2017-12-30 00:00:00.000;160,0;8080;4;0,0;12023
2017-12-30 00:00:00.000;252,0;8080;4;0,0;12024
2017-12-30 00:00:00.000;121,0;8080;1;0,0;12025
2017-12-30 00:00:00.000;241,0;8080;4;0,0;12026
2017-12-30 00:00:00.000;225,0;8080;1;0,0;12027
2017-12-30 00:00:00.000;170,0;8080;4;0,0;12028
2017-12-30 00:00:00.000;140,0;8080;4;0,0;12029
2017-12-30 00:00:00.000;133,0;8080;4;0,0;12030
2017-12-30 00:00:00.000;282,0;8080;1;0,0;12031
2017-12-30 00:00:00.000;171,0;8080;1;0,0;12032
2017-12-30 00:00:00.000;149,0;8080;4;0,0;12033
2017-12-30 00:00:00.000;244,0;8080;1;0,0;12034
2017-12-30 00:00:00.000;310,0;8080;3;0,0;12035
2017-12-30 00:00:00.000;193,0;8080;4;0,0;12036
2017-12-30 00:00:00.000;165,0;8080;4;0,0;12037
2017-12-30 00:00:00.000;260,0;8080;4;0,0;12038
2017-12-30 00:00:00.000;115,0;8080;4;0,0;12039
2017-12-30 00:00:00.000;180,0;8080;4;0,0;12040
2017-12-30 00:00:00.000;225,0;8080;4;0,0;12041
2017-12-30 00:00:00.000;253,0;8080;1;0,0;12042
2017-12-30 00:00:00.000;154,0;8080;4;0,0;12043
2017-12-30 00:00:00.000;228,0;8080;;0,0;12044
2017-12-30 00:00:00.000;235,0;8080;1;0,0;12045
2017-12-30 00:00:00.000;190,0;8080;4;0,0;12046
2017-12-30 00:00:00.000;123,0;8080;1;0,0;12047
2017-12-30 00:00:00.000;199,0;8080;4;0,0;12048
2017-12-30 00:00:00.000;162,0;8080;1;0,0;12049
2017-12-30 00:00:00.000;250,0;8080;1;0,0;12050
2017-12-30 00:00:00.000;181,0;8080;4;0,0;12051
2017-12-30 00:00:00.000;312,0;8080;1;0,0;12052
2017-12-30 00:00:00.000;285,0;8080;1;0,0;12053
2017-12-30 00:00:00.000;203,0;8080;4;0,0;12054
2017-12-30 00:00:00.000;308,0;8080;4;0,0;12055
2017-12-30 00:00:00.000;261,0;8080;1;0,0;12056
2017-12-30 00:00:00.000;282,0;8080;;0,0;12057
2017-12-30 00:00:00.000;296,0;8080;3;0,0;12058
2017-12-30 00:00:00.000;183,0;8080;1;0,0;12059
2017-12-30 00:00:00.000;137,0;8080;4;0,0;12060
2017-12-30 00:00:00.000;291,0;8080;4;0,0;12061
2017-12-30 00:00:00.000;255,0;8080;1;0,0;12062
2017-12-30 00:00:00.000;153,0;8080;4;0,0;12063
2017-12-30 00:00:00.000;185,0;8080;1;0,0;12064
2017-12-30 00:00:00.000;171,0;8080;1;0,0;12065
2017-12-30 00:00:00.000;290,0;8080;4;0,0;12066
2017-12-30 00:00:00.000;146,0;8080;1;0,0;12067
2017-12-30 00:00:00.000;309,0;8080;3;0,0;12068
2017-12-30 00:00:00.000;230,0;8080;1;0,0;12069
2017-12-30 00:00:00.000;247,0;8080;1;0,0;12070
2017-12-30 00:00:00.000;232,0;8080;3;0,0;12071
2017-12-30 00:00:00.000;303,0;8080;;0,0;12072
2017-12-30 00:00:00.000;296,0;8080;4;0,0;12073
2017-12-30 00:00:00.000;304,0;8080;3;0,0;12074
2017-12-30 00:00:00.000;252,0;8080;4;0,0;12075
2017-12-30 00:00:00.000;228,0;8080;3;0,0;12076
2017-12-30 00:00:00.000;279,0;8080;1;0,0;12077
2017-12-30 00:00:00.000;208,0;8080;1;0,0;12078
2017-12-30 00:00:00.000;211,0;8080;3;0,0;12079
2017-12-30 00:00:00.000;159,0;8080;1;0,0;12080
2017-12-30 00:00:00.000;254,0;8080;1;0,0;12081
2017-12-30 00:00:00.000;276,0;8080;3;0,0;12082
2017-12-30 00:00:00.000;198,0;8080;3;0,0;12083
2017-12-30 00:00:00.000;180,0;8080;4;0,0;12084
2017-12-30 00:00:00.000;279,0;8080;;0,0;12085
2017-12-30 00:00:00.000;229,0;8080;3;0,0;12086
2017-12-30 00:00:00.000;162,0;8080;4;0,0;12087
2017-12-30 00:00:00.000;168,0;8080;3;0,0;12088
2017-12-30 00:00:00.000;119,0;8080;1;0,0;12089
2017-12-30 00:00:00.000;300,0;8080;4;0,0;12090
2017-12-30 00:00:00.000;189,0;8080;;0,0;12091
2017-12-30 00:00:00.000;230,0;8080;3;0,0;12092
2017-12-30 00:00:00.000;122,0;8080;1;0,0;12093
2017-12-30 00:00:00.000;286,0;8080;4;0,0;12094
2017-12-30 00:00:00.000;252,0;8080;4;0,0;12095
2017-12-30 00:00:00.000;182,0;8080;3;0,0;12096
2017-12-30 00:00:00.000;122,0;8080;;0,0;12097
2017-12-30 00:00:00.000;194,0;8080;4;0,0;12098
2017-12-30 00:00:00.000;261,0;8080;4;0,0;12099
2017-12-30 00:00:00.000;194,0;8080;;0,0;12100
2017-12-30 00:00:00.000;307,0;8080;1;30,0;12101
2017-12-30 00:00:00.000;257,0;8080;3;0,0;12102
2017-12-30 00:00:00.000;305,0;8080;;0,0;12103
2017-12-30 00:00:00.000;308,0;8080;3;0,0;12104
2017-12-30 00:00:00.000;305,0;8080;4;0,0;12105
2017-12-30 00:00:00.000;119,0;8080;;0,0;12106
2017-12-30 00:00:00.000;178,0;8080;4;0,0;12107
2017-12-30 00:00:00.000;306,0;8080;;0,0;12108
2017-12-30 00:00:00.000;297,0;8080;3;0,0;12109
2017-12-30 00:00:00.000;227,0;8080;4;0,0;12110
2017-12-30 00:00:00.000;219,0;8080;1;0,0;12111
2017-12-30 00:00:00.000;243,0;8080;1;0,0;12112
2017-12-30 00:00:00.000;302,0;8080;;0,0;12113
2017-12-30 00:00:00.000;304,0;8080;4;0,0;12114
2017-12-30 00:00:00.000;138,0;8080;3;0,0;12115
2017-12-30 00:00:00.000;134,0;8080;4;0,0;12116
2017-12-30 00:00:00.000;310,0;8080;3;0,0;12117
2017-12-30 00:00:00.000;129,0;8080;4;0,0;12118
2017-12-30 00:00:00.000;276,0;8080;;0,0;12119
2017-12-30 00:00:00.000;150,0;8080;1;0,0;12120
2017-12-30 00:00:00.000;161,0;8080;;0,0;12121
2017-12-30 00:00:00.000;289,0;8080;1;0,0;12122
2017-12-30 00:00:00.000;116,0;8080;3;0,0;12123
2017-12-30 00:00:00.000;161,0;8080;4;0,0;12124
2017-12-30 00:00:00.000;168,0;8080;;0,0;12125
2017-12-30 00:00:00.000;232,0;8080;4;0,0;12126
2017-12-30 00:00:00.000;189,0;8080;;0,0;12127
2017-12-30 00:00:00.000;248,0;8080;;0,0;12128
2017-01-31 00:00:00.000;189,0;UGB ;4;0,0;12129
2017-01-31 00:00:00.000;170,0;UGB ;4;0,0;12130
2017-01-31 00:00:00.000;193,0;UGB ;4;0,0;12131
2017-01-31 00:00:00.000;277,0;UGB ;4;0,0;12132
2017-01-31 00:00:00.000;119,0;UGB ;4;0,0;12133
2017-01-31 00:00:00.000;195,0;UGB ;4;0,0;12134
2017-01-31 00:00:00.000;218,0;UGB ;1;0,0;12135
2017-01-31 00:00:00.000;168,0;UGB ;3;0,0;12136
2017-01-31 00:00:00.000;302,0;UGB ;4;0,0;12137
2017-01-31 00:00:00.000;289,0;UGB ;4;0,0;12138
2017-01-31 00:00:00.000;267,0;UGB ;;0,0;12139
2017-01-31 00:00:00.000;239,0;UGB ;4;0,0;12140
2017-01-31 00:00:00.000;124,0;UGB ;;0,0;12141
2017-01-31 00:00:00.000;117,0;UGB ;1;62,9;12142
2017-01-31 00:00:00.000;131,0;UGB ;1;0,0;12143
2017-01-31 00:00:00.000;272,0;UGB ;;0,0;12144
2017-01-31 00:00:00.000;279,0;UGB ;3;0,0;12145
2017-01-31 00:00:00.000;126,0;UGB ;4;0,0;12146
2017-01-31 00:00:00.000;192,0;UGB ;1;0,0;12147
2017-03-31 00:00:00.000;279,0;UGB ;3;0,0;12148
2017-03-31 00:00:00.000;182,0;UGB ;4;0,0;12149
2017-03-31 00:00:00.000;285,0;UGB ;4;0,0;12150
2017-03-31 00:00:00.000;308,0;UGB ;4;0,0;12151
2017-03-31 00:00:00.000;273,0;UGB ;3;0,0;12152
2017-03-31 00:00:00.000;252,0;UGB ;1;0,0;12153
2017-03-31 00:00:00.000;186,0;UGB ;3;0,0;12154
2017-03-31 00:00:00.000;285,0;UGB ;1;0,0;12155
2017-03-31 00:00:00.000;149,0;UGB ;4;0,0;12156
2017-03-31 00:00:00.000;291,0;UGB ;;0,0;12157
2017-03-31 00:00:00.000;200,0;UGB ;4;0,0;12158
2017-03-31 00:00:00.000;209,0;UGB ;1;0,0;12159
2017-03-31 00:00:00.000;298,0;UGB ;3;0,0;12160
2017-03-31 00:00:00.000;135,0;UGB ;4;0,0;12161
2017-03-31 00:00:00.000;288,0;UGB ;1;0,0;12162
2017-03-31 00:00:00.000;149,0;UGB ;1;0,0;12163
2017-03-31 00:00:00.000;111,0;UGB ;1;0,0;12164
2017-03-31 00:00:00.000;265,0;UGB ;3;0,0;12165
2017-03-31 00:00:00.000;193,0;UGB ;4;0,0;12166
2017-03-31 00:00:00.000;232,0;UGB ;3;0,0;12167
2017-03-31 00:00:00.000;303,0;UGB ;4;0,0;12168
2017-03-31 00:00:00.000;287,0;UGB ;4;0,0;12169
2017-03-31 00:00:00.000;250,0;UGB ;4;0,0;12170
2017-03-31 00:00:00.000;290,0;UGB ;1;0,0;12171
2017-03-31 00:00:00.000;162,0;UGB ;4;0,0;12172
2017-03-31 00:00:00.000;134,0;UGB ;4;0,0;12173
2017-03-31 00:00:00.000;281,0;UGB ;1;0,0;12174
2017-03-31 00:00:00.000;128,0;UGB ;1;0,0;12175
2017-03-31 00:00:00.000;290,0;UGB ;3;0,0;12176
2017-03-31 00:00:00.000;284,0;UGB ;3;0,0;12177
2017-03-31 00:00:00.000;167,0;UGB ;4;0,0;12178
2017-03-31 00:00:00.000;245,0;UGB ;1;0,0;12179
2017-03-31 00:00:00.000;138,0;UGB ;1;0,0;12180
2017-03-31 00:00:00.000;135,0;UGB ;1;0,0;12181
2017-03-31 00:00:00.000;188,0;UGB ;4;0,0;12182
2017-03-31 00:00:00.000;300,0;UGB ;4;0,0;12183
2017-12-31 00:00:00.000;271,0;8080;3;0,0;12184
2017-12-31 00:00:00.000;182,0;8080;1;0,0;12185
2017-12-31 00:00:00.000;117,0;8080;1;0,0;12186
2017-12-31 00:00:00.000;139,0;8080;3;0,0;12187
2017-12-31 00:00:00.000;275,0;8080;1;0,0;12188
2017-12-31 00:00:00.000;156,0;8080;1;0,0;12189
2017-12-31 00:00:00.000;178,0;8080;3;0,0;12190
2017-12-31 00:00:00.000;139,0;8080;4;0,0;12191
2017-12-31 00:00:00.000;238,0;8080;1;0,0;12192
2017-12-31 00:00:00.000;204,0;8080;;0,0;12193
2017-12-31 00:00:00.000;266,0;8080;;0,0;12194
2017-12-31 00:00:00.000;285,0;8080;3;0,0;12195
2017-12-31 00:00:00.000;115,0;8080;1;0,0;12196
2017-12-31 00:00:00.000;125,0;8080;4;0,0;12197
2017-12-31 00:00:00.000;152,0;8080;4;0,0;12198
2017-12-31 00:00:00.000;232,0;8080;1;0,0;12199
2017-12-31 00:00:00.000;256,0;8080;4;0,0;12200
2017-12-31 00:00:00.000;302,0;8080;3;0,0;12201
2017-12-31 00:00:00.000;290,0;8080;3;0,0;12202
2017-12-31 00:00:00.000;200,0;8080;4;0,0;12203
2017-12-31 00:00:00.000;149,0;8080;1;0,0;12204
2017-12-31 00:00:00.000;175,0;8080;4;0,0;12205
2017-12-31 00:00:00.000;212,0;8080;4;0,0;12206
2017-12-31 00:00:00.000;161,0;8080;1;0,0;12207
2017-12-31 00:00:00.000;152,0;8080;3;0,0;12208
2017-12-31 00:00:00.000;243,0;8080;4;0,0;12209
2017-12-31 00:00:00.000;250,0;8080;4;0,0;12210
2017-12-31 00:00:00.000;298,0;8080;3;0,0;12211
2017-12-31 00:00:00.000;163,0;8080;1;0,0;12212
2017-12-31 00:00:00.000;274,0;8080;1;0,0;12213
2017-12-31 00:00:00.000;217,0;8080;1;0,0;12214
2017-12-31 00:00:00.000;215,0;8080;1;0,0;12215
2017-12-31 00:00:00.000;171,0;8080;4;0,0;12216
2017-12-31 00:00:00.000;239,0;8080;3;0,0;12217
2017-12-31 00:00:00.000;267,0;8080;1;0,0;12218
2017-12-31 00:00:00.000;247,0;8080;4;0,0;12219
2017-12-31 00:00:00.000;301,0;8080;4;0,0;12220
2017-12-31 00:00:00.000;244,0;8080;4;0,0;12221
2017-12-31 00:00:00.000;159,0;8080;4;0,0;12222
2017-12-31 00:00:00.000;182,0;8080;4;0,0;12223
2017-12-31 00:00:00.000;265,0;8080;3;0,0;12224
2017-12-31 00:00:00.000;245,0;8080;4;0,0;12225
2017-12-31 00:00:00.000;211,0;8080;4;0,0;12226
2017-12-31 00:00:00.000;146,0;8080;1;0,0;12227
2017-12-31 00:00:00.000;148,0;8080;1;0,0;12228
2017-12-31 00:00:00.000;113,0;8080;4;0,0;12229
2017-12-31 00:00:00.000;228,0;8080;3;0,0;12230
2017-12-31 00:00:00.000;242,0;8080;1;0,0;12231
2017-12-31 00:00:00.000;169,0;8080;1;0,0;12232
2017-12-31 00:00:00.000;222,0;8080;1;0,0;12233
2017-12-31 00:00:00.000;142,0;8080;4;0,0;12234
2017-12-31 00:00:00.000;293,0;8080;3;0,0;12235
2017-12-31 00:00:00.000;124,0;8080;4;0,0;12236
2017-12-31 00:00:00.000;296,0;8080;1;0,0;12237
2017-12-31 00:00:00.000;257,0;8080;3;0,0;12238
2017-12-31 00:00:00.000;282,0;8080;4;0,0;12239
2017-12-31 00:00:00.000;158,0;8080;1;0,0;12240
2017-12-31 00:00:00.000;279,0;8080;1;0,0;12241
2017-12-31 00:00:00.000;148,0;8080;1;0,0;12242
2017-12-31 00:00:00.000;133,0;8080;4;0,0;12243
2017-12-31 00:00:00.000;273,0;8080;4;0,0;12244
2017-12-31 00:00:00.000;118,0;8080;1;0,0;12245
2017-12-31 00:00:00.000;309,0;8080;3;0,0;12246
2017-12-31 00:00:00.000;290,0;8080;3;0,0;12247
2017-12-31 00:00:00.000;251,0;8080;1;0,0;12248
2017-12-31 00:00:00.000;226,0;8080;4;0,0;12249
2017-12-31 00:00:00.000;184,0;8080;4;0,0;12250
2017-12-31 00:00:00.000;302,0;8080;1;0,0;12251
2017-12-31 00:00:00.000;144,0;8080;;0,0;12252
2017-12-31 00:00:00.000;134,0;8080;4;0,0;12253
2017-12-31 00:00:00.000;156,0;8080;1;0,0;12254
2017-12-31 00:00:00.000;228,0;8080;1;0,0;12255
2017-12-31 00:00:00.000;175,0;8080;1;0,0;12256
2017-12-31 00:00:00.000;184,0;8080;4;0,0;12257
2017-12-31 00:00:00.000;245,0;8080;4;0,0;12258
2017-12-31 00:00:00.000;149,0;8080;3;0,0;12259
2017-12-31 00:00:00.000;137,0;8080;3;0,0;12260
2017-12-31 00:00:00.000;184,0;8080;1;0,0;12261
2017-12-31 00:00:00.000;257,0;8080;1;0,0;12262
2017-12-31 00:00:00.000;220,0;8080;4;0,0;12263
2017-12-31 00:00:00.000;176,0;8080;4;0,0;12264
2017-12-31 00:00:00.000;165,0;8080;3;0,0;12265
2017-12-31 00:00:00.000;156,0;8080;3;0,0;12266
2017-12-31 00:00:00.000;247,0;8080;1;0,0;12267
2017-12-31 00:00:00.000;311,0;8080;3;0,0;12268
2017-12-31 00:00:00.000;165,0;8080;1;0,0;12269
2017-12-31 00:00:00.000;275,0;8080;1;0,0;12270
2017-12-31 00:00:00.000;262,0;8080;3;0,0;12271
2017-12-31 00:00:00.000;159,0;8080;3;0,0;12272
2017-12-31 00:00:00.000;173,0;8080;4;0,0;12273
2017-12-31 00:00:00.000;132,0;8080;1;0,0;12274
2017-12-31 00:00:00.000;281,0;8080;1;0,0;12275
2017-12-31 00:00:00.000;292,0;8080;1;0,0;12276
2017-12-31 00:00:00.000;303,0;8080;4;0,0;12277
2017-12-31 00:00:00.000;186,0;8080;3;0,0;12278
2017-12-31 00:00:00.000;236,0;8080;1;0,0;12279
2017-12-31 00:00:00.000;275,0;8080;1;0,0;12280
2017-12-31 00:00:00.000;286,0;8080;3;0,0;12281
2017-12-31 00:00:00.000;198,0;8080;3;0,0;12282
2017-12-31 00:00:00.000;310,0;8080;1;0,0;12283
2017-12-31 00:00:00.000;137,0;8080;1;0,0;12284
2017-12-31 00:00:00.000;299,0;8080;4;0,0;12285
2017-12-31 00:00:00.000;209,0;8080;3;0,0;12286
2017-12-31 00:00:00.000;232,0;8080;1;0,0;12287
2017-12-31 00:00:00.000;205,0;8080;1;0,0;12288
2017-12-31 00:00:00.000;214,0;8080;4;0,0;12289
2017-12-31 00:00:00.000;264,0;8080;1;0,0;12290
2017-12-31 00:00:00.000;220,0;8080;4;0,0;12291
2017-12-31 00:00:00.000;220,0;8080;1;0,0;12292
2017-12-31 00:00:00.000;241,0;8080;1;0,0;12293
2017-12-31 00:00:00.000;124,0;8080;;0,0;12294
2017-12-31 00:00:00.000;151,0;8080;4;0,0;12295
2017-12-31 00:00:00.000;175,0;8080;1;0,0;12296
2017-12-31 00:00:00.000;276,0;8080;4;0,0;12297
2017-12-31 00:00:00.000;140,0;8080;4;0,0;12298
2017-12-31 00:00:00.000;146,0;8080;3;0,0;12299
2017-12-31 00:00:00.000;227,0;8080;3;0,0;12300
2017-12-31 00:00:00.000;194,0;8080;3;0,0;12301
2017-12-31 00:00:00.000;193,0;8080;3;0,0;12302
2017-12-31 00:00:00.000;139,0;8080;3;0,0;12303
2017-12-31 00:00:00.000;210,0;8080;1;0,0;12304
2017-12-31 00:00:00.000;222,0;8080;3;0,0;12305
2017-12-31 00:00:00.000;307,0;8080;1;0,0;12306
2017-12-31 00:00:00.000;258,0;8080;1;0,0;12307
2017-12-31 00:00:00.000;243,0;8080;3;0,0;12308
2018-12-17 00:00:00.000;255,0;TH;1;109,9;2
2018-12-17 00:00:00.000;245,0;JLP;1;0,0;3
2018-12-17 00:00:00.000;128,0;JLP;1;0,0;4
2018-12-17 00:00:00.000;557,0;JLP;1;149,5;5
2018-12-17 00:00:00.000;313,0;JLP;4;0,0;6
2018-12-17 00:00:00.000;537,0;JLP;3;0,0;7
2018-12-17 00:00:00.000;430,0;JLP;;0,0;8
2018-12-17 00:00:00.000;476,0;JLP;3;0,0;9
2018-12-17 00:00:00.000;451,0;JLP;3;0,0;10
2018-12-17 00:00:00.000;553,0;JLP;3;0,0;11
2018-12-17 00:00:00.000;222,0;JLP;3;0,0;12
2018-12-17 00:00:00.000;524,0;JLP;3;0,0;13
2018-12-17 00:00:00.000;433,0;JLP;4;0,0;14
2018-12-17 00:00:00.000;257,0;JLP;;0,0;15
2018-12-17 00:00:00.000;190,0;JLP;1;0,0;16
2018-12-17 00:00:00.000;271,0;JLP;4;0,0;17
2018-12-17 00:00:00.000;347,0;JLP;3;0,0;18
2018-12-17 00:00:00.000;294,0;JLP;3;0,0;19
2018-12-17 00:00:00.000;238,0;JLP;4;0,0;20
2018-12-17 00:00:00.000;484,0;JLP;4;109,7;21
2018-12-17 00:00:00.000;474,0;JLP;4;33,9;22
2018-12-17 00:00:00.000;542,0;JLP;4;0,0;23
2018-12-17 00:00:00.000;596,0;JLP;3;0,0;24
2018-12-17 00:00:00.000;200,0;JLP;3;0,0;25
2018-12-17 00:00:00.000;145,0;JLP;3;0,0;26
2018-12-17 00:00:00.000;374,0;JLP;3;0,0;27
2018-12-17 00:00:00.000;567,0;JLP;3;0,0;28
2018-12-17 00:00:00.000;233,0;JLP;3;0,0;29
2018-12-17 00:00:00.000;116,0;JLP;;0,0;30
2018-12-17 00:00:00.000;117,0;JLP;3;0,0;31
2018-12-17 00:00:00.000;151,0;JLP;1;0,0;32
2018-12-17 00:00:00.000;427,0;JLP;1;0,0;33
2018-12-18 00:00:00.000;182,0;JLP;4;0,0;34
2018-12-18 00:00:00.000;566,0;JLP;3;0,0;35
2018-12-18 00:00:00.000;393,0;JLP;4;0,0;36
2018-12-18 00:00:00.000;251,0;JLP;1;0,0;37
2018-12-18 00:00:00.000;573,0;JLP;1;0,0;38
2018-12-18 00:00:00.000;488,0;JLP;4;0,0;39
2018-12-18 00:00:00.000;224,0;JLP;1;0,0;40
2018-12-18 00:00:00.000;141,0;JLP;1;0,0;41
2018-12-18 00:00:00.000;250,0;JLP;3;0,0;42
2018-12-18 00:00:00.000;399,0;JLP;3;0,0;43
2018-12-18 00:00:00.000;188,0;JLP;1;0,0;44
2018-12-18 00:00:00.000;476,0;JLP;4;0,0;45
2018-12-18 00:00:00.000;179,0;JLP;1;0,0;46
2018-12-18 00:00:00.000;199,0;JLP;4;0,0;47
2018-12-18 00:00:00.000;385,0;JLP;4;0,0;48
2018-12-18 00:00:00.000;544,0;JLP;4;0,0;49
2018-12-18 00:00:00.000;134,0;JLP;3;0,0;50
2018-12-18 00:00:00.000;165,0;JLP;1;0,0;51
2018-12-18 00:00:00.000;561,0;JLP;4;0,0;52
2018-12-18 00:00:00.000;415,0;JLP;4;0,0;53
2018-12-18 00:00:00.000;354,0;JLP;4;0,0;54
2018-12-18 00:00:00.000;427,0;JLP;4;0,0;55
2018-12-18 00:00:00.000;308,0;JLP;1;0,0;56
2018-12-18 00:00:00.000;204,0;JLP;1;0,0;57
2018-12-18 00:00:00.000;291,0;JLP;1;0,0;58
2018-12-18 00:00:00.000;605,0;JLP;3;0,0;59
2018-12-18 00:00:00.000;466,0;JLP;3;0,0;60
2018-12-18 00:00:00.000;529,0;JLP;4;0,0;61
2018-12-18 00:00:00.000;575,0;JLP;4;0,0;62
2018-12-18 00:00:00.000;532,0;JLP;;0,0;63
2018-12-18 00:00:00.000;422,0;JLP;3;0,0;64
2018-12-18 00:00:00.000;181,0;JLP;4;0,0;65
2018-12-18 00:00:00.000;403,0;JLP;3;0,0;66
2018-12-18 00:00:00.000;606,0;JLP;4;0,0;67
2018-12-18 00:00:00.000;523,0;JLP;1;0,0;68
2018-12-18 00:00:00.000;333,0;JLP;1;0,0;69
2018-12-18 00:00:00.000;605,0;JLP;4;0,0;70
2018-12-18 00:00:00.000;342,0;JLP;4;0,0;71
2018-12-18 00:00:00.000;174,0;JLP;1;0,0;72
2018-12-18 00:00:00.000;586,0;JLP;4;0,0;73
2018-12-18 00:00:00.000;472,0;JLP;;0,0;74
2018-12-18 00:00:00.000;462,0;JLP;3;0,0;75
2018-12-18 00:00:00.000;489,0;JLP;1;0,0;76
2018-12-18 00:00:00.000;386,0;JLP;1;0,0;77
2018-12-18 00:00:00.000;333,0;JLP;4;0,0;78
2018-12-18 00:00:00.000;363,0;JLP;3;0,0;79
2018-12-18 00:00:00.000;604,0;JLP;4;0,0;80
2018-12-18 00:00:00.000;340,0;JLP;;0,0;81
2018-12-18 00:00:00.000;122,0;JLP;4;0,0;82
2018-12-18 00:00:00.000;606,0;JLP;4;0,0;83
2018-12-18 00:00:00.000;345,0;JLP;3;0,0;84
2018-12-18 00:00:00.000;139,0;JLP;3;0,0;85
2018-12-18 00:00:00.000;611,0;JLP;4;0,0;86
2018-12-18 00:00:00.000;361,0;JLP;3;0,0;87
2018-12-18 00:00:00.000;606,0;JLP;3;0,0;88
2018-12-18 00:00:00.000;158,0;JLP;4;0,0;89
2018-12-18 00:00:00.000;275,0;JLP;3;0,0;90
2018-12-18 00:00:00.000;528,0;JLP;4;0,0;91
2018-12-18 00:00:00.000;259,0;JLP;1;0,0;92
2018-12-18 00:00:00.000;199,0;JLP;1;0,0;93
2018-12-18 00:00:00.000;234,0;JLP;4;0,0;94
2018-12-18 00:00:00.000;275,0;JLP;1;0,0;95
2018-12-18 00:00:00.000;559,0;JLP;1;0,0;96
2018-12-18 00:00:00.000;573,0;JLP;4;0,0;97
2018-12-18 00:00:00.000;339,0;JLP;4;0,0;98
2018-12-18 00:00:00.000;167,0;JLP;1;0,0;99
2018-12-18 00:00:00.000;567,0;JLP;4;0,0;100
2018-12-18 00:00:00.000;361,0;JLP;3;0,0;101
2018-12-18 00:00:00.000;146,0;JLP;4;0,0;102
2018-12-18 00:00:00.000;291,0;JLP;4;0,0;103
2018-12-18 00:00:00.000;548,0;JLP;3;0,0;104
2018-12-18 00:00:00.000;448,0;JLP;3;0,0;105
2018-12-18 00:00:00.000;449,0;JLP;4;0,0;106
2018-12-18 00:00:00.000;127,0;JLP;4;0,0;107
2018-12-18 00:00:00.000;153,0;JLP;4;0,0;108
2018-12-18 00:00:00.000;411,0;JLP;1;0,0;109
2018-12-18 00:00:00.000;127,0;JLP;3;0,0;110
2018-12-18 00:00:00.000;599,0;JLP;4;0,0;111
2018-12-18 00:00:00.000;567,0;JLP;4;0,0;112
2018-12-19 00:00:00.000;573,0;VNS;1;0,0;113
2018-12-19 00:00:00.000;111,0;VNS;4;0,0;114
2018-12-19 00:00:00.000;514,0;VNS;4;0,0;115
2018-12-19 00:00:00.000;257,0;VNS;1;0,0;116
2018-12-19 00:00:00.000;400,0;VNS;3;0,0;117
2018-12-19 00:00:00.000;290,0;VNS;3;0,0;118
2018-12-19 00:00:00.000;180,0;VNS;4;0,0;119
2018-12-19 00:00:00.000;317,0;VNS;4;0,0;120
2018-12-19 00:00:00.000;235,0;VNS;4;0,0;121
2018-12-19 00:00:00.000;117,0;VNS;4;0,0;122
2018-12-19 00:00:00.000;538,0;VNS;4;0,0;123
2018-12-19 00:00:00.000;302,0;VNS;4;0,0;124
2018-12-19 00:00:00.000;390,0;VNS;1;0,0;125
2018-12-19 00:00:00.000;254,0;VNS;4;0,0;126
2018-12-19 00:00:00.000;519,0;VNS;1;0,0;127
2018-12-19 00:00:00.000;135,0;VNS;3;0,0;128
2018-12-19 00:00:00.000;173,0;VNS;4;0,0;129
2018-12-19 00:00:00.000;237,0;VNS;1;0,0;130
2018-12-19 00:00:00.000;202,0;VNS;1;0,0;131
2018-12-19 00:00:00.000;352,0;VNS;4;0,0;132
2018-12-19 00:00:00.000;143,0;VNS;4;0,0;133
2018-12-19 00:00:00.000;239,0;VNS;4;0,0;134
2018-12-19 00:00:00.000;478,0;VNS;1;0,0;135
2018-12-19 00:00:00.000;600,0;VNS;4;0,0;136
2018-12-19 00:00:00.000;581,0;VNS;1;0,0;137
2018-12-19 00:00:00.000;297,0;JLP;4;0,0;138
2018-12-19 00:00:00.000;450,0;JLP;4;0,0;139
2018-12-19 00:00:00.000;604,0;JLP;4;0,0;140
2018-12-19 00:00:00.000;545,0;JLP;1;0,0;141
2018-12-19 00:00:00.000;430,0;JLP;4;0,0;142
2018-12-19 00:00:00.000;550,0;JLP;4;0,0;143
2018-12-19 00:00:00.000;415,0;JLP;3;0,0;144
2018-12-19 00:00:00.000;340,0;JLP;4;0,0;145
2018-12-19 00:00:00.000;291,0;JLP;4;0,0;146
2018-12-19 00:00:00.000;477,0;JLP;1;0,0;147
2018-12-19 00:00:00.000;316,0;JLP;1;0,0;148
2018-12-19 00:00:00.000;129,0;JLP;1;0,0;149
2018-12-19 00:00:00.000;323,0;JLP;1;0,0;150
2018-12-19 00:00:00.000;177,0;JLP;1;0,0;151
2018-12-19 00:00:00.000;460,0;JLP;;0,0;152
2018-12-19 00:00:00.000;421,0;JLP;3;0,0;153
2018-12-19 00:00:00.000;420,0;JLP;1;0,0;154
2018-12-19 00:00:00.000;444,0;JLP;1;0,0;155
2018-12-19 00:00:00.000;531,0;JLP;1;0,0;156
2018-12-19 00:00:00.000;474,0;JLP;3;0,0;157
2018-12-19 00:00:00.000;407,0;JLP;4;0,0;158
2018-12-19 00:00:00.000;320,0;JLP;1;0,0;159
2018-12-19 00:00:00.000;524,0;JLP;4;0,0;160
2018-12-19 00:00:00.000;518,0;JLP;;0,0;161
2018-12-19 00:00:00.000;337,0;JLP;4;0,0;162
2018-12-19 00:00:00.000;240,0;JLP;4;0,0;163
2018-12-19 00:00:00.000;282,0;JLP;4;0,0;164
2018-12-19 00:00:00.000;336,0;JLP;4;0,0;165
2018-12-19 00:00:00.000;161,0;JLP;4;0,0;166
2018-12-19 00:00:00.000;316,0;JLP;1;0,0;167
2018-12-19 00:00:00.000;403,0;JLP;4;0,0;168
2018-12-19 00:00:00.000;435,0;JLP;4;0,0;169
2018-12-19 00:00:00.000;365,0;JLP;4;0,0;170
2018-12-19 00:00:00.000;554,0;JLP;1;0,0;171
2018-12-19 00:00:00.000;132,0;JLP;4;0,0;172
2018-12-19 00:00:00.000;493,0;JLP;1;0,0;173
2018-12-19 00:00:00.000;564,0;JLP;4;0,0;174
2018-12-19 00:00:00.000;584,0;JLP;4;0,0;175
2018-12-19 00:00:00.000;207,0;JLP;;0,0;176
2018-12-19 00:00:00.000;275,0;JLP;4;0,0;177
2018-12-19 00:00:00.000;272,0;JLP;1;0,0;178
2018-12-19 00:00:00.000;140,0;JLP;3;0,0;179
2018-12-19 00:00:00.000;542,0;JLP;1;0,0;180
2018-12-19 00:00:00.000;580,0;JLP;4;0,0;181
2018-12-19 00:00:00.000;368,0;JLP;4;0,0;182
2018-12-19 00:00:00.000;291,0;JLP;1;0,0;183
2018-12-19 00:00:00.000;182,0;JLP;4;0,0;184
2018-12-19 00:00:00.000;194,0;JLP;1;0,0;185
2018-12-19 00:00:00.000;243,0;JLP;4;0,0;186
2018-12-19 00:00:00.000;427,0;JLP;1;0,0;187
2018-12-19 00:00:00.000;586,0;JLP;1;0,0;188
2018-12-19 00:00:00.000;356,0;JLP;4;0,0;189
2018-12-19 00:00:00.000;611,0;JLP;4;0,0;190
2018-12-19 00:00:00.000;487,0;JLP;1;0,0;191
2018-12-19 00:00:00.000;157,0;JLP;4;0,0;192
2018-12-19 00:00:00.000;274,0;JLP;1;0,0;193
2018-12-19 00:00:00.000;313,0;JLP;1;0,0;194
2018-12-19 00:00:00.000;533,0;JLP;4;0,0;195
2018-12-19 00:00:00.000;132,0;JLP;1;0,0;196
2018-12-19 00:00:00.000;347,0;JLP;3;0,0;197
2018-12-20 00:00:00.000;515,0;JLP;;0,0;198
2018-12-20 00:00:00.000;455,0;JLP;4;0,0;199
2018-12-20 00:00:00.000;412,0;JLP;;0,0;200
2018-12-20 00:00:00.000;383,0;JLP;4;0,0;201
2018-12-20 00:00:00.000;267,0;JLP;3;0,0;202
2018-12-20 00:00:00.000;511,0;JLP;4;0,0;203
2018-12-20 00:00:00.000;474,0;JLP;3;0,0;204
2018-12-20 00:00:00.000;516,0;JLP;1;0,0;205
2018-12-20 00:00:00.000;462,0;JLP;3;0,0;206
2018-12-20 00:00:00.000;442,0;JLP;;0,0;207
2018-12-20 00:00:00.000;391,0;JLP;1;0,0;208
2018-12-20 00:00:00.000;290,0;JLP;4;0,0;209
2018-12-20 00:00:00.000;295,0;JLP;1;0,0;210
2018-12-20 00:00:00.000;411,0;JLP;4;0,0;211
2018-12-20 00:00:00.000;378,0;JLP;1;0,0;212
2018-12-20 00:00:00.000;175,0;JLP;4;0,0;213
2018-12-20 00:00:00.000;411,0;JLP;3;0,0;214
2018-12-20 00:00:00.000;516,0;JLP;4;0,0;215
2018-12-20 00:00:00.000;601,0;JLP;4;0,0;216
2018-12-20 00:00:00.000;381,0;JLP;3;0,0;217
2018-12-20 00:00:00.000;319,0;JLP;1;0,0;218
2018-12-20 00:00:00.000;429,0;JLP;1;0,0;219
2018-12-20 00:00:00.000;163,0;JLP;4;0,0;220
2018-12-20 00:00:00.000;303,0;JLP;4;0,0;221
2018-12-20 00:00:00.000;570,0;JLP;3;0,0;222
2018-12-20 00:00:00.000;355,0;JLP;1;0,0;223
2018-12-20 00:00:00.000;518,0;JLP;4;0,0;224
2018-12-20 00:00:00.000;338,0;JLP;1;0,0;225
2018-12-20 00:00:00.000;190,0;JLP;3;0,0;226
2018-12-20 00:00:00.000;470,0;JLP;3;0,0;227
2018-12-20 00:00:00.000;289,0;JLP;3;0,0;228
2018-12-20 00:00:00.000;430,0;JLP;3;0,0;229
2018-12-20 00:00:00.000;276,0;JLP;1;0,0;230
2018-12-20 00:00:00.000;427,0;JLP;1;0,0;231
2018-12-20 00:00:00.000;381,0;JLP;1;0,0;232
2018-12-20 00:00:00.000;171,0;JLP;;0,0;233
2018-12-20 00:00:00.000;185,0;JLP;3;0,0;234
2018-12-20 00:00:00.000;510,0;JLP;3;0,0;235
2018-12-20 00:00:00.000;499,0;JLP;3;0,0;236
2018-12-20 00:00:00.000;412,0;JLP;4;0,0;237
2018-12-20 00:00:00.000;272,0;JLP;1;0,0;238
2018-12-20 00:00:00.000;472,0;JLP;3;0,0;239
2018-12-20 00:00:00.000;371,0;JLP;;0,0;240
2018-12-20 00:00:00.000;233,0;JLP;4;0,0;241
2018-12-20 00:00:00.000;219,0;JLP;4;0,0;242
2018-12-20 00:00:00.000;273,0;JLP;4;0,0;243
2018-12-20 00:00:00.000;132,0;JLP;1;0,0;244
2018-12-20 00:00:00.000;137,0;JLP;4;0,0;245
2018-12-20 00:00:00.000;413,0;JLP;3;0,0;246
2018-12-20 00:00:00.000;510,0;JLP;3;30,9;247
2018-12-20 00:00:00.000;367,0;JLP;4;0,0;248
2018-12-20 00:00:00.000;232,0;JLP;3;0,0;249
2018-12-20 00:00:00.000;332,0;JLP;;0,0;250
2018-12-20 00:00:00.000;318,0;JLP;4;0,0;251
2018-12-20 00:00:00.000;441,0;JLP;3;0,0;252
2018-12-20 00:00:00.000;133,0;JLP;3;0,0;253
2018-12-20 00:00:00.000;471,0;JLP;1;0,0;254
2018-12-20 00:00:00.000;425,0;JLP;1;0,0;255
2018-12-20 00:00:00.000;257,0;JLP;3;0,0;256
2018-12-20 00:00:00.000;121,0;JLP;3;0,0;257
2018-12-20 00:00:00.000;519,0;JLP;4;0,0;258
2018-12-20 00:00:00.000;367,0;JLP;1;0,0;259
2018-12-20 00:00:00.000;504,0;JLP;1;151,9;260
2018-12-20 00:00:00.000;175,0;JLP;1;0,0;261
2018-12-20 00:00:00.000;387,0;JLP;3;0,0;262
2018-12-20 00:00:00.000;401,0;JLP;3;0,0;263
2018-12-20 00:00:00.000;608,0;JLP;1;0,0;264
2018-12-20 00:00:00.000;426,0;JLP;4;0,0;265
2018-12-20 00:00:00.000;607,0;JLP;4;0,0;266
2018-12-20 00:00:00.000;359,0;JLP;1;0,0;267
2018-12-20 00:00:00.000;489,0;JLP;4;0,0;268
2018-12-20 00:00:00.000;353,0;JLP;1;151,9;269
2018-12-20 00:00:00.000;598,0;JLP;4;0,0;270
2018-12-20 00:00:00.000;342,0;JLP;3;0,0;271
2018-12-20 00:00:00.000;516,0;JLP;3;0,0;272
2018-12-20 00:00:00.000;416,0;JLP;3;0,0;273
2018-12-20 00:00:00.000;359,0;JLP;4;0,0;274
2018-12-20 00:00:00.000;303,0;JLP;3;0,0;275
2018-12-20 00:00:00.000;187,0;JLP;;0,0;276
2018-12-20 00:00:00.000;608,0;JLP;1;0,0;277
2018-12-20 00:00:00.000;172,0;JLP;4;0,0;278
2018-12-20 00:00:00.000;186,0;JLP;3;0,0;279
2018-12-20 00:00:00.000;316,0;JLP;;0,0;280
2018-12-20 00:00:00.000;583,0;JLP;4;0,0;281
2018-12-20 00:00:00.000;460,0;JLP;;0,0;282
2018-12-20 00:00:00.000;326,0;JLP;4;0,0;283
2018-12-20 00:00:00.000;486,0;JLP;4;57,7;284
2018-12-20 00:00:00.000;345,0;JLP;;0,0;285
2018-12-20 00:00:00.000;575,0;JLP;;0,0;286
2018-12-20 00:00:00.000;495,0;JLP;1;39,9;287
2018-12-20 00:00:00.000;591,0;JLP;;0,0;288
2018-12-20 00:00:00.000;278,0;JLP;1;56,9;289
2018-12-20 00:00:00.000;451,0;JLP;;0,0;290
2018-12-20 00:00:00.000;423,0;JLP;1;0,0;291
2018-12-20 00:00:00.000;599,0;JLP;4;0,0;292
2018-12-20 00:00:00.000;351,0;JLP;4;0,0;293
2018-12-20 00:00:00.000;463,0;JLP;1;0,0;294
2018-12-20 00:00:00.000;513,0;JLP;4;0,0;295
2018-12-20 00:00:00.000;327,0;JLP;4;0,0;296
2018-12-20 00:00:00.000;355,0;JLP;;0,0;297
2018-12-20 00:00:00.000;141,0;JLP;4;0,0;298
2018-12-20 00:00:00.000;296,0;JLP;4;0,0;299
2018-12-20 00:00:00.000;354,0;JLP;1;0,0;300
2018-12-20 00:00:00.000;458,0;JLP;1;0,0;301
2018-12-20 00:00:00.000;395,0;JLP;4;0,0;302
2018-12-20 00:00:00.000;141,0;JLP;1;0,0;303
2018-12-21 00:00:00.000;349,0;JLP;3;0,0;304
2018-12-21 00:00:00.000;269,0;JLP;3;0,0;305
2018-12-21 00:00:00.000;368,0;JLP;4;0,0;306
2018-12-21 00:00:00.000;334,0;JLP;4;0,0;307
2018-12-21 00:00:00.000;331,0;JLP;1;0,0;308
2018-12-21 00:00:00.000;119,0;JLP;1;0,0;309
2018-12-21 00:00:00.000;364,0;JLP;1;0,0;310
2018-12-21 00:00:00.000;440,0;JLP;3;0,0;311
2018-12-21 00:00:00.000;170,0;JLP;4;0,0;312
2018-12-21 00:00:00.000;247,0;JLP;1;0,0;313
2018-12-21 00:00:00.000;582,0;JLP;4;0,0;314
2018-12-21 00:00:00.000;372,0;JLP;4;0,0;315
2018-12-21 00:00:00.000;553,0;JLP;3;0,0;316
2018-12-21 00:00:00.000;511,0;JLP;4;0,0;317
2018-12-21 00:00:00.000;361,0;JLP;4;0,0;318
2018-12-21 00:00:00.000;213,0;JLP;4;0,0;319
2018-12-21 00:00:00.000;599,0;JLP;3;0,0;320
2018-12-21 00:00:00.000;481,0;JLP;3;0,0;321
2018-12-21 00:00:00.000;441,0;JLP;3;0,0;322
2018-12-21 00:00:00.000;602,0;JLP;4;0,0;323
2018-12-21 00:00:00.000;454,0;JLP;1;0,0;324
2018-12-21 00:00:00.000;587,0;JLP;4;0,0;325
2018-12-21 00:00:00.000;308,0;JLP;1;0,0;326
2018-12-21 00:00:00.000;562,0;JLP;1;34,9;327
2018-12-21 00:00:00.000;571,0;JLP;4;0,0;328
2018-12-21 00:00:00.000;266,0;JLP;1;0,0;329
2018-12-21 00:00:00.000;128,0;JLP;4;0,0;330
2018-12-21 00:00:00.000;127,0;JLP;4;0,0;331
2018-12-21 00:00:00.000;520,0;JLP;4;0,0;332
2018-12-21 00:00:00.000;266,0;JLP;1;0,0;333
2018-12-21 00:00:00.000;231,0;JLP;4;0,0;334
2018-12-21 00:00:00.000;295,0;JLP;3;0,0;335
2018-12-21 00:00:00.000;335,0;JLP;3;0,0;336
2018-12-21 00:00:00.000;601,0;JLP;4;0,0;337
2018-12-21 00:00:00.000;508,0;JLP;4;0,0;338
2018-12-21 00:00:00.000;396,0;JLP;1;0,0;339
2018-12-21 00:00:00.000;527,0;JLP;1;0,0;340
2018-12-21 00:00:00.000;545,0;JLP;1;0,0;341
2018-12-21 00:00:00.000;399,0;JLP;3;0,0;342
2018-12-21 00:00:00.000;525,0;JLP;4;0,0;343
2018-12-21 00:00:00.000;246,0;JLP;1;0,0;344
2018-12-21 00:00:00.000;228,0;JLP;4;0,0;345
2018-12-21 00:00:00.000;375,0;JLP;3;0,0;346
2018-12-21 00:00:00.000;588,0;JLP;1;0,0;347
2018-12-21 00:00:00.000;387,0;JLP;1;0,0;348
2018-12-21 00:00:00.000;322,0;JLP;4;0,0;349
2018-12-21 00:00:00.000;161,0;JLP;4;0,0;350
2018-12-21 00:00:00.000;525,0;JLP;1;0,0;351
2018-12-21 00:00:00.000;419,0;JLP;4;0,0;352
2018-12-21 00:00:00.000;486,0;JLP;1;0,0;353
2018-12-21 00:00:00.000;453,0;JLP;;0,0;354
2018-12-21 00:00:00.000;446,0;JLP;1;24,9;355
2018-12-21 00:00:00.000;180,0;JLP;1;0,0;356
2018-12-21 00:00:00.000;468,0;JLP;1;0,0;357
2018-12-21 00:00:00.000;342,0;JLP;3;0,0;358
2018-12-21 00:00:00.000;553,0;JLP;1;0,0;359
2018-12-21 00:00:00.000;331,0;JLP;3;0,0;360
2018-12-21 00:00:00.000;376,0;JLP;3;0,0;361
2018-12-21 00:00:00.000;384,0;JLP;4;0,0;362
2018-12-21 00:00:00.000;540,0;JLP;1;0,0;363
2018-12-21 00:00:00.000;426,0;JLP;4;0,0;364
2018-12-21 00:00:00.000;291,0;JLP;;0,0;365
2018-12-21 00:00:00.000;367,0;JLP;4;0,0;366
2018-12-21 00:00:00.000;195,0;JLP;3;0,0;367
2018-12-21 00:00:00.000;117,0;JLP;3;0,0;368
2018-12-21 00:00:00.000;218,0;JLP;3;0,0;369
2018-12-21 00:00:00.000;395,0;JLP;3;0,0;370
2018-12-21 00:00:00.000;210,0;JLP;1;0,0;371
2018-12-21 00:00:00.000;142,0;JLP;1;0,0;372
2018-12-21 00:00:00.000;404,0;JLP;3;0,0;373
2018-12-21 00:00:00.000;426,0;JLP;1;0,0;374
2018-12-21 00:00:00.000;385,0;JLP;3;0,0;375
2018-12-21 00:00:00.000;163,0;JLP;4;0,0;376
2018-12-21 00:00:00.000;485,0;JLP;3;0,0;377
2018-12-21 00:00:00.000;525,0;JLP;;0,0;378
2018-12-21 00:00:00.000;521,0;JLP;3;0,0;379
2018-12-21 00:00:00.000;438,0;JLP;4;0,0;380
2018-12-21 00:00:00.000;133,0;JLP;1;0,0;381
2018-12-21 00:00:00.000;308,0;JLP;4;0,0;382
2018-12-21 00:00:00.000;189,0;JLP;1;0,0;383
2018-12-21 00:00:00.000;218,0;JLP;1;0,0;384
2018-12-21 00:00:00.000;206,0;JLP;3;0,0;385
2018-12-21 00:00:00.000;190,0;JLP;4;0,0;386
2018-12-21 00:00:00.000;270,0;JLP;1;0,0;387
2018-12-21 00:00:00.000;193,0;JLP;1;0,0;388
2018-12-21 00:00:00.000;349,0;JLP;1;0,0;389
2018-12-21 00:00:00.000;584,0;JLP;4;0,0;390
2018-12-21 00:00:00.000;410,0;JLP;1;0,0;391
2018-12-21 00:00:00.000;521,0;JLP;4;0,0;392
2018-12-21 00:00:00.000;154,0;JLP;3;0,0;393
2018-12-21 00:00:00.000;283,0;JLP;4;0,0;394
2018-12-21 00:00:00.000;531,0;JLP;4;0,0;395
2018-12-21 00:00:00.000;384,0;JLP;4;0,0;396
2018-12-21 00:00:00.000;479,0;JLP;1;0,0;397
2018-12-21 00:00:00.000;131,0;JLP;3;0,0;398
2018-12-21 00:00:00.000;230,0;JLP;3;0,0;399
2018-12-21 00:00:00.000;154,0;JLP;1;0,0;400
2018-12-21 00:00:00.000;464,0;JLP;1;0,0;401
2018-12-21 00:00:00.000;237,0;JLP;4;0,0;402
2018-12-21 00:00:00.000;115,0;JLP;4;0,0;403
2018-12-21 00:00:00.000;147,0;JLP;4;0,0;404
2018-12-21 00:00:00.000;288,0;JLP;4;0,0;405
2018-12-21 00:00:00.000;536,0;JLP;4;0,0;406
2018-12-21 00:00:00.000;464,0;JLP;4;0,0;407
2018-12-21 00:00:00.000;489,0;JLP;1;0,0;408
2018-12-21 00:00:00.000;340,0;JLP;3;0,0;409
2018-12-21 00:00:00.000;376,0;JLP;3;0,0;410
2018-12-21 00:00:00.000;489,0;JLP;3;0,0;411
2018-12-21 00:00:00.000;120,0;JLP;4;0,0;412
2018-12-21 00:00:00.000;565,0;JLP;4;0,0;413
2018-12-21 00:00:00.000;205,0;JLP;3;0,0;414
2018-12-21 00:00:00.000;480,0;JLP;3;0,0;415
2018-12-21 00:00:00.000;372,0;JLP;1;0,0;416
2018-12-21 00:00:00.000;226,0;JLP;4;0,0;417
2018-12-21 00:00:00.000;361,0;JLP;3;0,0;418
2018-12-21 00:00:00.000;265,0;JLP;1;0,0;419
2018-12-21 00:00:00.000;322,0;JLP;1;0,0;420
2018-12-21 00:00:00.000;262,0;JLP;1;0,0;421
2018-12-21 00:00:00.000;220,0;JLP;1;0,0;422
2018-12-21 00:00:00.000;310,0;JLP;1;0,0;423
2018-12-21 00:00:00.000;118,0;JLP;1;0,0;424
2018-12-21 00:00:00.000;270,0;JLP;4;0,0;425
2018-12-21 00:00:00.000;607,0;JLP;4;0,0;426
2018-12-21 00:00:00.000;584,0;JLP;1;0,0;427
2018-12-21 00:00:00.000;443,0;JLP;1;0,0;428
2018-12-21 00:00:00.000;332,0;JLP;1;0,0;429
2018-12-21 00:00:00.000;394,0;JLP;;0,0;430
2018-12-21 00:00:00.000;508,0;JLP;4;0,0;431
2018-12-21 00:00:00.000;578,0;JLP;1;0,0;432
2018-12-21 00:00:00.000;475,0;JLP;4;0,0;433
2018-12-21 00:00:00.000;539,0;JLP;3;0,0;434
2018-12-21 00:00:00.000;607,0;JLP;4;0,0;435
2018-12-21 00:00:00.000;450,0;JLP;3;0,0;436
2018-12-21 00:00:00.000;289,0;JLP;4;0,0;437
2018-12-21 00:00:00.000;214,0;JLP;4;0,0;438
2018-12-21 00:00:00.000;172,0;JLP;4;0,0;439
2018-12-21 00:00:00.000;143,0;JLP;3;0,0;440
2018-12-21 00:00:00.000;119,0;JLP;1;0,0;441
2018-12-21 00:00:00.000;540,0;JLP;4;0,0;442
2018-12-21 00:00:00.000;113,0;JLP;3;0,0;443
2018-12-21 00:00:00.000;573,0;JLP;4;0,0;444
2018-12-21 00:00:00.000;514,0;JLP;1;0,0;445
2018-12-21 00:00:00.000;382,0;JLP;1;0,0;446
2018-12-21 00:00:00.000;538,0;JLP;3;0,0;447
2018-12-21 00:00:00.000;447,0;JLP;1;0,0;448
2018-12-21 00:00:00.000;274,0;JLP;;0,0;449
2018-12-21 00:00:00.000;559,0;JLP;3;0,0;450
2018-12-21 00:00:00.000;139,0;JLP;1;0,0;451
2018-12-21 00:00:00.000;477,0;JLP;1;0,0;452
2018-12-21 00:00:00.000;552,0;JLP;4;0,0;453
2018-12-21 00:00:00.000;315,0;JLP;4;0,0;454
2018-12-21 00:00:00.000;127,0;JLP;3;0,0;455
2018-12-21 00:00:00.000;337,0;JLP;3;0,0;456
2018-12-21 00:00:00.000;370,0;JLP;1;0,0;457
2018-12-21 00:00:00.000;186,0;JLP;1;0,0;458
2018-12-21 00:00:00.000;355,0;JLP;1;0,0;459
2018-12-21 00:00:00.000;132,0;JLP;3;0,0;460
2018-12-21 00:00:00.000;206,0;JLP;4;0,0;461
2018-12-21 00:00:00.000;293,0;JLP;3;0,0;462
2018-12-21 00:00:00.000;268,0;JLP;3;0,0;463
2018-12-21 00:00:00.000;341,0;JLP;4;0,0;464
2018-12-21 00:00:00.000;196,0;JLP;;0,0;465
2018-12-21 00:00:00.000;497,0;JLP;1;0,0;466
2018-12-21 00:00:00.000;350,0;JLP;1;0,0;467
2018-12-21 00:00:00.000;524,0;JLP;4;0,0;468
2018-12-21 00:00:00.000;205,0;JLP;1;0,0;469
2018-12-21 00:00:00.000;433,0;JLP;4;0,0;470
2018-12-21 00:00:00.000;528,0;JLP;1;0,0;471
2018-12-21 00:00:00.000;426,0;JLP;4;0,0;472
2018-12-21 00:00:00.000;300,0;JLP;1;0,0;473
2018-12-21 00:00:00.000;239,0;JLP;4;0,0;474
2018-12-22 00:00:00.000;171,0;JLP;4;0,0;475
2018-12-22 00:00:00.000;219,0;JLP;1;-104,7;476
2018-12-22 00:00:00.000;404,0;JLP;4;0,0;477
2018-12-22 00:00:00.000;308,0;JLP;1;0,0;478
2018-12-22 00:00:00.000;413,0;JLP;1;0,0;479
2018-12-22 00:00:00.000;428,0;JLP;4;0,0;480
2018-12-22 00:00:00.000;410,0;JLP;1;0,0;481
2018-12-22 00:00:00.000;602,0;JLP;4;0,0;482
2018-12-22 00:00:00.000;345,0;JLP;1;0,0;483
2018-12-22 00:00:00.000;249,0;JLP;4;0,0;484
2018-12-22 00:00:00.000;351,0;JLP;4;0,0;485
2018-12-22 00:00:00.000;115,0;JLP;1;0,0;486
2018-12-22 00:00:00.000;442,0;JLP;1;0,0;487
2018-12-22 00:00:00.000;447,0;JLP;1;0,0;488
2018-12-22 00:00:00.000;242,0;JLP;4;0,0;489
2018-12-22 00:00:00.000;265,0;JLP;4;0,0;490
2018-12-22 00:00:00.000;302,0;JLP;4;0,0;491
2018-12-22 00:00:00.000;377,0;JLP;4;0,0;492
2018-12-22 00:00:00.000;604,0;JLP;4;0,0;493
2018-12-22 00:00:00.000;435,0;JLP;1;0,0;494
2018-12-22 00:00:00.000;467,0;JLP;4;0,0;495
2018-12-22 00:00:00.000;288,0;JLP;4;0,0;496
2018-12-22 00:00:00.000;337,0;JLP;1;0,0;497
2018-12-22 00:00:00.000;128,0;JLP;4;0,0;498
2018-12-22 00:00:00.000;247,0;JLP;4;0,0;499
2018-12-22 00:00:00.000;358,0;JLP;1;0,0;500
2018-12-22 00:00:00.000;396,0;JLP;4;0,0;501
2018-12-22 00:00:00.000;425,0;JLP;1;0,0;502
2018-12-22 00:00:00.000;360,0;JLP;4;0,0;503
2018-12-22 00:00:00.000;506,0;JLP;1;0,0;504
2018-12-22 00:00:00.000;160,0;JLP;4;0,0;505
2018-12-22 00:00:00.000;540,0;JLP;4;0,0;506
2018-12-22 00:00:00.000;461,0;JLP;1;0,0;507
2018-12-22 00:00:00.000;503,0;JLP;1;35,9;508
2018-12-22 00:00:00.000;160,0;JLP;1;0,0;509
2018-12-22 00:00:00.000;540,0;JLP;4;0,0;510
2018-12-22 00:00:00.000;425,0;JLP;;0,0;511
2018-12-22 00:00:00.000;577,0;JLP;4;0,0;512
2018-12-22 00:00:00.000;164,0;JLP;4;0,0;513
2018-12-22 00:00:00.000;221,0;JLP;1;0,0;514
2018-12-22 00:00:00.000;572,0;JLP;4;0,0;515
2018-12-22 00:00:00.000;528,0;JLP;1;0,0;516
2018-12-22 00:00:00.000;184,0;JLP;4;0,0;517
2018-12-22 00:00:00.000;199,0;JLP;4;0,0;518
2018-12-22 00:00:00.000;481,0;JLP;;140,6;519
2018-12-22 00:00:00.000;225,0;JLP;4;0,0;520
2018-12-22 00:00:00.000;470,0;JLP;;0,0;521
2018-12-22 00:00:00.000;412,0;JLP;4;0,0;522
2018-12-22 00:00:00.000;470,0;JLP;4;0,0;523
2018-12-22 00:00:00.000;242,0;JLP;4;0,0;524
2018-12-22 00:00:00.000;368,0;JLP;4;0,0;525
2018-12-22 00:00:00.000;608,0;JLP;1;0,0;526
2018-12-22 00:00:00.000;380,0;JLP;4;0,0;527
2018-12-22 00:00:00.000;380,0;JLP;4;0,0;528
2018-12-22 00:00:00.000;287,0;JLP;4;0,0;529
2018-12-22 00:00:00.000;469,0;JLP;4;0,0;530
2018-12-22 00:00:00.000;147,0;JLP;4;0,0;531
2018-12-22 00:00:00.000;209,0;JLP;4;0,0;532
2018-12-22 00:00:00.000;161,0;JLP;4;0,0;533
2018-12-22 00:00:00.000;333,0;JLP;4;0,0;534
2018-12-22 00:00:00.000;493,0;JLP;4;0,0;535
2018-12-22 00:00:00.000;223,0;JLP;;0,0;536
2018-12-22 00:00:00.000;143,0;JLP;1;0,0;537
2018-12-22 00:00:00.000;428,0;JLP;1;0,0;538
2018-12-22 00:00:00.000;349,0;JLP;4;0,0;539
2018-12-22 00:00:00.000;306,0;JLP;4;0,0;540
2018-12-22 00:00:00.000;447,0;JLP;4;0,0;541
2018-12-22 00:00:00.000;378,0;JLP;1;0,0;542
2018-12-22 00:00:00.000;362,0;JLP;4;0,0;543
2018-12-22 00:00:00.000;225,0;JLP;1;0,0;544
2018-12-22 00:00:00.000;571,0;JLP;4;0,0;545
2018-12-22 00:00:00.000;189,0;JLP;4;0,0;546
2018-12-22 00:00:00.000;274,0;JLP;4;0,0;547
2018-12-22 00:00:00.000;484,0;JLP;1;0,0;548
2018-12-22 00:00:00.000;610,0;JLP;4;0,0;549
2018-12-22 00:00:00.000;478,0;JLP;4;0,0;550
2018-12-22 00:00:00.000;122,0;JLP;;0,0;551
2018-12-22 00:00:00.000;311,0;JLP;4;0,0;552
2018-12-22 00:00:00.000;433,0;JLP;4;0,0;553
2018-12-22 00:00:00.000;603,0;JLP;4;0,0;554
2018-12-22 00:00:00.000;330,0;JLP;4;0,0;555
2018-12-22 00:00:00.000;478,0;JLP;4;0,0;556
2018-12-22 00:00:00.000;202,0;JLP;4;0,0;557
2018-12-22 00:00:00.000;488,0;JLP;4;0,0;558
2018-12-22 00:00:00.000;442,0;JLP;4;0,0;559
2018-12-22 00:00:00.000;474,0;JLP;1;0,0;560
2018-12-22 00:00:00.000;132,0;JLP;4;0,0;561
2018-12-22 00:00:00.000;161,0;JLP;4;0,0;562
2018-12-22 00:00:00.000;430,0;JLP;1;0,0;563
2018-12-22 00:00:00.000;538,0;JLP;4;0,0;564
2018-12-22 00:00:00.000;123,0;JLP;4;0,0;565
2018-12-22 00:00:00.000;467,0;JLP;1;0,0;566
2018-12-22 00:00:00.000;603,0;JLP;4;0,0;567
2018-12-22 00:00:00.000;259,0;JLP;4;0,0;568
2018-12-22 00:00:00.000;599,0;JLP;4;0,0;569
2018-12-22 00:00:00.000;215,0;JLP;4;0,0;570
2018-12-22 00:00:00.000;200,0;JLP;1;0,0;571
2018-12-22 00:00:00.000;358,0;JLP;1;0,0;572
2018-12-22 00:00:00.000;215,0;JLP;4;0,0;573
2018-12-22 00:00:00.000;369,0;JLP;4;0,0;574
2018-12-22 00:00:00.000;235,0;JLP;4;0,0;575
2018-12-22 00:00:00.000;263,0;JLP;4;0,0;576
2018-12-22 00:00:00.000;570,0;JLP;4;0,0;577
2018-12-22 00:00:00.000;180,0;JLP;1;0,0;578
2018-12-22 00:00:00.000;295,0;JLP;3;0,0;579
2018-12-22 00:00:00.000;587,0;JLP;1;0,0;580
2018-12-22 00:00:00.000;330,0;JLP;3;0,0;581
2018-12-22 00:00:00.000;141,0;JLP;1;0,0;582
2018-12-22 00:00:00.000;589,0;JLP;4;0,0;583
2018-12-22 00:00:00.000;192,0;JLP;1;0,0;584
2018-12-22 00:00:00.000;381,0;JLP;1;0,0;585
2018-12-22 00:00:00.000;510,0;JLP;3;0,0;586
2018-12-22 00:00:00.000;218,0;JLP;3;0,0;587
2018-12-22 00:00:00.000;180,0;JLP;1;0,0;588
2018-12-22 00:00:00.000;250,0;JLP;4;0,0;589
2018-12-22 00:00:00.000;119,0;JLP;1;0,0;590
2018-12-22 00:00:00.000;111,0;JLP;4;0,0;591
2018-12-22 00:00:00.000;437,0;JLP;4;0,0;592
2018-12-22 00:00:00.000;319,0;JLP;1;0,0;593
2018-12-22 00:00:00.000;189,0;JLP;1;0,0;594
2018-12-22 00:00:00.000;610,0;JLP;1;0,0;595
2018-12-22 00:00:00.000;129,0;JLP;;0,0;596
2018-12-22 00:00:00.000;223,0;JLP;3;0,0;597
2018-12-22 00:00:00.000;300,0;JLP;3;0,0;598
2018-12-22 00:00:00.000;313,0;JLP;3;0,0;599
2018-12-22 00:00:00.000;323,0;JLP;3;0,0;600
2018-12-22 00:00:00.000;444,0;JLP;1;0,0;601
2018-12-22 00:00:00.000;491,0;JLP;1;0,0;602
2018-12-22 00:00:00.000;334,0;JLP;4;0,0;603
2018-12-22 00:00:00.000;494,0;JLP;3;0,0;604
2018-12-22 00:00:00.000;479,0;JLP;3;0,0;605
2018-12-22 00:00:00.000;495,0;JLP;1;0,0;606
2018-12-22 00:00:00.000;116,0;JLP;1;0,0;607
2018-12-22 00:00:00.000;593,0;JLP;1;0,0;608
2018-12-22 00:00:00.000;259,0;JLP;1;0,0;609
2018-12-22 00:00:00.000;533,0;JLP;4;0,0;610
2018-12-22 00:00:00.000;354,0;JLP;1;0,0;611
2018-12-22 00:00:00.000;584,0;JLP;4;0,0;612
2018-12-22 00:00:00.000;331,0;JLP;1;0,0;613
2018-12-22 00:00:00.000;404,0;JLP;4;0,0;614
2018-12-22 00:00:00.000;488,0;JLP;1;0,0;615
2018-12-22 00:00:00.000;221,0;JLP;1;0,0;616
2018-12-22 00:00:00.000;336,0;JLP;1;0,0;617
2018-12-22 00:00:00.000;208,0;JLP;1;0,0;618
2018-12-22 00:00:00.000;580,0;JLP;1;0,0;619
2018-12-22 00:00:00.000;377,0;JLP;3;0,0;620
2018-12-22 00:00:00.000;175,0;JLP;1;0,0;621
2018-12-22 00:00:00.000;127,0;JLP;4;0,0;622
2018-12-22 00:00:00.000;278,0;JLP;1;0,0;623
2018-12-22 00:00:00.000;592,0;JLP;1;0,0;624
2018-12-22 00:00:00.000;497,0;JLP;1;0,0;625
2018-12-22 00:00:00.000;186,0;JLP;1;0,0;626
2018-12-22 00:00:00.000;406,0;JLP;3;0,0;627
2018-12-22 00:00:00.000;249,0;JLP;3;0,0;628
2018-12-22 00:00:00.000;268,0;JLP;1;0,0;629
2018-12-22 00:00:00.000;228,0;JLP;3;0,0;630
2018-12-22 00:00:00.000;421,0;JLP;1;0,0;631
2018-12-22 00:00:00.000;349,0;JLP;4;0,0;632
2018-12-22 00:00:00.000;580,0;JLP;1;0,0;633
2018-12-22 00:00:00.000;175,0;JLP;4;0,0;634
2018-12-22 00:00:00.000;165,0;JLP;1;0,0;635
2018-12-22 00:00:00.000;349,0;JLP;1;0,0;636
2018-12-22 00:00:00.000;568,0;JLP;3;0,0;637
2018-12-22 00:00:00.000;172,0;JLP;4;0,0;638
2018-12-22 00:00:00.000;213,0;JLP;3;0,0;639
2018-12-22 00:00:00.000;356,0;JLP;1;0,0;640
2018-12-22 00:00:00.000;409,0;JLP;1;0,0;641
2018-12-22 00:00:00.000;302,0;JLP;4;0,0;642
2018-12-22 00:00:00.000;351,0;JLP;1;0,0;643
2018-12-22 00:00:00.000;474,0;JLP;1;0,0;644
2018-12-22 00:00:00.000;134,0;JLP;3;0,0;645
2018-12-22 00:00:00.000;551,0;JLP;4;0,0;646
2018-12-23 00:00:00.000;314,0;JLP;1;0,0;647
2018-12-23 00:00:00.000;503,0;JLP;3;0,0;648
2018-12-23 00:00:00.000;169,0;JLP;3;0,0;649
2018-12-23 00:00:00.000;568,0;JLP;4;0,0;650
2018-12-23 00:00:00.000;250,0;JLP;3;0,0;651
2018-12-23 00:00:00.000;476,0;JLP;3;0,0;652
2018-12-23 00:00:00.000;458,0;JLP;1;0,0;653
2018-12-23 00:00:00.000;266,0;JLP;4;0,0;654
2018-12-23 00:00:00.000;370,0;JLP;3;0,0;655
2018-12-23 00:00:00.000;595,0;JLP;3;0,0;656
2018-12-23 00:00:00.000;273,0;JLP;1;0,0;657
2018-12-23 00:00:00.000;514,0;JLP;1;0,0;658
2018-12-23 00:00:00.000;374,0;JLP;4;0,0;659
2018-12-23 00:00:00.000;142,0;JLP;3;0,0;660
2018-12-23 00:00:00.000;250,0;JLP;1;0,0;661
2018-12-23 00:00:00.000;388,0;JLP;4;0,0;662
2018-12-23 00:00:00.000;197,0;JLP;1;0,0;663
2018-12-23 00:00:00.000;237,0;JLP;1;0,0;664
2018-12-23 00:00:00.000;409,0;JLP;3;0,0;665
2018-12-23 00:00:00.000;464,0;JLP;3;0,0;666
2018-12-23 00:00:00.000;255,0;JLP;4;0,0;667
2018-12-23 00:00:00.000;483,0;JLP;4;0,0;668
2018-12-23 00:00:00.000;575,0;JLP;4;0,0;669
2018-12-23 00:00:00.000;442,0;JLP;1;0,0;670
2018-12-23 00:00:00.000;155,0;JLP;;0,0;671
2018-12-23 00:00:00.000;277,0;JLP;3;0,0;672
2018-12-23 00:00:00.000;449,0;JLP;3;0,0;673
2018-12-23 00:00:00.000;495,0;JLP;4;0,0;674
2018-12-23 00:00:00.000;245,0;JLP;3;0,0;675
2018-12-23 00:00:00.000;496,0;JLP;3;0,0;676
2018-12-23 00:00:00.000;209,0;JLP;4;0,0;677
2018-12-23 00:00:00.000;111,0;JLP;1;0,0;678
2018-12-23 00:00:00.000;533,0;JLP;1;0,0;679
2018-12-23 00:00:00.000;399,0;JLP;4;0,0;680
2018-12-23 00:00:00.000;383,0;JLP;3;0,0;681
2018-12-23 00:00:00.000;271,0;JLP;4;0,0;682
2018-12-23 00:00:00.000;452,0;JLP;3;0,0;683
2018-12-23 00:00:00.000;466,0;JLP;3;0,0;684
2018-12-23 00:00:00.000;477,0;JLP;4;0,0;685
2018-12-23 00:00:00.000;167,0;JLP;1;0,0;686
2018-12-23 00:00:00.000;396,0;JLP;1;0,0;687
2018-12-23 00:00:00.000;582,0;JLP;1;0,0;688
2018-12-23 00:00:00.000;228,0;JLP;4;0,0;689
2018-12-23 00:00:00.000;139,0;JLP;3;0,0;690
2018-12-23 00:00:00.000;243,0;JLP;4;0,0;691
2018-12-23 00:00:00.000;458,0;JLP;3;0,0;692
2018-12-23 00:00:00.000;451,0;JLP;4;0,0;693
2018-12-23 00:00:00.000;268,0;JLP;4;0,0;694
2018-12-23 00:00:00.000;516,0;JLP;3;0,0;695
2018-12-23 00:00:00.000;130,0;JLP;3;0,0;696
2018-12-23 00:00:00.000;520,0;JLP;4;0,0;697
2018-12-23 00:00:00.000;415,0;JLP;4;0,0;698
2018-12-23 00:00:00.000;221,0;JLP;1;0,0;699
2018-12-23 00:00:00.000;180,0;JLP;4;0,0;700
2018-12-23 00:00:00.000;259,0;JLP;3;0,0;701
2018-12-23 00:00:00.000;558,0;JLP;4;0,0;702
2018-12-23 00:00:00.000;314,0;JLP;4;0,0;703
2018-12-23 00:00:00.000;215,0;JLP;1;0,0;704
2018-12-23 00:00:00.000;285,0;JLP;4;0,0;705
2018-12-23 00:00:00.000;126,0;JLP;4;0,0;706
2018-12-23 00:00:00.000;340,0;JLP;3;0,0;707
2018-12-23 00:00:00.000;132,0;JLP;1;0,0;708
2018-12-23 00:00:00.000;561,0;JLP;1;0,0;709
2018-12-23 00:00:00.000;167,0;JLP;4;56,9;710
2018-12-23 00:00:00.000;181,0;JLP;3;0,0;711
2018-12-23 00:00:00.000;127,0;JLP;4;0,0;712
2018-12-23 00:00:00.000;466,0;JLP;4;0,0;713
2018-12-23 00:00:00.000;240,0;JLP;4;0,0;714
2018-12-23 00:00:00.000;522,0;JLP;4;0,0;715
2018-12-23 00:00:00.000;483,0;JLP;4;0,0;716
2018-12-23 00:00:00.000;598,0;JLP;3;0,0;717
2018-12-23 00:00:00.000;534,0;JLP;3;0,0;718
2018-12-23 00:00:00.000;266,0;JLP;1;0,0;719
2018-12-23 00:00:00.000;451,0;JLP;3;0,0;720
2018-12-23 00:00:00.000;242,0;JLP;1;0,0;721
2018-12-23 00:00:00.000;348,0;JLP;1;0,0;722
2018-12-23 00:00:00.000;476,0;JLP;4;0,0;723
2018-12-23 00:00:00.000;388,0;JLP;3;0,0;724
2018-12-23 00:00:00.000;326,0;JLP;4;0,0;725
2018-12-23 00:00:00.000;461,0;JLP;3;0,0;726
2018-12-23 00:00:00.000;536,0;JLP;1;0,0;727
2018-12-23 00:00:00.000;369,0;JLP;3;0,0;728
2018-12-23 00:00:00.000;331,0;JLP;4;0,0;729
2018-12-23 00:00:00.000;317,0;JLP;4;0,0;730
2018-12-23 00:00:00.000;501,0;JLP;;0,0;731
2018-12-23 00:00:00.000;418,0;JLP;1;0,0;732
2018-12-23 00:00:00.000;123,0;JLP;1;0,0;733
2018-12-23 00:00:00.000;552,0;JLP;1;0,0;734
2018-12-23 00:00:00.000;119,0;JLP;4;0,0;735
2018-12-23 00:00:00.000;456,0;JLP;3;0,0;736
2018-12-23 00:00:00.000;500,0;JLP;4;0,0;737
2018-12-23 00:00:00.000;111,0;JLP;4;0,0;738
2018-12-23 00:00:00.000;359,0;JLP;4;0,0;739
2018-12-23 00:00:00.000;385,0;JLP;1;0,0;740
2018-12-23 00:00:00.000;117,0;JLP;4;0,0;741
2018-12-23 00:00:00.000;238,0;JLP;4;0,0;742
2018-12-23 00:00:00.000;224,0;JLP;1;0,0;743
2018-12-23 00:00:00.000;312,0;JLP;3;0,0;744
2018-12-23 00:00:00.000;345,0;JLP;4;0,0;745
2018-12-23 00:00:00.000;243,0;JLP;3;0,0;746
2018-12-23 00:00:00.000;270,0;JLP;3;0,0;747
2018-12-23 00:00:00.000;185,0;JLP;3;0,0;748
2018-12-23 00:00:00.000;169,0;JLP;4;0,0;749
2018-12-23 00:00:00.000;542,0;JLP;4;0,0;750
2018-12-23 00:00:00.000;401,0;JLP;4;0,0;751
2018-12-23 00:00:00.000;490,0;JLP;4;0,0;752
2018-12-23 00:00:00.000;577,0;JLP;1;0,0;753
2018-12-23 00:00:00.000;388,0;JLP;3;0,0;754
2018-12-23 00:00:00.000;537,0;JLP;3;0,0;755
2018-12-23 00:00:00.000;288,0;JLP;3;35,9;756
2018-12-23 00:00:00.000;479,0;JLP;1;0,0;757
2018-12-23 00:00:00.000;261,0;JLP;4;0,0;758
2018-12-23 00:00:00.000;222,0;JLP;4;0,0;759
2018-12-23 00:00:00.000;111,0;JLP;4;0,0;760
2018-12-23 00:00:00.000;385,0;JLP;1;0,0;761
2018-12-23 00:00:00.000;318,0;JLP;3;99,9;762
2018-12-23 00:00:00.000;410,0;JLP;4;0,0;763
2018-12-23 00:00:00.000;576,0;JLP;4;0,0;764
2018-12-23 00:00:00.000;406,0;JLP;4;0,0;765
2018-12-23 00:00:00.000;480,0;JLP;1;0,0;766
2018-12-23 00:00:00.000;482,0;JLP;4;0,0;767
2018-12-23 00:00:00.000;333,0;JLP;4;0,0;768
2018-12-23 00:00:00.000;429,0;JLP;4;0,0;769
2018-12-23 00:00:00.000;156,0;JLP;3;0,0;770
2018-12-23 00:00:00.000;218,0;JLP;4;0,0;771
2018-12-23 00:00:00.000;394,0;JLP;4;0,0;772
2018-12-23 00:00:00.000;227,0;JLP;3;0,0;773
2018-12-23 00:00:00.000;200,0;JLP;4;0,0;774
2018-12-23 00:00:00.000;529,0;JLP;1;0,0;775
2018-12-23 00:00:00.000;593,0;JLP;1;0,0;776
2018-12-23 00:00:00.000;603,0;JLP;3;0,0;777
2018-12-23 00:00:00.000;606,0;JLP;4;0,0;778
2018-12-23 00:00:00.000;226,0;JLP;4;0,0;779
2018-12-23 00:00:00.000;228,0;JLP;4;0,0;780
2018-12-23 00:00:00.000;245,0;JLP;3;0,0;781
2018-12-23 00:00:00.000;419,0;JLP;4;0,0;782
2018-12-23 00:00:00.000;366,0;JLP;4;0,0;783
2018-12-23 00:00:00.000;134,0;JLP;4;0,0;784
2018-12-23 00:00:00.000;482,0;JLP;3;0,0;785
2018-12-23 00:00:00.000;521,0;JLP;4;0,0;786
2018-12-23 00:00:00.000;230,0;JLP;3;0,0;787
2018-12-23 00:00:00.000;255,0;JLP;3;0,0;788
2018-12-23 00:00:00.000;308,0;JLP;4;0,0;789
2018-12-23 00:00:00.000;537,0;JLP;1;0,0;790
2018-12-23 00:00:00.000;612,0;JLP;1;0,0;791
2018-12-23 00:00:00.000;221,0;JLP;1;0,0;792
2018-12-23 00:00:00.000;165,0;JLP;1;0,0;793
2018-12-23 00:00:00.000;565,0;JLP;1;0,0;794
2018-12-23 00:00:00.000;578,0;JLP;3;0,0;795
2018-12-23 00:00:00.000;358,0;JLP;1;0,0;796
2018-12-23 00:00:00.000;298,0;JLP;4;0,0;797
2018-12-23 00:00:00.000;171,0;JLP;4;0,0;798
2018-12-23 00:00:00.000;256,0;JLP;3;0,0;799
2018-12-23 00:00:00.000;393,0;JLP;1;0,0;800
2018-12-23 00:00:00.000;292,0;JLP;1;0,0;801
2018-12-23 00:00:00.000;519,0;JLP;1;0,0;802
2018-12-23 00:00:00.000;528,0;JLP;4;0,0;803
2018-12-23 00:00:00.000;376,0;JLP;1;0,0;804
2018-12-23 00:00:00.000;594,0;JLP;1;0,0;805
2018-12-23 00:00:00.000;331,0;JLP;1;0,0;806
2018-12-23 00:00:00.000;525,0;JLP;3;0,0;807
2018-12-23 00:00:00.000;197,0;JLP;4;0,0;808
2018-12-23 00:00:00.000;200,0;JLP;1;0,0;809
2018-12-23 00:00:00.000;523,0;JLP;3;0,0;810
2018-12-23 00:00:00.000;211,0;JLP;3;0,0;811
2018-12-23 00:00:00.000;276,0;JLP;3;0,0;812
2018-12-23 00:00:00.000;584,0;JLP;4;0,0;813
2018-12-23 00:00:00.000;162,0;JLP;4;0,0;814
2018-12-23 00:00:00.000;250,0;JLP;4;0,0;815
2018-12-23 00:00:00.000;297,0;JLP;1;0,0;816
2018-12-23 00:00:00.000;466,0;JLP;4;0,0;817
2018-12-23 00:00:00.000;576,0;JLP;4;0,0;818
2018-12-23 00:00:00.000;346,0;JLP;1;0,0;819
2018-12-23 00:00:00.000;277,0;JLP;3;0,0;820
2018-12-23 00:00:00.000;606,0;JLP;1;0,0;821
2018-12-23 00:00:00.000;301,0;JLP;3;0,0;822
2018-12-23 00:00:00.000;252,0;JLP;4;0,0;823
2018-12-23 00:00:00.000;221,0;JLP;1;0,0;824
2018-12-23 00:00:00.000;126,0;JLP;4;0,0;825
2018-12-23 00:00:00.000;128,0;JLP;3;0,0;826
2018-12-23 00:00:00.000;229,0;JLP;1;0,0;827
2018-12-23 00:00:00.000;195,0;JLP;4;0,0;828
2018-12-23 00:00:00.000;583,0;JLP;1;0,0;829
2018-12-23 00:00:00.000;248,0;JLP;3;0,0;830
2018-12-23 00:00:00.000;387,0;JLP;4;0,0;831
2018-12-23 00:00:00.000;380,0;JLP;1;0,0;832
2018-12-23 00:00:00.000;482,0;JLP;4;0,0;833
2018-12-23 00:00:00.000;384,0;JLP;3;0,0;834
2018-12-23 00:00:00.000;517,0;JLP;1;0,0;835
2018-12-23 00:00:00.000;159,0;JLP;4;0,0;836
2018-12-23 00:00:00.000;499,0;JLP;3;0,0;837
2018-12-23 00:00:00.000;254,0;JLP;3;0,0;838
2018-12-23 00:00:00.000;196,0;JLP;1;0,0;839
2018-12-23 00:00:00.000;119,0;JLP;3;0,0;840
2018-12-23 00:00:00.000;592,0;JLP;4;0,0;841
2018-12-23 00:00:00.000;395,0;JLP;3;0,0;842
2018-12-23 00:00:00.000;140,0;JLP;1;0,0;843
2018-12-23 00:00:00.000;555,0;JLP;1;0,0;844
2018-12-23 00:00:00.000;415,0;JLP;1;0,0;845
2018-12-23 00:00:00.000;155,0;JLP;1;0,0;846
2018-12-23 00:00:00.000;421,0;JLP;1;0,0;847
2018-12-23 00:00:00.000;466,0;JLP;4;0,0;848
2018-12-23 00:00:00.000;136,0;JLP;3;0,0;849
2018-12-23 00:00:00.000;277,0;JLP;4;0,0;850
2018-12-23 00:00:00.000;533,0;JLP;1;0,0;851
2018-12-23 00:00:00.000;584,0;JLP;4;0,0;852
2018-12-23 00:00:00.000;123,0;JLP;3;0,0;853
2018-12-23 00:00:00.000;541,0;JLP;4;0,0;854
2018-12-23 00:00:00.000;332,0;JLP;;0,0;855
2018-12-23 00:00:00.000;509,0;JLP;1;0,0;856
2018-12-23 00:00:00.000;320,0;JLP;4;0,0;857
2018-12-23 00:00:00.000;519,0;JLP;3;0,0;858
2018-12-23 00:00:00.000;373,0;JLP;3;0,0;859
2018-12-23 00:00:00.000;228,0;JLP;1;0,0;860
2018-12-23 00:00:00.000;336,0;JLP;1;0,0;861
2018-12-23 00:00:00.000;270,0;JLP;;0,0;862
2018-12-23 00:00:00.000;391,0;JLP;4;0,0;863
2018-12-23 00:00:00.000;233,0;JLP;1;0,0;864
2018-12-23 00:00:00.000;498,0;JLP;4;0,0;865
2018-12-23 00:00:00.000;384,0;JLP;1;0,0;866
2018-12-23 00:00:00.000;430,0;JLP;1;0,0;867
2018-12-23 00:00:00.000;460,0;JLP;4;0,0;868
2018-12-23 00:00:00.000;394,0;JLP;4;0,0;869
2018-12-23 00:00:00.000;604,0;JLP;1;0,0;870
2018-12-23 00:00:00.000;174,0;JLP;4;0,0;871
2018-12-23 00:00:00.000;532,0;JLP;1;0,0;872
2018-12-23 00:00:00.000;347,0;JLP;1;0,0;873
2018-12-23 00:00:00.000;539,0;JLP;4;0,0;874
2018-12-23 00:00:00.000;163,0;JLP;4;0,0;875
2018-12-23 00:00:00.000;172,0;JLP;1;0,0;876
2018-12-23 00:00:00.000;168,0;JLP;1;0,0;877
2018-12-23 00:00:00.000;436,0;JLP;1;0,0;878
2018-12-23 00:00:00.000;459,0;JLP;1;0,0;879
2018-12-23 00:00:00.000;274,0;JLP;4;0,0;880
2018-12-23 00:00:00.000;300,0;JLP;4;0,0;881
2018-12-23 00:00:00.000;400,0;JLP;3;0,0;882
2018-12-23 00:00:00.000;174,0;JLP;4;0,0;883
2018-12-23 00:00:00.000;590,0;JLP;1;0,0;884
2018-12-24 00:00:00.000;482,0;JLP;1;0,0;885
2018-12-24 00:00:00.000;565,0;JLP;1;0,0;886
2018-12-24 00:00:00.000;600,0;JLP;1;0,0;887
2018-12-24 00:00:00.000;390,0;JLP;3;0,0;888
2018-12-24 00:00:00.000;470,0;JLP;3;0,0;889
2018-12-24 00:00:00.000;249,0;JLP;1;0,0;890
2018-12-24 00:00:00.000;339,0;JLP;4;0,0;891
2018-12-24 00:00:00.000;219,0;JLP;3;0,0;892
2018-12-24 00:00:00.000;313,0;JLP;1;0,0;893
2018-12-24 00:00:00.000;319,0;JLP;3;0,0;894
2018-12-24 00:00:00.000;518,0;JLP;1;0,0;895
2018-12-24 00:00:00.000;305,0;JLP;4;0,0;896
2018-12-24 00:00:00.000;472,0;JLP;4;0,0;897
2018-12-24 00:00:00.000;248,0;JLP;1;0,0;898
2018-12-24 00:00:00.000;443,0;JLP;1;0,0;899
2018-12-24 00:00:00.000;188,0;JLP;1;0,0;900
2018-12-24 00:00:00.000;582,0;JLP;1;0,0;901
2018-12-24 00:00:00.000;165,0;JLP;4;0,0;902
2018-12-24 00:00:00.000;187,0;JLP;1;0,0;903
2018-12-24 00:00:00.000;487,0;JLP;1;0,0;904
2018-12-24 00:00:00.000;437,0;JLP;4;0,0;905
2018-12-24 00:00:00.000;290,0;JLP;1;0,0;906
2018-12-24 00:00:00.000;254,0;JLP;3;0,0;907
2018-12-24 00:00:00.000;151,0;JLP;4;0,0;908
2018-12-24 00:00:00.000;375,0;JLP;4;0,0;909
2018-12-24 00:00:00.000;223,0;JLP;3;0,0;910
2018-12-24 00:00:00.000;350,0;JLP;4;0,0;911
2018-12-24 00:00:00.000;192,0;JLP;4;0,0;912
2018-12-24 00:00:00.000;255,0;JLP;1;0,0;913
2018-12-24 00:00:00.000;498,0;JLP;1;0,0;914
2018-12-24 00:00:00.000;119,0;JLP;3;0,0;915
2018-12-24 00:00:00.000;130,0;JLP;4;0,0;916
2018-12-24 00:00:00.000;410,0;JLP;1;0,0;917
2018-12-24 00:00:00.000;306,0;JLP;4;0,0;918
2018-12-24 00:00:00.000;528,0;JLP;1;0,0;919
2018-12-24 00:00:00.000;204,0;JLP;4;0,0;920
2018-12-24 00:00:00.000;133,0;JLP;4;0,0;921
2018-12-24 00:00:00.000;284,0;JLP;1;0,0;922
2018-12-24 00:00:00.000;130,0;JLP;1;0,0;923
2018-12-24 00:00:00.000;457,0;JLP;4;123,9;924
2018-12-24 00:00:00.000;248,0;JLP;4;0,0;925
2018-12-24 00:00:00.000;217,0;JLP;4;0,0;926
2018-12-24 00:00:00.000;324,0;JLP;4;0,0;927
2018-12-24 00:00:00.000;328,0;JLP;1;0,0;928
2018-12-24 00:00:00.000;372,0;JLP;1;0,0;929
2018-12-24 00:00:00.000;281,0;JLP;4;0,0;930
2018-12-24 00:00:00.000;390,0;JLP;4;0,0;931
2018-12-24 00:00:00.000;246,0;JLP;4;0,0;932
2018-12-24 00:00:00.000;612,0;JLP;4;0,0;933
2018-12-24 00:00:00.000;281,0;JLP;1;0,0;934
2018-12-24 00:00:00.000;111,0;JLP;1;0,0;935
2018-12-24 00:00:00.000;335,0;JLP;4;0,0;936
2018-12-24 00:00:00.000;587,0;JLP;4;0,0;937
2018-12-24 00:00:00.000;321,0;JLP;1;0,0;938
2018-12-24 00:00:00.000;268,0;JLP;1;0,0;939
2018-12-24 00:00:00.000;385,0;JLP;4;0,0;940
2018-12-24 00:00:00.000;471,0;JLP;4;0,0;941
2018-12-24 00:00:00.000;239,0;JLP;;0,0;942
2018-12-24 00:00:00.000;414,0;JLP;4;0,0;943
2018-12-24 00:00:00.000;161,0;JLP;4;0,0;944
2018-12-24 00:00:00.000;136,0;JLP;1;0,0;945
2018-12-24 00:00:00.000;448,0;JLP;1;0,0;946
2018-12-24 00:00:00.000;542,0;JLP;4;0,0;947
2018-12-24 00:00:00.000;156,0;JLP;1;0,0;948
2018-12-24 00:00:00.000;501,0;JLP;4;0,0;949
2018-12-24 00:00:00.000;138,0;JLP;4;0,0;950
2018-12-24 00:00:00.000;513,0;JLP;4;0,0;951
2018-12-24 00:00:00.000;147,0;JLP;4;0,0;952
2018-12-24 00:00:00.000;538,0;JLP;1;0,0;953
2018-12-24 00:00:00.000;414,0;JLP;4;0,0;954
2018-12-24 00:00:00.000;196,0;JLP;1;0,0;955
2018-12-24 00:00:00.000;371,0;JLP;4;0,0;956
2018-12-24 00:00:00.000;335,0;JLP;4;0,0;957
2018-12-24 00:00:00.000;275,0;JLP;4;0,0;958
2018-12-24 00:00:00.000;215,0;JLP;1;0,0;959
2018-12-24 00:00:00.000;197,0;JLP;4;0,0;960
2018-12-24 00:00:00.000;536,0;JLP;1;0,0;961
2018-12-24 00:00:00.000;567,0;JLP;4;0,0;962
2018-12-24 00:00:00.000;343,0;JLP;4;0,0;963
2018-12-24 00:00:00.000;462,0;JLP;1;0,0;964
2018-12-24 00:00:00.000;142,0;JLP;1;0,0;965
2018-12-24 00:00:00.000;302,0;JLP;1;0,0;966
2018-12-24 00:00:00.000;166,0;JLP;4;0,0;967
2018-12-24 00:00:00.000;239,0;JLP;1;0,0;968
2018-12-24 00:00:00.000;151,0;JLP;4;0,0;969
2018-12-24 00:00:00.000;379,0;JLP;4;0,0;970
2018-12-24 00:00:00.000;374,0;JLP;4;0,0;971
2018-12-24 00:00:00.000;233,0;JLP;4;0,0;972
2018-12-24 00:00:00.000;340,0;JLP;1;0,0;973
2018-12-24 00:00:00.000;446,0;JLP;4;0,0;974
2018-12-24 00:00:00.000;591,0;JLP;1;0,0;975
2018-12-24 00:00:00.000;386,0;JLP;1;0,0;976
2018-12-24 00:00:00.000;225,0;JLP;4;0,0;977
2018-12-24 00:00:00.000;369,0;JLP;1;0,0;978
2018-12-24 00:00:00.000;592,0;JLP;4;0,0;979
2018-12-24 00:00:00.000;382,0;JLP;1;0,0;980
2018-12-24 00:00:00.000;128,0;JLP;4;0,0;981
2018-12-24 00:00:00.000;289,0;JLP;4;0,0;982
2018-12-24 00:00:00.000;280,0;JLP;4;0,0;983
2018-12-24 00:00:00.000;513,0;JLP;4;0,0;984
2018-12-24 00:00:00.000;262,0;JLP;4;0,0;985
2018-12-24 00:00:00.000;342,0;JLP;1;0,0;986
2018-12-24 00:00:00.000;506,0;JLP;4;0,0;987
2018-12-24 00:00:00.000;380,0;JLP;3;0,0;988
2018-12-24 00:00:00.000;560,0;JLP;4;0,0;989
2018-12-24 00:00:00.000;134,0;JLP;4;0,0;990
2018-12-24 00:00:00.000;341,0;JLP;1;0,0;991
2018-12-24 00:00:00.000;481,0;JLP;3;0,0;992
2018-12-24 00:00:00.000;487,0;JLP;1;0,0;993
2018-12-24 00:00:00.000;591,0;JLP;1;0,0;994
2018-12-24 00:00:00.000;482,0;JLP;1;0,0;995
2018-12-24 00:00:00.000;531,0;JLP;1;0,0;996
2018-12-24 00:00:00.000;568,0;JLP;3;0,0;997
2018-12-24 00:00:00.000;166,0;JLP;1;0,0;998
2018-12-24 00:00:00.000;416,0;JLP;3;0,0;999
2018-12-24 00:00:00.000;122,0;JLP;1;0,0;1000
2018-12-24 00:00:00.000;443,0;JLP;1;0,0;1001
2018-12-24 00:00:00.000;297,0;JLP;4;0,0;1002
2018-12-24 00:00:00.000;118,0;JLP;1;0,0;1003
2018-12-24 00:00:00.000;401,0;JLP;4;0,0;1004
2018-12-24 00:00:00.000;176,0;JLP;1;0,0;1005
2018-12-24 00:00:00.000;296,0;JLP;;0,0;1006
2018-12-24 00:00:00.000;582,0;JLP;1;0,0;1007
2018-12-24 00:00:00.000;525,0;JLP;1;0,0;1008
2018-12-24 00:00:00.000;133,0;JLP;3;0,0;1009
2018-12-24 00:00:00.000;189,0;JLP;1;0,0;1010
2018-12-24 00:00:00.000;233,0;JLP;1;0,0;1011
2018-12-24 00:00:00.000;588,0;JLP;;0,0;1012
2018-12-24 00:00:00.000;414,0;JLP;1;0,0;1013
2018-12-24 00:00:00.000;232,0;JLP;1;46,9;1014
2018-12-24 00:00:00.000;200,0;JLP;1;0,0;1015
2018-12-24 00:00:00.000;227,0;JLP;;58,9;1016
2018-12-24 00:00:00.000;476,0;JLP;;0,0;1017
2018-12-24 00:00:00.000;170,0;JLP;3;0,0;1018
2018-12-24 00:00:00.000;397,0;JLP;4;0,0;1019
2018-12-24 00:00:00.000;543,0;JLP;1;0,0;1020
2018-12-24 00:00:00.000;275,0;JLP;;0,0;1021
2018-12-24 00:00:00.000;470,0;JLP;1;0,0;1022
2018-12-24 00:00:00.000;433,0;JLP;1;30,9;1023
2018-12-24 00:00:00.000;172,0;JLP;3;0,0;1024
2018-12-24 00:00:00.000;567,0;JLP;3;0,0;1025
2018-12-24 00:00:00.000;220,0;JLP;1;0,0;1026
2018-12-24 00:00:00.000;611,0;JLP;1;0,0;1027
2018-12-24 00:00:00.000;274,0;JLP;1;0,0;1028
2018-12-24 00:00:00.000;612,0;JLP;3;0,0;1029
2018-12-24 00:00:00.000;249,0;JLP;4;0,0;1030
2018-12-24 00:00:00.000;546,0;JLP;1;0,0;1031
2018-12-24 00:00:00.000;524,0;JLP;4;0,0;1032
2018-12-24 00:00:00.000;393,0;JLP;1;0,0;1033
2018-12-24 00:00:00.000;258,0;JLP;1;0,0;1034
2018-12-24 00:00:00.000;245,0;JLP;1;0,0;1035
2018-12-24 00:00:00.000;209,0;JLP;;0,0;1036
2018-12-24 00:00:00.000;541,0;JLP;1;0,0;1037
2018-12-24 00:00:00.000;462,0;JLP;4;0,0;1038
2018-12-24 00:00:00.000;529,0;JLP;1;0,0;1039
2018-12-24 00:00:00.000;542,0;JLP;4;0,0;1040
2018-12-24 00:00:00.000;596,0;JLP;4;0,0;1041
2018-12-24 00:00:00.000;229,0;JLP;1;0,0;1042
2018-12-24 00:00:00.000;360,0;JLP;4;0,0;1043
2018-12-24 00:00:00.000;469,0;JLP;1;0,0;1044
2018-12-24 00:00:00.000;516,0;JLP;1;0,0;1045
2018-12-24 00:00:00.000;422,0;JLP;4;0,0;1046
2018-12-24 00:00:00.000;589,0;JLP;4;0,0;1047
2018-12-24 00:00:00.000;290,0;JLP;3;0,0;1048
2018-12-24 00:00:00.000;231,0;JLP;4;0,0;1049
2018-12-24 00:00:00.000;292,0;JLP;;0,0;1050
2018-12-24 00:00:00.000;144,0;JLP;3;0,0;1051
2018-12-24 00:00:00.000;119,0;JLP;4;0,0;1052
2018-12-24 00:00:00.000;385,0;JLP;4;0,0;1053
2018-12-24 00:00:00.000;470,0;JLP;3;0,0;1054
2018-12-24 00:00:00.000;178,0;JLP;4;0,0;1055
2018-12-24 00:00:00.000;457,0;JLP;3;0,0;1056
2018-12-24 00:00:00.000;345,0;JLP;1;0,0;1057
2018-12-24 00:00:00.000;330,0;JLP;4;0,0;1058
2018-12-24 00:00:00.000;379,0;JLP;4;0,0;1059
2018-12-24 00:00:00.000;432,0;JLP;4;0,0;1060
2018-12-24 00:00:00.000;344,0;JLP;3;0,0;1061
2018-12-24 00:00:00.000;299,0;JLP;;0,0;1062
2018-12-25 00:00:00.000;6000,0;JLP;px;50,0;1063
2018-12-26 00:00:00.000;575,0;JLP;1;0,0;1064
2018-12-26 00:00:00.000;259,0;JLP;1;0,0;1065
2018-12-26 00:00:00.000;448,0;JLP;1;0,0;1066
2018-12-26 00:00:00.000;388,0;JLP;1;0,0;1067
2018-12-26 00:00:00.000;230,0;JLP;1;0,0;1068
2018-12-26 00:00:00.000;378,0;JLP;4;0,0;1069
2018-12-26 00:00:00.000;346,0;JLP;1;0,0;1070
2018-12-26 00:00:00.000;266,0;JLP;4;0,0;1071
2018-12-26 00:00:00.000;187,0;JLP;4;0,0;1072
2018-12-26 00:00:00.000;451,0;JLP;1;0,0;1073
2018-12-26 00:00:00.000;439,0;JLP;4;0,0;1074
2018-12-26 00:00:00.000;361,0;JLP;3;0,0;1075
2018-12-26 00:00:00.000;539,0;JLP;1;0,0;1076
2018-12-26 00:00:00.000;545,0;JLP;1;0,0;1077
2018-12-26 00:00:00.000;336,0;JLP;1;0,0;1078
2018-12-26 00:00:00.000;192,0;JLP;3;0,0;1079
2018-12-26 00:00:00.000;234,0;JLP;1;0,0;1080
2018-12-26 00:00:00.000;223,0;JLP;3;0,0;1081
2018-12-26 00:00:00.000;144,0;JLP;4;0,0;1082
2018-12-26 00:00:00.000;250,0;JLP;4;0,0;1083
2018-12-26 00:00:00.000;530,0;JLP;4;0,0;1084
2018-12-26 00:00:00.000;126,0;JLP;1;0,0;1085
2018-12-26 00:00:00.000;591,0;JLP;;0,0;1086
2018-12-26 00:00:00.000;295,0;JLP;3;0,0;1087
2018-12-26 00:00:00.000;560,0;JLP;1;0,0;1088
2018-12-26 00:00:00.000;466,0;JLP;1;0,0;1089
2018-12-26 00:00:00.000;513,0;JLP;3;0,0;1090
2018-12-26 00:00:00.000;124,0;JLP;;0,0;1091
2018-12-26 00:00:00.000;454,0;JLP;1;0,0;1092
2018-12-26 00:00:00.000;225,0;JLP;1;0,0;1093
2018-12-26 00:00:00.000;488,0;JLP;;0,0;1094
2018-12-26 00:00:00.000;383,0;JLP;1;0,0;1095
2018-12-26 00:00:00.000;139,0;JLP;1;0,0;1096
2018-12-26 00:00:00.000;565,0;JLP;4;0,0;1097
2018-12-26 00:00:00.000;275,0;JLP;1;0,0;1098
2018-12-26 00:00:00.000;341,0;JLP;3;0,0;1099
2018-12-26 00:00:00.000;395,0;JLP;1;0,0;1100
2018-12-26 00:00:00.000;456,0;JLP;1;0,0;1101
2018-12-26 00:00:00.000;191,0;JLP;1;0,0;1102
2018-12-26 00:00:00.000;536,0;JLP;1;0,0;1103
2018-12-26 00:00:00.000;563,0;JLP;1;0,0;1104
2018-12-26 00:00:00.000;210,0;JLP;4;0,0;1105
2018-12-26 00:00:00.000;578,0;JLP;1;0,0;1106
2018-12-26 00:00:00.000;130,0;JLP;4;0,0;1107
2018-12-26 00:00:00.000;511,0;JLP;3;0,0;1108
2018-12-26 00:00:00.000;329,0;JLP;1;0,0;1109
2018-12-26 00:00:00.000;380,0;JLP;1;0,0;1110
2018-12-26 00:00:00.000;260,0;JLP;1;0,0;1111
2018-12-26 00:00:00.000;294,0;JLP;1;0,0;1112
2018-12-26 00:00:00.000;459,0;JLP;3;0,0;1113
2018-12-26 00:00:00.000;486,0;JLP;4;0,0;1114
2018-12-26 00:00:00.000;434,0;JLP;4;0,0;1115
2018-12-26 00:00:00.000;385,0;JLP;4;0,0;1116
2018-12-26 00:00:00.000;560,0;JLP;3;0,0;1117
2018-12-26 00:00:00.000;379,0;JLP;3;0,0;1118
2018-12-26 00:00:00.000;415,0;JLP;1;0,0;1119
2018-12-26 00:00:00.000;177,0;JLP;4;0,0;1120
2018-12-26 00:00:00.000;471,0;JLP;1;0,0;1121
2018-12-26 00:00:00.000;581,0;JLP;;0,0;1122
2018-12-26 00:00:00.000;201,0;JLP;3;0,0;1123
2018-12-26 00:00:00.000;243,0;JLP;1;0,0;1124
2018-12-26 00:00:00.000;588,0;JLP;1;0,0;1125
2018-12-26 00:00:00.000;123,0;JLP;1;0,0;1126
2018-12-26 00:00:00.000;455,0;JLP;1;0,0;1127
2018-12-26 00:00:00.000;249,0;JLP;3;0,0;1128
2018-12-26 00:00:00.000;269,0;JLP;1;0,0;1129
2018-12-26 00:00:00.000;598,0;JLP;4;0,0;1130
2018-12-26 00:00:00.000;378,0;JLP;1;0,0;1131
2018-12-26 00:00:00.000;415,0;JLP;1;0,0;1132
2018-12-26 00:00:00.000;392,0;JLP;3;0,0;1133
2018-12-26 00:00:00.000;217,0;JLP;1;0,0;1134
2018-12-26 00:00:00.000;223,0;JLP;3;0,0;1135
2018-12-26 00:00:00.000;386,0;JLP;1;0,0;1136
2018-12-26 00:00:00.000;221,0;JLP;3;0,0;1137
2018-12-26 00:00:00.000;370,0;JLP;4;0,0;1138
2018-12-26 00:00:00.000;231,0;JLP;1;0,0;1139
2018-12-26 00:00:00.000;333,0;JLP;4;0,0;1140
2018-12-26 00:00:00.000;576,0;JLP;4;0,0;1141
2018-12-26 00:00:00.000;607,0;VRL ;4;0,0;1142
2018-12-26 00:00:00.000;150,0;JLP;1;0,0;1143
2018-12-26 00:00:00.000;358,0;VRL ;4;0,0;1144
2018-12-26 00:00:00.000;490,0;JLP;1;0,0;1145
2018-12-26 00:00:00.000;443,0;JLP;1;0,0;1146
2018-12-26 00:00:00.000;534,0;VRL ;4;0,0;1147
2018-12-26 00:00:00.000;283,0;JLP;3;0,0;1148
2018-12-26 00:00:00.000;202,0;VRL ;4;0,0;1149
2018-12-26 00:00:00.000;591,0;VRL ;4;0,0;1150
2018-12-26 00:00:00.000;214,0;VRL ;4;0,0;1151
2018-12-26 00:00:00.000;147,0;VRL ;3;0,0;1152
2018-12-26 00:00:00.000;442,0;VRL ;3;0,0;1153
2018-12-26 00:00:00.000;551,0;VRL ;3;0,0;1154
2018-12-26 00:00:00.000;602,0;VRL ;3;0,0;1155
2018-12-26 00:00:00.000;508,0;JLP;1;0,0;1156
2018-12-26 00:00:00.000;206,0;VRL ;3;0,0;1157
2018-12-26 00:00:00.000;190,0;JLP;;0,0;1158
2018-12-26 00:00:00.000;317,0;JLP;1;0,0;1159
2018-12-26 00:00:00.000;175,0;JLP;1;0,0;1160
2018-12-26 00:00:00.000;340,0;JLP;1;0,0;1161
2018-12-26 00:00:00.000;438,0;JLP;3;0,0;1162
2018-12-26 00:00:00.000;150,0;JLP;3;0,0;1163
2018-12-26 00:00:00.000;131,0;JLP;4;0,0;1164
2018-12-26 00:00:00.000;113,0;JLP;4;0,0;1165
2018-12-26 00:00:00.000;525,0;JLP;3;0,0;1166
2018-12-26 00:00:00.000;147,0;JLP;1;0,0;1167
2018-12-26 00:00:00.000;590,0;VRL ;3;0,0;1168
2018-12-26 00:00:00.000;586,0;VRL ;3;0,0;1169
2018-12-26 00:00:00.000;516,0;VRL ;3;0,0;1170
2018-12-26 00:00:00.000;258,0;VRL ;3;0,0;1171
2018-12-26 00:00:00.000;470,0;VRL ;3;0,0;1172
2018-12-26 00:00:00.000;138,0;VRL ;3;0,0;1173
2018-12-26 00:00:00.000;479,0;VRL ;;0,0;1174
2018-12-26 00:00:00.000;463,0;JLP;3;0,0;1175
2018-12-26 00:00:00.000;328,0;VRL ;4;0,0;1176
2018-12-26 00:00:00.000;505,0;VRL ;4;0,0;1177
2018-12-26 00:00:00.000;203,0;VRL ;4;0,0;1178
2018-12-26 00:00:00.000;275,0;VRL ;4;0,0;1179
2018-12-26 00:00:00.000;245,0;JLP;4;0,0;1180
2018-12-26 00:00:00.000;256,0;VRL ;4;0,0;1181
2018-12-26 00:00:00.000;373,0;VRL ;4;0,0;1182
2018-12-26 00:00:00.000;203,0;VRL ;4;0,0;1183
2018-12-26 00:00:00.000;369,0;VRL ;4;0,0;1184
2018-12-26 00:00:00.000;297,0;VRL ;4;0,0;1185
2018-12-26 00:00:00.000;239,0;VRL ;1;0,0;1186
2018-12-26 00:00:00.000;550,0;VRL ;1;0,0;1187
2018-12-26 00:00:00.000;519,0;VRL ;1;0,0;1188
2018-12-26 00:00:00.000;316,0;VRL ;1;0,0;1189
2018-12-26 00:00:00.000;294,0;VRL ;1;0,0;1190
2018-12-26 00:00:00.000;353,0;VRL ;1;0,0;1191
2018-12-26 00:00:00.000;530,0;VRL ;1;0,0;1192
2018-12-26 00:00:00.000;185,0;VRL ;1;0,0;1193
2018-12-26 00:00:00.000;130,0;VRL ;1;0,0;1194
2018-12-26 00:00:00.000;254,0;JLP;4;0,0;1195
2018-12-26 00:00:00.000;140,0;JLP;4;0,0;1196
2018-12-26 00:00:00.000;114,0;JLP;1;90,8;1197
2018-12-26 00:00:00.000;168,0;JLP;3;0,0;1198
2018-12-26 00:00:00.000;488,0;VRL ;1;0,0;1199
2018-12-26 00:00:00.000;467,0;VRL ;1;0,0;1200
2018-12-26 00:00:00.000;600,0;JLP;3;0,0;1201
2018-12-26 00:00:00.000;179,0;VRL ;1;0,0;1202
2018-12-26 00:00:00.000;369,0;JLP;1;0,0;1203
2018-12-26 00:00:00.000;585,0;JLP;4;0,0;1204
2018-12-26 00:00:00.000;289,0;JLP;4;0,0;1205
2018-12-26 00:00:00.000;139,0;JLP;4;0,0;1206
2018-12-26 00:00:00.000;161,0;JLP;3;0,0;1207
2018-12-26 00:00:00.000;308,0;JLP;4;0,0;1208
2018-12-26 00:00:00.000;170,0;JLP;4;0,0;1209
2018-12-26 00:00:00.000;568,0;JLP;3;0,0;1210
2018-12-27 00:00:00.000;313,0;VNS;4;0,0;1211
2018-12-27 00:00:00.000;523,0;VNS;4;0,0;1212
2018-12-27 00:00:00.000;408,0;VNS;4;0,0;1213
2018-12-27 00:00:00.000;129,0;VNS;3;0,0;1214
2018-12-27 00:00:00.000;444,0;VNS;3;0,0;1215
2018-12-27 00:00:00.000;439,0;VNS;3;0,0;1216
2018-12-27 00:00:00.000;568,0;VNS;3;0,0;1217
2018-12-27 00:00:00.000;269,0;VNS;3;0,0;1218
2018-12-27 00:00:00.000;288,0;VNS;3;0,0;1219
2018-12-27 00:00:00.000;541,0;VNS;4;0,0;1220
2018-12-27 00:00:00.000;495,0;VNS;4;0,0;1221
2018-12-27 00:00:00.000;458,0;JLP;1;0,0;1222
2018-12-27 00:00:00.000;128,0;JLP;4;0,0;1223
2018-12-27 00:00:00.000;374,0;JLP;4;0,0;1224
2018-12-27 00:00:00.000;133,0;JLP;4;0,0;1225
2018-12-27 00:00:00.000;470,0;JLP;3;0,0;1226
2018-12-27 00:00:00.000;269,0;JLP;3;0,0;1227
2018-12-27 00:00:00.000;207,0;JLP;4;0,0;1228
2018-12-27 00:00:00.000;590,0;JLP;1;0,0;1229
2018-12-27 00:00:00.000;501,0;VNS;3;0,0;1230
2018-12-27 00:00:00.000;122,0;VNS;3;0,0;1231
2018-12-27 00:00:00.000;476,0;VNS;3;0,0;1232
2018-12-27 00:00:00.000;135,0;VNS;3;0,0;1233
2018-12-27 00:00:00.000;411,0;VNS;4;0,0;1234
2018-12-27 00:00:00.000;586,0;VNS;4;0,0;1235
2018-12-27 00:00:00.000;145,0;VNS;4;0,0;1236
2018-12-27 00:00:00.000;525,0;VNS;4;0,0;1237
2018-12-27 00:00:00.000;511,0;VNS;4;0,0;1238
2018-12-27 00:00:00.000;602,0;VNS;4;0,0;1239
2018-12-27 00:00:00.000;231,0;VNS;4;0,0;1240
2018-12-27 00:00:00.000;215,0;VNS;4;0,0;1241
2018-12-27 00:00:00.000;592,0;JLP;1;0,0;1242
2018-12-27 00:00:00.000;211,0;VNS;1;0,0;1243
2018-12-27 00:00:00.000;220,0;JLP;4;0,0;1244
2018-12-27 00:00:00.000;231,0;VNS;1;0,0;1245
2018-12-27 00:00:00.000;243,0;VNS;1;0,0;1246
2018-12-27 00:00:00.000;564,0;VNS;1;0,0;1247
2018-12-27 00:00:00.000;528,0;VNS;1;0,0;1248
2018-12-27 00:00:00.000;339,0;VNS;1;0,0;1249
2018-12-27 00:00:00.000;543,0;VNS;1;0,0;1250
2018-12-27 00:00:00.000;387,0;VNS;1;0,0;1251
2018-12-27 00:00:00.000;120,0;VNS;1;0,0;1252
2018-12-27 00:00:00.000;349,0;VNS;1;0,0;1253
2018-12-27 00:00:00.000;539,0;VNS;1;0,0;1254
2018-12-27 00:00:00.000;419,0;VNS;1;0,0;1255
2018-12-27 00:00:00.000;551,0;VNS;1;0,0;1256
2018-12-27 00:00:00.000;317,0;VNS;1;0,0;1257
2018-12-27 00:00:00.000;379,0;VNS;1;0,0;1258
2018-12-27 00:00:00.000;185,0;VNS;1;0,0;1259
2018-12-27 00:00:00.000;157,0;VNS;1;0,0;1260
2018-12-27 00:00:00.000;341,0;VNS;1;0,0;1261
2018-12-27 00:00:00.000;238,0;JLP;1;0,0;1262
2018-12-27 00:00:00.000;461,0;JLP;4;0,0;1263
2018-12-27 00:00:00.000;224,0;JLP;1;0,0;1264
2018-12-27 00:00:00.000;565,0;VNS;1;57,7;1265
2018-12-27 00:00:00.000;312,0;JLP;4;0,0;1266
2018-12-27 00:00:00.000;239,0;JLP;4;0,0;1267
2018-12-27 00:00:00.000;588,0;JLP;4;0,0;1268
2018-12-27 00:00:00.000;231,0;JLP;4;0,0;1269
2018-12-27 00:00:00.000;117,0;JLP;1;0,0;1270
2018-12-27 00:00:00.000;538,0;JLP;4;0,0;1271
2018-12-27 00:00:00.000;570,0;JLP;4;0,0;1272
2018-12-27 00:00:00.000;131,0;JLP;1;0,0;1273
2018-12-27 00:00:00.000;560,0;VNS;1;0,0;1274
2018-12-27 00:00:00.000;214,0;JLP;1;0,0;1275
2018-12-27 00:00:00.000;501,0;JLP;4;0,0;1276
2018-12-27 00:00:00.000;166,0;JLP;;0,0;1277
2018-12-27 00:00:00.000;554,0;JLP;4;0,0;1278
2018-12-27 00:00:00.000;361,0;JLP;;0,0;1279
2018-12-27 00:00:00.000;193,0;JLP;1;0,0;1280
2018-12-27 00:00:00.000;482,0;VRL ;4;0,0;1281
2018-12-27 00:00:00.000;530,0;VRL ;4;0,0;1282
2018-12-27 00:00:00.000;496,0;VRL ;4;0,0;1283
2018-12-27 00:00:00.000;439,0;VRL ;4;0,0;1284
2018-12-27 00:00:00.000;436,0;VRL ;4;0,0;1285
2018-12-27 00:00:00.000;172,0;VRL ;4;0,0;1286
2018-12-27 00:00:00.000;145,0;VRL ;4;0,0;1287
2018-12-27 00:00:00.000;378,0;VRL ;4;0,0;1288
2018-12-27 00:00:00.000;498,0;VRL ;4;0,0;1289
2018-12-27 00:00:00.000;513,0;JLP;3;0,0;1290
2018-12-27 00:00:00.000;594,0;VRL ;4;0,0;1291
2018-12-27 00:00:00.000;210,0;VRL ;3;0,0;1292
2018-12-27 00:00:00.000;145,0;VRL ;3;0,0;1293
2018-12-27 00:00:00.000;448,0;VRL ;3;0,0;1294
2018-12-27 00:00:00.000;591,0;JLP;1;0,0;1295
2018-12-27 00:00:00.000;151,0;VRL ;4;0,0;1296
2018-12-27 00:00:00.000;271,0;JLP;4;0,0;1297
2018-12-27 00:00:00.000;499,0;JLP;1;0,0;1298
2018-12-27 00:00:00.000;425,0;JLP;4;0,0;1299
2018-12-27 00:00:00.000;135,0;VRL ;3;0,0;1300
2018-12-27 00:00:00.000;447,0;VRL ;3;0,0;1301
2018-12-27 00:00:00.000;531,0;VRL ;3;0,0;1302
2018-12-27 00:00:00.000;610,0;VRL ;3;0,0;1303
2018-12-27 00:00:00.000;185,0;VRL ;4;0,0;1304
2018-12-27 00:00:00.000;483,0;VRL ;3;0,0;1305
2018-12-27 00:00:00.000;515,0;VRL ;3;59,8;1306
2018-12-27 00:00:00.000;171,0;JLP;4;0,0;1307
2018-12-27 00:00:00.000;540,0;JLP;1;0,0;1308
2018-12-27 00:00:00.000;601,0;JLP;3;0,0;1309
2018-12-27 00:00:00.000;361,0;VRL ;3;0,0;1310
2018-12-27 00:00:00.000;469,0;VRL ;4;0,0;1311
2018-12-27 00:00:00.000;526,0;JLP;3;0,0;1312
2018-12-27 00:00:00.000;520,0;VRL ;4;0,0;1313
2018-12-27 00:00:00.000;139,0;VRL ;4;0,0;1314
2018-12-27 00:00:00.000;438,0;VRL ;4;0,0;1315
2018-12-27 00:00:00.000;487,0;VRL ;4;0,0;1316
2018-12-27 00:00:00.000;254,0;VRL ;3;0,0;1317
2018-12-27 00:00:00.000;586,0;VRL ;4;0,0;1318
2018-12-27 00:00:00.000;422,0;VRL ;3;0,0;1319
2018-12-27 00:00:00.000;189,0;VRL ;1;0,0;1320
2018-12-27 00:00:00.000;279,0;JLP;4;0,0;1321
2018-12-27 00:00:00.000;447,0;VRL ;;0,0;1322
2018-12-27 00:00:00.000;161,0;VRL ;3;0,0;1323
2018-12-27 00:00:00.000;302,0;VRL ;3;0,0;1324
2018-12-27 00:00:00.000;545,0;VRL ;4;0,0;1325
2018-12-27 00:00:00.000;330,0;VRL ;4;0,0;1326
2018-12-27 00:00:00.000;376,0;VRL ;3;0,0;1327
2018-12-27 00:00:00.000;238,0;VRL ;3;0,0;1328
2018-12-27 00:00:00.000;240,0;JLP;1;0,0;1329
2018-12-27 00:00:00.000;548,0;JLP;4;0,0;1330
2018-12-27 00:00:00.000;197,0;JLP;1;0,0;1331
2018-12-27 00:00:00.000;528,0;VRL ;1;0,0;1332
2018-12-27 00:00:00.000;405,0;JLP;1;0,0;1333
2018-12-27 00:00:00.000;193,0;VRL ;1;0,0;1334
2018-12-27 00:00:00.000;121,0;VRL ;1;0,0;1335
2018-12-27 00:00:00.000;121,0;VRL ;1;0,0;1336
2018-12-27 00:00:00.000;442,0;JLP;4;0,0;1337
2018-12-27 00:00:00.000;366,0;VRL ;1;0,0;1338
2018-12-27 00:00:00.000;443,0;VRL ;1;0,0;1339
2018-12-27 00:00:00.000;499,0;JLP;4;0,0;1340
2018-12-27 00:00:00.000;439,0;JLP;1;108,4;1341
2018-12-27 00:00:00.000;226,0;VRL ;1;0,0;1342
2018-12-27 00:00:00.000;603,0;VRL ;1;0,0;1343
2018-12-27 00:00:00.000;286,0;VRL ;1;0,0;1344
2018-12-27 00:00:00.000;369,0;JLP;1;0,0;1345
2018-12-27 00:00:00.000;404,0;JLP;1;0,0;1346
2018-12-27 00:00:00.000;154,0;JLP;4;0,0;1347
2018-12-27 00:00:00.000;562,0;JLP;3;0,0;1348
2018-12-27 00:00:00.000;295,0;JLP;;0,0;1349
2018-12-27 00:00:00.000;323,0;JLP;3;0,0;1350
2018-12-27 00:00:00.000;489,0;VRL ;;0,0;1351
2018-12-27 00:00:00.000;282,0;VRL ;1;0,0;1352
2018-12-27 00:00:00.000;182,0;VRL ;1;0,0;1353
2018-12-27 00:00:00.000;239,0;VRL ;1;0,0;1354
2018-12-27 00:00:00.000;526,0;VRL ;;0,0;1355
2018-12-27 00:00:00.000;599,0;VRL ;1;0,0;1356
2018-12-27 00:00:00.000;353,0;VRL ;1;0,0;1357
2018-12-27 00:00:00.000;314,0;VRL ;1;0,0;1358
2018-12-27 00:00:00.000;504,0;VRL ;1;0,0;1359
2018-12-27 00:00:00.000;521,0;VRL ;1;0,0;1360
2018-12-27 00:00:00.000;585,0;JLP;1;0,0;1361
2018-12-27 00:00:00.000;340,0;JLP;1;0,0;1362
2018-12-27 00:00:00.000;391,0;JLP;4;0,0;1363
2018-12-27 00:00:00.000;592,0;JLP;1;41,9;1364
2018-12-27 00:00:00.000;244,0;JLP;1;0,0;1365
2018-12-27 00:00:00.000;205,0;JLP;4;0,0;1366
2018-12-27 00:00:00.000;342,0;JLP;3;0,0;1367
2018-12-27 00:00:00.000;413,0;JLP;4;0,0;1368
2018-12-27 00:00:00.000;442,0;JLP;4;0,0;1369
2018-12-27 00:00:00.000;186,0;JLP;1;0,0;1370
2018-12-27 00:00:00.000;472,0;JLP;3;0,0;1371
2018-12-27 00:00:00.000;582,0;JLP;1;0,0;1372
2018-12-27 00:00:00.000;600,0;JLP;3;0,0;1373
2018-12-27 00:00:00.000;198,0;JLP;1;0,0;1374
2018-12-27 00:00:00.000;154,0;JLP;;0,0;1375
2018-12-27 00:00:00.000;142,0;JLP;3;0,0;1376
2018-12-27 00:00:00.000;251,0;JLP;4;0,0;1377
2018-12-27 00:00:00.000;552,0;JLP;1;0,0;1378
2018-12-27 00:00:00.000;111,0;JLP;1;0,0;1379
2018-12-27 00:00:00.000;534,0;JLP;1;0,0;1380
2018-12-27 00:00:00.000;311,0;JLP;1;0,0;1381
2018-12-27 00:00:00.000;607,0;JLP;3;0,0;1382
2018-12-27 00:00:00.000;190,0;JLP;4;0,0;1383
2018-12-27 00:00:00.000;411,0;JLP;4;0,0;1384
2018-12-27 00:00:00.000;306,0;JLP;4;0,0;1385
2018-12-27 00:00:00.000;496,0;JLP;3;0,0;1386
2018-12-27 00:00:00.000;400,0;JLP;1;0,0;1387
2018-12-27 00:00:00.000;361,0;JLP;1;0,0;1388
2018-12-27 00:00:00.000;173,0;JLP;4;0,0;1389
2018-12-27 00:00:00.000;231,0;JLP;1;0,0;1390
2018-12-27 00:00:00.000;409,0;JLP;1;0,0;1391
2018-12-27 00:00:00.000;560,0;JLP;1;0,0;1392
2018-12-27 00:00:00.000;135,0;JLP;4;0,0;1393
2018-12-28 00:00:00.000;411,0;JLP;1;0,0;1394
2018-12-28 00:00:00.000;414,0;JLP;3;0,0;1395
2018-12-28 00:00:00.000;156,0;JLP;4;0,0;1396
2018-12-28 00:00:00.000;484,0;JLP;4;0,0;1397
2018-12-28 00:00:00.000;405,0;JLP;1;0,0;1398
2018-12-28 00:00:00.000;122,0;JLP;4;0,0;1399
2018-12-28 00:00:00.000;369,0;JLP;3;0,0;1400
2018-12-28 00:00:00.000;587,0;JLP;4;0,0;1401
2018-12-28 00:00:00.000;256,0;JLP;1;0,0;1402
2018-12-28 00:00:00.000;572,0;JLP;1;0,0;1403
2018-12-28 00:00:00.000;229,0;JLP;3;0,0;1404
2018-12-28 00:00:00.000;271,0;VRL ;1;0,0;1405
2018-12-28 00:00:00.000;557,0;VRL ;1;0,0;1406
2018-12-28 00:00:00.000;341,0;VRL ;1;0,0;1407
2018-12-28 00:00:00.000;424,0;VRL ;1;0,0;1408
2018-12-28 00:00:00.000;512,0;VRL ;1;0,0;1409
2018-12-28 00:00:00.000;571,0;VRL ;1;0,0;1410
2018-12-28 00:00:00.000;602,0;VRL ;1;0,0;1411
2018-12-28 00:00:00.000;438,0;VRL ;1;0,0;1412
2018-12-28 00:00:00.000;250,0;JLP;3;0,0;1413
2018-12-28 00:00:00.000;233,0;JLP;3;0,0;1414
2018-12-28 00:00:00.000;367,0;JLP;3;0,0;1415
2018-12-28 00:00:00.000;277,0;JLP;3;0,0;1416
2018-12-28 00:00:00.000;395,0;JLP;1;0,0;1417
2018-12-28 00:00:00.000;466,0;JLP;4;0,0;1418
2018-12-28 00:00:00.000;167,0;VRL ;1;0,0;1419
2018-12-28 00:00:00.000;599,0;VRL ;1;0,0;1420
2018-12-28 00:00:00.000;489,0;JLP;4;0,0;1421
2018-12-28 00:00:00.000;570,0;JLP;4;0,0;1422
2018-12-28 00:00:00.000;271,0;JLP;1;0,0;1423
2018-12-28 00:00:00.000;133,0;VRL ;1;0,0;1424
2018-12-28 00:00:00.000;185,0;JLP;1;0,0;1425
2018-12-28 00:00:00.000;552,0;JLP;4;0,0;1426
2018-12-28 00:00:00.000;512,0;JLP;1;0,0;1427
2018-12-28 00:00:00.000;206,0;JLP;3;74,8;1428
2018-12-28 00:00:00.000;572,0;JLP;;0,0;1429
2018-12-28 00:00:00.000;419,0;VRL ;1;0,0;1430
2018-12-28 00:00:00.000;480,0;VRL ;1;0,0;1431
2018-12-28 00:00:00.000;426,0;VRL ;1;0,0;1432
2018-12-28 00:00:00.000;390,0;VRL ;1;25,9;1433
2018-12-28 00:00:00.000;491,0;JLP;4;0,0;1434
2018-12-28 00:00:00.000;154,0;JLP;1;75,6;1435
2018-12-28 00:00:00.000;330,0;JLP;1;88,8;1436
2018-12-28 00:00:00.000;448,0;JLP;1;69,8;1437
2018-12-28 00:00:00.000;188,0;JLP;1;22,9;1438
2018-12-28 00:00:00.000;232,0;VRL ;1;0,0;1439
2018-12-28 00:00:00.000;247,0;VRL ;1;88,8;1440
2018-12-28 00:00:00.000;225,0;VRL ;1;0,0;1441
2018-12-28 00:00:00.000;111,0;VRL ;1;0,0;1442
2018-12-28 00:00:00.000;467,0;JLP;4;0,0;1443
2018-12-28 00:00:00.000;567,0;JLP;4;0,0;1444
2018-12-28 00:00:00.000;197,0;JLP;4;0,0;1445
2018-12-28 00:00:00.000;259,0;JLP;4;0,0;1446
2018-12-28 00:00:00.000;539,0;JLP;4;0,0;1447
2018-12-28 00:00:00.000;225,0;VRL ;1;0,0;1448
2018-12-28 00:00:00.000;226,0;VRL ;1;0,0;1449
2018-12-28 00:00:00.000;505,0;VRL ;1;0,0;1450
2018-12-28 00:00:00.000;405,0;VRL ;1;0,0;1451
2018-12-28 00:00:00.000;292,0;VRL ;1;0,0;1452
2018-12-28 00:00:00.000;206,0;VRL ;1;0,0;1453
2018-12-28 00:00:00.000;458,0;VRL ;1;0,0;1454
2018-12-28 00:00:00.000;328,0;JLP;4;0,0;1455
2018-12-28 00:00:00.000;156,0;JLP;4;0,0;1456
2018-12-28 00:00:00.000;578,0;JLP;1;0,0;1457
2018-12-28 00:00:00.000;606,0;JLP;4;0,0;1458
2018-12-28 00:00:00.000;416,0;JLP;1;0,0;1459
2018-12-28 00:00:00.000;216,0;VRL ;1;0,0;1460
2018-12-28 00:00:00.000;498,0;JLP;1;0,0;1461
2018-12-28 00:00:00.000;429,0;VRL ;1;99,9;1462
2018-12-28 00:00:00.000;467,0;VRL ;1;171,4;1463
2018-12-28 00:00:00.000;124,0;VRL ;1;99,9;1464
2018-12-28 00:00:00.000;496,0;VRL ;1;0,0;1465
2018-12-28 00:00:00.000;555,0;VRL ;3;169,9;1466
2018-12-28 00:00:00.000;300,0;JLP;3;0,0;1467
2018-12-28 00:00:00.000;574,0;VRL ;1;0,0;1468
2018-12-28 00:00:00.000;160,0;JLP;3;0,0;1469
2018-12-28 00:00:00.000;231,0;JLP;1;0,0;1470
2018-12-28 00:00:00.000;388,0;JLP;4;0,0;1471
2018-12-28 00:00:00.000;159,0;JLP;3;0,0;1472
2018-12-28 00:00:00.000;265,0;JLP;1;0,0;1473
2018-12-28 00:00:00.000;120,0;JLP;4;0,0;1474
2018-12-28 00:00:00.000;516,0;JLP;1;36,9;1475
2018-12-28 00:00:00.000;337,0;JLP;1;0,0;1476
2018-12-28 00:00:00.000;587,0;JLP;4;0,0;1477
2018-12-28 00:00:00.000;568,0;JLP;3;0,0;1478
2018-12-28 00:00:00.000;224,0;JLP;4;0,0;1479
2018-12-28 00:00:00.000;364,0;JLP;1;0,0;1480
2018-12-28 00:00:00.000;486,0;JLP;3;0,0;1481
2018-12-28 00:00:00.000;157,0;JLP;1;0,0;1482
2018-12-28 00:00:00.000;129,0;JLP;1;0,0;1483
2018-12-28 00:00:00.000;143,0;JLP;4;0,0;1484
2018-12-28 00:00:00.000;455,0;JLP;1;60,3;1485
2018-12-28 00:00:00.000;594,0;JLP;1;0,0;1486
2018-12-28 00:00:00.000;297,0;JLP;;0,0;1487
2018-12-28 00:00:00.000;384,0;JLP;1;0,0;1488
2018-12-28 00:00:00.000;224,0;JLP;4;0,0;1489
2018-12-28 00:00:00.000;585,0;JLP;4;0,0;1490
2018-12-28 00:00:00.000;515,0;JLP;4;0,0;1491
2018-12-28 00:00:00.000;543,0;JLP;4;0,0;1492
2018-12-28 00:00:00.000;501,0;JLP;3;0,0;1493
2018-12-28 00:00:00.000;400,0;JLP;3;0,0;1494
2018-12-28 00:00:00.000;186,0;JLP;1;0,0;1495
2018-12-28 00:00:00.000;308,0;JLP;1;0,0;1496
2018-12-28 00:00:00.000;180,0;JLP;4;0,0;1497
2018-12-28 00:00:00.000;383,0;JLP;4;0,0;1498
2018-12-28 00:00:00.000;341,0;JLP;1;0,0;1499
2018-12-28 00:00:00.000;359,0;JLP;;0,0;1500
2018-12-28 00:00:00.000;267,0;JLP;4;0,0;1501
2018-12-28 00:00:00.000;234,0;JLP;4;0,0;1502
2018-12-28 00:00:00.000;449,0;JLP;3;251,8;1503
2018-12-28 00:00:00.000;611,0;JLP;;0,0;1504
2018-12-28 00:00:00.000;142,0;JLP;1;0,0;1505
2018-12-28 00:00:00.000;133,0;JLP;1;0,0;1506
2018-12-28 00:00:00.000;451,0;JLP;4;0,0;1507
2018-12-28 00:00:00.000;447,0;JLP;1;34,9;1508
2018-12-28 00:00:00.000;541,0;JLP;1;0,0;1509
2018-12-28 00:00:00.000;266,0;JLP;;0,0;1510
2018-12-28 00:00:00.000;358,0;JLP;1;0,0;1511
2018-12-28 00:00:00.000;236,0;JLP;4;0,0;1512
2018-12-28 00:00:00.000;181,0;JLP;;0,0;1513
2018-12-28 00:00:00.000;187,0;JLP;1;0,0;1514
2018-12-29 00:00:00.000;407,0;JLP;1;0,0;1515
2018-12-29 00:00:00.000;419,0;JLP;1;0,0;1516
2018-12-29 00:00:00.000;594,0;JLP;4;0,0;1517
2018-12-29 00:00:00.000;166,0;JLP;4;0,0;1518
2018-12-29 00:00:00.000;214,0;JLP;3;0,0;1519
2018-12-29 00:00:00.000;255,0;JLP;4;0,0;1520
2018-12-29 00:00:00.000;165,0;JLP;3;0,0;1521
2018-12-29 00:00:00.000;151,0;JLP;4;0,0;1522
2018-12-29 00:00:00.000;308,0;JLP;3;0,0;1523
2018-12-29 00:00:00.000;514,0;JLP;4;0,0;1524
2018-12-29 00:00:00.000;501,0;JLP;4;0,0;1525
2018-12-29 00:00:00.000;425,0;JLP;4;0,0;1526
2018-12-29 00:00:00.000;377,0;JLP;1;0,0;1527
2018-12-29 00:00:00.000;364,0;JLP;1;0,0;1528
2018-12-29 00:00:00.000;172,0;JLP;4;0,0;1529
2018-12-29 00:00:00.000;342,0;JLP;1;0,0;1530
2018-12-29 00:00:00.000;554,0;JLP;3;0,0;1531
2018-12-29 00:00:00.000;522,0;JLP;4;0,0;1532
2018-12-29 00:00:00.000;306,0;JLP;1;0,0;1533
2018-12-29 00:00:00.000;537,0;JLP;1;0,0;1534
2018-12-29 00:00:00.000;394,0;JLP;3;0,0;1535
2018-12-29 00:00:00.000;219,0;JLP;1;0,0;1536
2018-12-29 00:00:00.000;297,0;JLP;1;0,0;1537
2018-12-29 00:00:00.000;161,0;JLP;1;0,0;1538
2018-12-29 00:00:00.000;339,0;JLP;1;0,0;1539
2018-12-29 00:00:00.000;354,0;JLP;1;0,0;1540
2018-12-29 00:00:00.000;504,0;JLP;1;0,0;1541
2018-12-29 00:00:00.000;359,0;JLP;1;0,0;1542
2018-12-29 00:00:00.000;212,0;JLP;1;0,0;1543
2018-12-29 00:00:00.000;138,0;JLP;1;0,0;1544
2018-12-29 00:00:00.000;318,0;JLP;1;0,0;1545
2018-12-29 00:00:00.000;164,0;JLP;1;0,0;1546
2018-12-29 00:00:00.000;268,0;JLP;1;0,0;1547
2018-12-29 00:00:00.000;274,0;JLP;1;0,0;1548
2018-12-29 00:00:00.000;358,0;JLP;1;0,0;1549
2018-12-29 00:00:00.000;192,0;VRL ;3;0,0;1550
2018-12-29 00:00:00.000;459,0;VRL ;1;21,9;1551
2018-12-29 00:00:00.000;442,0;JLP;1;0,0;1552
2018-12-29 00:00:00.000;574,0;JLP;1;0,0;1553
2018-12-29 00:00:00.000;603,0;JLP;1;0,0;1554
2018-12-29 00:00:00.000;184,0;JLP;1;0,0;1555
2018-12-29 00:00:00.000;217,0;JLP;1;0,0;1556
2018-12-29 00:00:00.000;165,0;JLP;3;0,0;1557
2018-12-29 00:00:00.000;167,0;JLP;1;0,0;1558
2018-12-29 00:00:00.000;497,0;JLP;4;0,0;1559
2018-12-29 00:00:00.000;418,0;JLP;3;0,0;1560
2018-12-29 00:00:00.000;606,0;JLP;4;0,0;1561
2018-12-29 00:00:00.000;236,0;JLP;1;0,0;1562
2018-12-29 00:00:00.000;410,0;JLP;1;0,0;1563
2018-12-29 00:00:00.000;460,0;JLP;1;0,0;1564
2018-12-29 00:00:00.000;317,0;JLP;4;0,0;1565
2018-12-29 00:00:00.000;561,0;JLP;4;0,0;1566
2018-12-29 00:00:00.000;200,0;JLP;1;0,0;1567
2018-12-29 00:00:00.000;496,0;JLP;1;0,0;1568
2018-12-29 00:00:00.000;580,0;JLP;1;0,0;1569
2018-12-29 00:00:00.000;356,0;JLP;1;0,0;1570
2018-12-29 00:00:00.000;361,0;JLP;1;0,0;1571
2018-12-29 00:00:00.000;555,0;JLP;1;0,0;1572
2018-12-29 00:00:00.000;115,0;JLP;1;0,0;1573
2018-12-29 00:00:00.000;339,0;JLP;1;0,0;1574
2018-12-29 00:00:00.000;115,0;JLP;1;0,0;1575
2018-12-29 00:00:00.000;130,0;JLP;1;0,0;1576
2018-12-29 00:00:00.000;247,0;JLP;4;0,0;1577
2018-12-29 00:00:00.000;282,0;JLP;1;91,4;1578
2018-12-29 00:00:00.000;203,0;JLP;1;0,0;1579
2018-12-29 00:00:00.000;179,0;JLP;1;0,0;1580
2018-12-29 00:00:00.000;339,0;JLP;1;0,0;1581
2018-12-29 00:00:00.000;193,0;JLP;1;0,0;1582
2018-12-29 00:00:00.000;224,0;JLP;4;0,0;1583
2018-12-29 00:00:00.000;237,0;JLP;1;0,0;1584
2018-12-29 00:00:00.000;189,0;JLP;1;0,0;1585
2018-12-29 00:00:00.000;382,0;JLP;3;0,0;1586
2018-12-29 00:00:00.000;596,0;JLP;1;0,0;1587
2018-12-29 00:00:00.000;147,0;JLP;4;0,0;1588
2018-12-29 00:00:00.000;562,0;JLP;4;0,0;1589
2018-12-29 00:00:00.000;601,0;JLP;4;0,0;1590
2018-12-29 00:00:00.000;589,0;JLP;1;0,0;1591
2018-12-29 00:00:00.000;580,0;JLP;3;0,0;1592
2018-12-29 00:00:00.000;596,0;JLP;4;0,0;1593
2018-12-29 00:00:00.000;603,0;JLP;3;0,0;1594
2018-12-29 00:00:00.000;211,0;JLP;4;0,0;1595
2018-12-29 00:00:00.000;454,0;JLP;3;0,0;1596
2018-12-29 00:00:00.000;442,0;JLP;1;0,0;1597
2018-12-29 00:00:00.000;149,0;JLP;4;0,0;1598
2018-12-29 00:00:00.000;341,0;JLP;4;0,0;1599
2018-12-29 00:00:00.000;243,0;JLP;3;0,0;1600
2018-12-29 00:00:00.000;524,0;JLP;4;0,0;1601
2018-12-29 00:00:00.000;396,0;JLP;1;0,0;1602
2018-12-29 00:00:00.000;451,0;JLP;4;0,0;1603
2018-12-29 00:00:00.000;258,0;JLP;1;0,0;1604
2018-12-29 00:00:00.000;150,0;JLP;1;0,0;1605
2018-12-29 00:00:00.000;501,0;JLP;4;0,0;1606
2018-12-29 00:00:00.000;198,0;JLP;3;0,0;1607
2018-12-29 00:00:00.000;263,0;JLP;4;0,0;1608
2018-12-29 00:00:00.000;255,0;JLP;4;0,0;1609
2018-12-29 00:00:00.000;528,0;JLP;4;0,0;1610
2018-12-29 00:00:00.000;338,0;JLP;1;0,0;1611
2018-12-29 00:00:00.000;594,0;JLP;1;0,0;1612
2018-12-29 00:00:00.000;260,0;JLP;1;0,0;1613
2018-12-29 00:00:00.000;140,0;JLP;1;0,0;1614
2018-12-29 00:00:00.000;609,0;JLP;3;0,0;1615
2018-12-29 00:00:00.000;526,0;JLP;1;0,0;1616
2018-12-29 00:00:00.000;527,0;JLP;4;0,0;1617
2018-12-29 00:00:00.000;554,0;JLP;4;0,0;1618
2018-12-29 00:00:00.000;210,0;JLP;4;0,0;1619
2018-12-29 00:00:00.000;267,0;JLP;4;0,0;1620
2018-12-29 00:00:00.000;336,0;JLP;1;0,0;1621
2018-12-29 00:00:00.000;514,0;JLP;4;0,0;1622
2018-12-29 00:00:00.000;222,0;JLP;1;91,4;1623
2018-12-29 00:00:00.000;536,0;JLP;3;0,0;1624
2018-12-29 00:00:00.000;507,0;JLP;;0,0;1625
2018-12-30 00:00:00.000;221,0;JLP;;0,0;1626
2018-12-30 00:00:00.000;377,0;JLP;1;0,0;1627
2018-12-30 00:00:00.000;213,0;JLP;4;0,0;1628
2018-12-30 00:00:00.000;406,0;JLP;1;0,0;1629
2018-12-30 00:00:00.000;428,0;JLP;1;0,0;1630
2018-12-30 00:00:00.000;540,0;JLP;1;0,0;1631
2018-12-30 00:00:00.000;190,0;JLP;1;0,0;1632
2018-12-30 00:00:00.000;506,0;JLP;1;0,0;1633
2018-12-30 00:00:00.000;278,0;JLP;1;0,0;1634
2018-12-30 00:00:00.000;484,0;JLP;1;25,9;1635
2018-12-30 00:00:00.000;308,0;JLP;1;0,0;1636
2018-12-30 00:00:00.000;431,0;JLP;4;0,0;1637
2018-12-30 00:00:00.000;243,0;JLP;3;0,0;1638
2018-12-30 00:00:00.000;542,0;JLP;1;0,0;1639
2018-12-30 00:00:00.000;190,0;JLP;1;0,0;1640
2018-12-30 00:00:00.000;510,0;JLP;1;0,0;1641
2018-12-30 00:00:00.000;317,0;JLP;1;0,0;1642
2018-12-30 00:00:00.000;547,0;JLP;4;0,0;1643
2018-12-30 00:00:00.000;599,0;JLP;4;0,0;1644
2018-12-30 00:00:00.000;572,0;JLP;4;0,0;1645
2018-12-30 00:00:00.000;612,0;JLP;1;0,0;1646
2018-12-30 00:00:00.000;270,0;JLP;3;0,0;1647
2018-12-30 00:00:00.000;557,0;JLP;1;0,0;1648
2018-12-30 00:00:00.000;546,0;JLP;1;0,0;1649
2018-12-30 00:00:00.000;395,0;JLP;4;0,0;1650
2018-12-30 00:00:00.000;250,0;JLP;4;0,0;1651
2018-12-30 00:00:00.000;286,0;JLP;1;0,0;1652
2018-12-30 00:00:00.000;266,0;JLP;1;0,0;1653
2018-12-30 00:00:00.000;159,0;JLP;4;0,0;1654
2018-12-30 00:00:00.000;196,0;JLP;4;0,0;1655
2018-12-30 00:00:00.000;364,0;JLP;1;0,0;1656
2018-12-30 00:00:00.000;394,0;JLP;1;0,0;1657
2018-12-30 00:00:00.000;487,0;JLP;1;0,0;1658
2018-12-30 00:00:00.000;197,0;JLP;3;0,0;1659
2018-12-30 00:00:00.000;167,0;JLP;1;0,0;1660
2018-12-30 00:00:00.000;342,0;JLP;4;0,0;1661
2018-12-30 00:00:00.000;569,0;JLP;1;0,0;1662
2018-12-30 00:00:00.000;301,0;JLP;4;0,0;1663
2018-12-30 00:00:00.000;572,0;JLP;1;0,0;1664
2018-12-30 00:00:00.000;248,0;JLP;4;0,0;1665
2018-12-30 00:00:00.000;119,0;JLP;3;0,0;1666
2018-12-30 00:00:00.000;135,0;JLP;1;0,0;1667
2018-12-30 00:00:00.000;263,0;JLP;3;0,0;1668
2018-12-30 00:00:00.000;362,0;JLP;3;0,0;1669
2018-12-30 00:00:00.000;388,0;JLP;3;0,0;1670
2018-12-30 00:00:00.000;124,0;JLP;1;0,0;1671
2018-12-30 00:00:00.000;265,0;JLP;4;0,0;1672
2018-12-30 00:00:00.000;196,0;JLP;1;0,0;1673
2018-12-30 00:00:00.000;209,0;JLP;3;0,0;1674
2018-12-30 00:00:00.000;536,0;JLP;4;0,0;1675
2018-12-30 00:00:00.000;214,0;JLP;1;0,0;1676
2018-12-30 00:00:00.000;545,0;JLP;4;0,0;1677
2018-12-30 00:00:00.000;255,0;JLP;1;0,0;1678
2018-12-30 00:00:00.000;119,0;JLP;1;0,0;1679
2018-12-30 00:00:00.000;294,0;JLP;4;0,0;1680
2018-12-30 00:00:00.000;570,0;JLP;3;0,0;1681
2018-12-30 00:00:00.000;485,0;JLP;1;0,0;1682
2018-12-30 00:00:00.000;279,0;JLP;1;0,0;1683
2018-12-30 00:00:00.000;431,0;JLP;1;0,0;1684
2018-12-30 00:00:00.000;410,0;JLP;4;0,0;1685
2018-12-30 00:00:00.000;408,0;JLP;3;0,0;1686
2018-12-30 00:00:00.000;336,0;JLP;4;0,0;1687
2018-12-30 00:00:00.000;328,0;JLP;1;0,0;1688
2018-12-30 00:00:00.000;185,0;JLP;1;0,0;1689
2018-12-30 00:00:00.000;264,0;JLP;4;0,0;1690
2018-12-30 00:00:00.000;591,0;JLP;;0,0;1691
2018-12-30 00:00:00.000;255,0;JLP;4;0,0;1692
2018-12-30 00:00:00.000;297,0;JLP;3;0,0;1693
2018-12-30 00:00:00.000;529,0;JLP;3;0,0;1694
2018-12-30 00:00:00.000;193,0;JLP;3;0,0;1695
2018-12-30 00:00:00.000;193,0;JLP;4;0,0;1696
2018-12-30 00:00:00.000;344,0;JLP;1;0,0;1697
2018-12-30 00:00:00.000;345,0;JLP;4;0,0;1698
2018-12-30 00:00:00.000;362,0;JLP;3;0,0;1699
2018-12-30 00:00:00.000;568,0;JLP;4;0,0;1700
2018-12-30 00:00:00.000;132,0;JLP;1;0,0;1701
2018-12-30 00:00:00.000;140,0;JLP;1;0,0;1702
2018-12-30 00:00:00.000;584,0;JLP;1;0,0;1703
2018-12-30 00:00:00.000;580,0;JLP;1;12,0;1704
2018-12-30 00:00:00.000;331,0;JLP;1;0,0;1705
2018-12-30 00:00:00.000;378,0;JLP;1;0,0;1706
2018-12-30 00:00:00.000;609,0;JLP;1;39,9;1707
2018-12-30 00:00:00.000;118,0;JLP;3;0,0;1708
2018-12-30 00:00:00.000;279,0;JLP;3;0,0;1709
2018-12-30 00:00:00.000;220,0;JLP;4;0,0;1710
2018-12-30 00:00:00.000;321,0;JLP;1;0,0;1711
2018-12-30 00:00:00.000;503,0;JLP;4;0,0;1712
2018-12-30 00:00:00.000;454,0;JLP;;0,0;1713
2018-12-30 00:00:00.000;364,0;JLP;4;0,0;1714
2018-12-30 00:00:00.000;437,0;JLP;1;0,0;1715
2018-12-30 00:00:00.000;173,0;JLP;1;0,0;1716
2018-12-30 00:00:00.000;453,0;JLP;1;0,0;1717
2018-12-30 00:00:00.000;529,0;JLP;1;0,0;1718
2018-12-30 00:00:00.000;465,0;JLP;4;0,0;1719
2018-12-30 00:00:00.000;135,0;JLP;4;0,0;1720
2018-12-30 00:00:00.000;121,0;JLP;4;0,0;1721
2018-12-30 00:00:00.000;253,0;JLP;3;0,0;1722
2018-12-31 00:00:00.000;162,0;JLP;;0,0;1723
2018-12-31 00:00:00.000;129,0;JLP;4;0,0;1724
2018-12-31 00:00:00.000;522,0;JLP;1;0,0;1725
2018-12-31 00:00:00.000;326,0;JLP;1;0,0;1726
2018-12-31 00:00:00.000;600,0;JLP;3;0,0;1727
2018-12-31 00:00:00.000;373,0;JLP;4;0,0;1728
2018-12-31 00:00:00.000;121,0;JLP;1;0,0;1729
2018-12-31 00:00:00.000;496,0;JLP;1;0,0;1730
2018-12-31 00:00:00.000;269,0;JLP;1;0,0;1731
2018-12-31 00:00:00.000;193,0;JLP;1;0,0;1732
2018-12-31 00:00:00.000;421,0;JLP;1;0,0;1733
2018-12-31 00:00:00.000;554,0;JLP;1;0,0;1734
2018-12-31 00:00:00.000;257,0;JLP;3;0,0;1735
2018-12-31 00:00:00.000;508,0;JLP;1;0,0;1736
2018-12-31 00:00:00.000;275,0;JLP;1;0,0;1737
2018-12-31 00:00:00.000;595,0;JLP;4;0,0;1738
2018-12-31 00:00:00.000;270,0;JLP;1;0,0;1739
2018-12-31 00:00:00.000;562,0;JLP;4;0,0;1740
2018-12-31 00:00:00.000;512,0;JLP;1;0,0;1741
2018-12-31 00:00:00.000;434,0;JLP;4;0,0;1742
2018-12-31 00:00:00.000;359,0;JLP;4;0,0;1743
2018-12-31 00:00:00.000;489,0;JLP;1;0,0;1744
2018-12-31 00:00:00.000;608,0;JLP;1;0,0;1745
2018-12-31 00:00:00.000;412,0;JLP;1;0,0;1746
2018-12-31 00:00:00.000;507,0;JLP;;0,0;1747
2018-12-31 00:00:00.000;332,0;JLP;1;0,0;1748
2018-12-31 00:00:00.000;334,0;JLP;4;0,0;1749
2018-12-31 00:00:00.000;189,0;JLP;;0,0;1750
2018-12-31 00:00:00.000;397,0;JLP;4;0,0;1751
2018-12-31 00:00:00.000;180,0;JLP;1;0,0;1752
2018-12-31 00:00:00.000;524,0;JLP;4;0,0;1753
2018-12-31 00:00:00.000;256,0;JLP;4;0,0;1754
2018-12-31 00:00:00.000;230,0;JLP;3;0,0;1755
2018-12-31 00:00:00.000;383,0;JLP;4;0,0;1756
2018-12-31 00:00:00.000;447,0;JLP;4;0,0;1757
2018-12-31 00:00:00.000;181,0;JLP;3;0,0;1758
2018-12-31 00:00:00.000;385,0;JLP;1;0,0;1759
2018-12-31 00:00:00.000;470,0;JLP;4;0,0;1760
2018-12-31 00:00:00.000;137,0;JLP;;0,0;1761
2018-12-31 00:00:00.000;286,0;JLP;4;0,0;1762
2018-12-31 00:00:00.000;542,0;JLP;4;0,0;1763
2018-12-31 00:00:00.000;523,0;JLP;4;0,0;1764
2018-12-31 00:00:00.000;117,0;JLP;1;0,0;1765
2018-12-31 00:00:00.000;330,0;VRL ;4;0,0;1766
2018-12-31 00:00:00.000;241,0;VRL ;1;42,9;1767
2018-12-31 00:00:00.000;223,0;VRL ;3;0,0;1768
2018-12-31 00:00:00.000;583,0;JLP;1;0,0;1769
2018-12-31 00:00:00.000;147,0;JLP;4;0,0;1770
2018-12-31 00:00:00.000;416,0;JLP;1;0,0;1771
2018-12-31 00:00:00.000;259,0;JLP;1;0,0;1772
2018-12-31 00:00:00.000;307,0;JLP;1;0,0;1773
2018-12-31 00:00:00.000;403,0;JLP;1;0,0;1774
2018-12-31 00:00:00.000;156,0;JLP;1;0,0;1775
2018-12-31 00:00:00.000;256,0;JLP;;0,0;1776
2018-12-31 00:00:00.000;228,0;JLP;1;0,0;1777
2018-12-31 00:00:00.000;340,0;JLP;1;0,0;1778
2018-12-31 00:00:00.000;379,0;JLP;1;0,0;1779
2018-12-31 00:00:00.000;585,0;JLP;4;0,0;1780
2018-12-31 00:00:00.000;277,0;JLP;3;0,0;1781
2018-12-31 00:00:00.000;356,0;JLP;4;0,0;1782
2018-12-31 00:00:00.000;575,0;JLP;1;0,0;1783
2018-12-31 00:00:00.000;161,0;JLP;4;0,0;1784
2018-12-31 00:00:00.000;568,0;JLP;3;0,0;1785
2018-12-31 00:00:00.000;226,0;JLP;4;0,0;1786
2018-12-31 00:00:00.000;433,0;JLP;1;0,0;1787
2018-12-31 00:00:00.000;422,0;JLP;;0,0;1788
2018-12-31 00:00:00.000;554,0;JLP;1;0,0;1789
2018-12-31 00:00:00.000;486,0;JLP;1;0,0;1790
2018-12-31 00:00:00.000;383,0;JLP;;0,0;1791
2018-12-31 00:00:00.000;232,0;JLP;4;0,0;1792
2018-12-31 00:00:00.000;428,0;JLP;4;0,0;1793
2018-12-31 00:00:00.000;440,0;JLP;3;0,0;1794
2018-12-31 00:00:00.000;331,0;JLP;4;0,0;1795
2018-12-31 00:00:00.000;148,0;JLP;1;0,0;1796
2018-12-31 00:00:00.000;299,0;JLP;1;0,0;1797
2018-12-31 00:00:00.000;308,0;JLP;4;0,0;1798
2018-12-31 00:00:00.000;156,0;JLP;1;0,0;1799
2018-12-31 00:00:00.000;575,0;JLP;4;0,0;1800
2018-12-31 00:00:00.000;511,0;JLP;4;0,0;1801
2018-12-31 00:00:00.000;509,0;JLP;1;0,0;1802
2018-12-31 00:00:00.000;419,0;JLP;3;0,0;1803
2018-12-31 00:00:00.000;328,0;JLP;4;0,0;1804
2018-12-31 00:00:00.000;265,0;JLP;4;0,0;1805
2018-12-31 00:00:00.000;324,0;JLP;1;0,0;1806
2018-12-31 00:00:00.000;155,0;JLP;4;0,0;1807
2018-12-31 00:00:00.000;532,0;JLP;1;0,0;1808
2018-12-31 00:00:00.000;280,0;JLP;4;0,0;1809
2018-12-31 00:00:00.000;366,0;JLP;1;0,0;1810
2018-12-31 00:00:00.000;121,0;JLP;1;0,0;1811
2018-12-31 00:00:00.000;591,0;JLP;3;0,0;1812
2018-12-31 00:00:00.000;303,0;JLP;4;0,0;1813
2018-12-31 00:00:00.000;244,0;JLP;4;0,0;1814
2018-12-31 00:00:00.000;566,0;JLP;1;0,0;1815
2018-12-31 00:00:00.000;590,0;JLP;4;0,0;1816
2018-12-31 00:00:00.000;515,0;JLP;4;0,0;1817
2018-12-31 00:00:00.000;365,0;JLP;;0,0;1818
2018-12-31 00:00:00.000;357,0;JLP;3;0,0;1819
2019-01-02 00:00:00.000;669,0;VRL ;1;75,0;1920
2019-01-06 00:00:00.000;737,0;VRL ;1;41,0;2157
2019-01-02 00:00:00.000;650,0;USV ;1;607,0;1822
2019-01-07 00:00:00.000;127,0;USV ;1;619,0;2262
2019-01-08 00:00:00.000;234,0;USV ;1;450,0;2336
2019-01-03 00:00:00.000;278,0;VRP ;1;450,0;2014
2019-01-03 00:00:00.000;194,0;VRP ;1;450,0;2017
2019-01-06 00:00:00.000;479,0;VRL ;1;450,0;2168
2019-01-05 00:00:00.000;641,0;USV ;1;450,0;2115
2019-01-08 00:00:00.000;158,0;USV ;4;450,0;2351
2019-01-04 00:00:00.000;629,0;VRP ;1;108,0;2029
2019-02-08 00:00:00.000;577,0;USV ;4;102,0;3373
2019-01-02 00:00:00.000;320,0;USV ;1;66,0;1841
2019-01-03 00:00:00.000;567,0;VRP ;1;56,0;1996
2019-01-07 00:00:00.000;436,0;VRL ;1;64,0;2224
2019-01-07 00:00:00.000;118,0;VRL ;1;66,0;2230
2019-01-12 00:00:00.000;188,0;USV ;1;51,0;2459
2019-01-04 00:00:00.000;451,0;VRP ;1;97,0;2049
2019-01-02 00:00:00.000;641,0;VRL ;1;24,0;1911
2019-01-06 00:00:00.000;94,0;USV ;1;45,0;2184
2019-01-02 00:00:00.000;305,0;USV ;4;93,0;1884
2019-01-17 00:00:00.000;351,0;USV ;4;84,0;2676
2019-01-05 00:00:00.000;182,0;USV ;4;21,0;2088
2019-01-08 00:00:00.000;666,0;USV ;4;34,0;2321
2019-01-10 00:00:00.000;592,0;USV ;4;64,0;2401
2019-02-07 00:00:00.000;379,0;USV ;1;56,0;3356
2019-01-27 00:00:00.000;116,0;USV ;1;0,0;3006
2019-05-17 00:00:00.000;485,0;VRO ;3;37,0;3424
2019-01-02 00:00:00.000;125,0;VRL ;4;97,0;1850
2019-01-02 00:00:00.000;115,0;USV ;3;107,0;1858
2019-02-02 00:00:00.000;213,0;USV ;1;33,0;3186
2019-01-05 00:00:00.000;389,0;USV ;4;33,0;2075
2019-01-06 00:00:00.000;295,0;VRL ;1;91,0;2158
2019-02-08 00:00:00.000;396,0;USV ;1;563,0;3390
2019-01-13 00:00:00.000;645,0;USV ;1;563,0;2546
2019-01-13 00:00:00.000;633,0;USV ;4;563,0;2587
2019-01-21 00:00:00.000;562,0;USV ;1;0,0;2822
2019-01-24 00:00:00.000;586,0;USV ;1;0,0;2918
2019-01-31 00:00:00.000;617,0;VRL ;4;0,0;3104
2019-01-17 00:00:00.000;310,0;USV ;3;93,0;2679
2019-01-26 00:00:00.000;188,0;USV ;1;0,0;2965
2019-01-27 00:00:00.000;239,0;USV ;4;0,0;3016
2019-02-04 00:00:00.000;322,0;USV ;1;104,0;3270
2019-01-06 00:00:00.000;736,0;USV ;4;83,0;2137
2019-01-08 00:00:00.000;445,0;USV ;1;24,0;2338
2019-01-12 00:00:00.000;214,0;VRL ;4;22,0;2490
2019-02-03 00:00:00.000;415,0;USV ;1;34,0;3224
2019-02-04 00:00:00.000;432,0;USV ;4;44,0;3290
2019-02-05 00:00:00.000;380,0;USV ;4;65,0;3314
2019-02-08 00:00:00.000;701,0;USV ;4;57,0;3382
2019-01-18 00:00:00.000;317,0;USV ;3;95,0;2745
2019-01-28 00:00:00.000;632,0;USV ;4;0,0;3031
2019-01-05 00:00:00.000;363,0;USV ;1;45,0;2108
2019-01-06 00:00:00.000;487,0;USV ;1;61,0;2179
2019-01-11 00:00:00.000;321,0;USV ;1;70,0;2424
2019-01-11 00:00:00.000;450,0;USV ;1;43,0;2440
2019-01-12 00:00:00.000;604,0;USV ;3;44,0;2486
2019-02-07 00:00:00.000;653,0;USV ;4;46,0;3361
2019-02-07 00:00:00.000;311,0;USV ;1;69,0;3350
2019-02-03 00:00:00.000;486,0;USV ;1;77,0;3247
2019-01-06 00:00:00.000;422,0;USV ;1;27,0;2186
2019-02-08 00:00:00.000;139,0;USV ;4;77,0;3393
2019-01-25 00:00:00.000;558,0;USV ;1;587,0;2945
2019-01-28 00:00:00.000;244,0;USV ;1;0,0;3048
2019-01-31 00:00:00.000;107,0;VRL ;1;0,0;3111
2019-01-02 00:00:00.000;118,0;VRP ;4;50,0;1934
2019-01-04 00:00:00.000;367,0;VRP ;1;52,0;2032
2019-01-02 00:00:00.000;531,0;USV ;4;74,0;1828
2019-01-04 00:00:00.000;260,0;VRP ;4;102,0;2039
2019-01-06 00:00:00.000;738,0;VRL ;1;55,0;2163
2019-01-09 00:00:00.000;642,0;USV ;4;99,0;2366
2019-01-13 00:00:00.000;724,0;USV ;4;83,0;2552
2019-01-16 00:00:00.000;740,0;USV ;4;86,0;2669
2019-02-01 00:00:00.000;610,0;USV ;4;49,0;3154
2019-01-02 00:00:00.000;282,0;USV ;1;28,0;1836
2019-01-25 00:00:00.000;264,0;USV ;1;0,0;2947
2019-02-02 00:00:00.000;373,0;USV ;4;99,0;3199
2019-01-03 00:00:00.000;102,0;VRP ;4;76,0;1994
2019-01-03 00:00:00.000;434,0;VRP ;3;103,0;2009
2019-01-05 00:00:00.000;537,0;USV ;4;390,0;2074
2019-01-05 00:00:00.000;564,0;USV ;4;100,0;2077
2019-01-05 00:00:00.000;591,0;USV ;4;80,0;2086
2019-01-05 00:00:00.000;732,0;USV ;3;80,0;2123
2019-02-05 00:00:00.000;222,0;USV ;4;48,0;3309
2019-01-06 00:00:00.000;435,0;USV ;4;53,0;2144
2019-01-06 00:00:00.000;737,0;USV ;1;23,0;2185
2019-02-06 00:00:00.000;728,0;USV ;4;99,0;3325
2019-02-06 00:00:00.000;167,0;USV ;4;77,0;3333
2019-01-08 00:00:00.000;185,0;USV ;4;85,0;2329
2019-01-13 00:00:00.000;637,0;USV ;1;28,0;2560
2019-01-13 00:00:00.000;305,0;USV ;4;26,0;2574
2019-01-14 00:00:00.000;221,0;USV ;4;58,0;2596
2019-01-17 00:00:00.000;147,0;USV ;4;22,0;2687
2019-01-21 00:00:00.000;109,0;USV ;1;0,0;2851
2019-01-21 00:00:00.000;439,0;USV ;1;0,0;2853
2019-01-22 00:00:00.000;346,0;USV ;4;0,0;2871
2019-01-05 00:00:00.000;542,0;USV ;1;75,0;2099
2019-01-12 00:00:00.000;732,0;USV ;1;84,0;2468
2019-01-26 00:00:00.000;201,0;USV ;1;0,0;2972
2019-01-02 00:00:00.000;281,0;USV ;4;61,0;1833
2019-01-02 00:00:00.000;677,0;USV ;4;478,0;1857
2019-01-02 00:00:00.000;566,0;VRP ;3;57,0;1982
2019-01-04 00:00:00.000;520,0;VRP ;1;86,0;2030
2019-01-06 00:00:00.000;737,0;VRL ;1;81,0;2151
2019-01-06 00:00:00.000;138,0;VRL ;1;93,0;2155
2019-01-07 00:00:00.000;740,0;VRL ;1;80,0;2228
2019-01-07 00:00:00.000;326,0;USV ;1;34,0;2312
2019-01-12 00:00:00.000;244,0;USV ;4;643,0;2497
2019-01-15 00:00:00.000;525,0;USV ;4;92,0;2648
2019-01-15 00:00:00.000;192,0;USV ;1;88,0;2650
2019-01-07 00:00:00.000;272,0;USV ;1;47,0;2305
2019-02-06 00:00:00.000;259,0;USV ;1;65,0;3323
2019-01-18 00:00:00.000;644,0;USV ;4;44,0;2705
2019-01-20 00:00:00.000;728,0;USV ;1;52,0;2775
2019-01-20 00:00:00.000;287,0;USV ;4;33,0;2791
2019-01-21 00:00:00.000;329,0;USV ;3;0,0;2819
2019-01-21 00:00:00.000;695,0;USV ;1;0,0;2830
2019-01-21 00:00:00.000;559,0;USV ;3;0,0;2838
2019-01-27 00:00:00.000;461,0;USV ;1;0,0;3013
2019-02-08 00:00:00.000;233,0;USV ;1;35,0;3383
2019-01-11 00:00:00.000;164,0;USV ;4;76,0;2434
2019-01-17 00:00:00.000;580,0;USV ;4;79,0;2689
2019-01-02 00:00:00.000;132,0;VRL ;1;106,0;1905
2019-01-02 00:00:00.000;645,0;VRP ;3;60,0;1957
2019-01-06 00:00:00.000;749,0;USV ;3;23,0;2135
2019-01-07 00:00:00.000;471,0;VRL ;4;80,0;2274
2019-01-07 00:00:00.000;120,0;VRL ;4;79,0;2289
2019-01-11 00:00:00.000;631,0;USV ;4;35,0;2426
2019-01-12 00:00:00.000;647,0;VRL ;;52,0;2525
2019-01-13 00:00:00.000;700,0;USV ;4;88,0;2568
2019-01-14 00:00:00.000;91,0;USV ;3;76,0;2593
2019-01-14 00:00:00.000;222,0;USV ;1;47,0;2608
2019-02-01 00:00:00.000;655,0;USV ;1;64,0;3143
2019-01-02 00:00:00.000;609,0;VRL ;4;68,0;1863
2019-01-02 00:00:00.000;607,0;VRL ;1;79,0;1907
2019-01-04 00:00:00.000;718,0;VRP ;1;103,0;2061
2019-02-04 00:00:00.000;262,0;USV ;1;62,0;3272
2019-02-05 00:00:00.000;163,0;USV ;4;79,0;3300
2019-01-09 00:00:00.000;136,0;USV ;3;77,0;2362
2019-01-12 00:00:00.000;432,0;VRL ;4;21,0;2519
2019-01-25 00:00:00.000;136,0;USV ;3;0,0;2930
2019-01-19 00:00:00.000;338,0;USV ;1;100,0;2760
2019-01-02 00:00:00.000;98,0;VRP ;4;102,0;1935
2019-01-07 00:00:00.000;189,0;VRL ;1;76,0;2233
2019-01-12 00:00:00.000;286,0;VRL ;4;77,0;2521
2019-01-13 00:00:00.000;664,0;USV ;1;97,0;2573
2019-01-28 00:00:00.000;101,0;USV ;3;0,0;3035
2019-02-07 00:00:00.000;92,0;USV ;1;72,0;3364
2019-01-02 00:00:00.000;441,0;USV ;1;71,0;1852
2019-01-02 00:00:00.000;183,0;USV ;3;85,0;1853
2019-01-02 00:00:00.000;208,0;VRL ;4;36,0;1861
2019-01-02 00:00:00.000;452,0;VRL ;4;104,0;1899
2019-01-02 00:00:00.000;207,0;VRP ;4;70,0;1974
2019-01-03 00:00:00.000;441,0;VRP ;3;107,0;2002
2019-01-05 00:00:00.000;503,0;USV ;1;34,0;2112
2019-01-05 00:00:00.000;526,0;USV ;4;100,0;2116
2019-01-06 00:00:00.000;375,0;USV ;1;800,0;2170
2019-01-07 00:00:00.000;474,0;USV ;4;689,0;2203
2019-01-07 00:00:00.000;711,0;VRL ;1;39,0;2217
2019-01-07 00:00:00.000;669,0;VRL ;1;25,0;2223
2019-01-07 00:00:00.000;154,0;VRL ;3;93,0;2280
2019-01-09 00:00:00.000;398,0;USV ;3;47,0;2369
2019-01-10 00:00:00.000;392,0;USV ;3;20,0;2386
2019-01-10 00:00:00.000;468,0;USV ;4;78,0;2412
2019-01-11 00:00:00.000;745,0;USV ;3;61,0;2427
2019-01-12 00:00:00.000;687,0;USV ;3;104,0;2484
2019-01-12 00:00:00.000;154,0;VRL ;4;49,0;2506
2019-01-17 00:00:00.000;652,0;USV ;1;22,0;2691
2019-01-18 00:00:00.000;325,0;USV ;4;95,0;2706
2019-01-06 00:00:00.000;422,0;USV ;1;87,0;2193
2019-01-16 00:00:00.000;328,0;USV ;1;29,0;2658
2019-02-01 00:00:00.000;664,0;USV ;1;88,0;3146
2019-01-02 00:00:00.000;486,0;USV ;1;88,0;1938
2019-01-02 00:00:00.000;616,0;VRP ;3;59,0;1956
2019-01-02 00:00:00.000;281,0;USV ;1;67,0;1965
2019-01-05 00:00:00.000;663,0;USV ;3;83,0;2076
2019-01-05 00:00:00.000;262,0;USV ;4;110,0;2104
2019-01-06 00:00:00.000;579,0;USV ;1;60,0;2131
2019-01-07 00:00:00.000;360,0;VRL ;3;61,0;2263
2019-02-09 00:00:00.000;240,0;USV ;1;82,0;3407
2019-01-11 00:00:00.000;698,0;USV ;4;30,0;2454
2019-01-12 00:00:00.000;252,0;VRL ;4;81,0;2472
2019-01-12 00:00:00.000;573,0;USV ;1;81,0;2482
2019-01-14 00:00:00.000;377,0;USV ;3;85,0;2613
2019-01-15 00:00:00.000;683,0;USV ;1;85,0;2645
2019-01-17 00:00:00.000;258,0;USV ;1;103,0;2684
2019-01-18 00:00:00.000;185,0;USV ;4;61,0;2710
2019-01-23 00:00:00.000;209,0;USV ;4;0,0;2895
2019-01-23 00:00:00.000;679,0;USV ;3;0,0;2897
2019-01-27 00:00:00.000;503,0;USV ;1;0,0;3020
2019-01-28 00:00:00.000;628,0;USV ;4;0,0;3046
2019-01-28 00:00:00.000;499,0;USV ;4;0,0;3049
2019-01-31 00:00:00.000;99,0;USV ;3;0,0;3075
2019-01-19 00:00:00.000;115,0;USV ;1;20,0;2771
2019-02-01 00:00:00.000;163,0;USV ;1;38,0;3151
2019-02-01 00:00:00.000;298,0;USV ;3;41,0;3164
2019-01-02 00:00:00.000;439,0;VRP ;3;70,0;1950
2019-02-02 00:00:00.000;354,0;USV ;1;79,0;3173
2019-02-02 00:00:00.000;133,0;USV ;1;30,0;3187
2019-02-03 00:00:00.000;107,0;USV ;1;22,0;3208
2019-02-03 00:00:00.000;572,0;USV ;1;55,0;3241
2019-02-04 00:00:00.000;207,0;USV ;4;67,0;3266
2019-02-04 00:00:00.000;632,0;USV ;3;48,0;3282
2019-02-04 00:00:00.000;640,0;USV ;3;71,0;3284
2019-02-04 00:00:00.000;276,0;USV ;3;102,0;3288
2019-02-04 00:00:00.000;254,0;USV ;1;48,0;3294
2019-02-05 00:00:00.000;500,0;USV ;1;76,0;3297
2019-01-06 00:00:00.000;591,0;VRL ;1;35,0;2147
2019-01-07 00:00:00.000;678,0;USV ;4;62,0;2237
2019-02-07 00:00:00.000;369,0;USV ;4;100,0;3363
2019-02-07 00:00:00.000;288,0;USV ;1;79,0;3365
2019-02-07 00:00:00.000;343,0;USV ;3;20,0;3371
2019-01-08 00:00:00.000;155,0;USV ;1;50,0;2332
2019-02-08 00:00:00.000;711,0;USV ;1;64,0;3389
2019-02-08 00:00:00.000;344,0;USV ;3;29,0;3392
2019-02-09 00:00:00.000;741,0;USV ;4;87,0;3406
2019-02-09 00:00:00.000;722,0;USV ;1;104,0;3415
2019-01-13 00:00:00.000;158,0;USV ;4;54,0;2567
2019-01-15 00:00:00.000;597,0;USV ;3;88,0;2640
2019-01-16 00:00:00.000;180,0;USV ;3;99,0;2660
2019-01-18 00:00:00.000;129,0;USV ;3;22,0;2734
2019-01-19 00:00:00.000;276,0;USV ;4;66,0;2766
2019-01-20 00:00:00.000;546,0;USV ;1;27,0;2798
2019-01-20 00:00:00.000;155,0;USV ;3;32,0;2801
2019-01-21 00:00:00.000;132,0;USV ;4;0,0;2815
2019-01-21 00:00:00.000;716,0;USV ;4;0,0;2818
2019-01-21 00:00:00.000;710,0;USV ;1;0,0;2843
2019-01-23 00:00:00.000;266,0;USV ;4;0,0;2877
2019-01-23 00:00:00.000;146,0;USV ;1;0,0;2907
2019-01-25 00:00:00.000;295,0;USV ;1;0,0;2932
2019-01-25 00:00:00.000;360,0;USV ;3;0,0;2939
2019-01-26 00:00:00.000;287,0;USV ;3;0,0;2978
2019-01-26 00:00:00.000;656,0;USV ;1;0,0;2985
2019-01-27 00:00:00.000;484,0;USV ;4;0,0;3021
2019-01-28 00:00:00.000;196,0;USV ;4;0,0;3033
2019-01-28 00:00:00.000;526,0;USV ;4;0,0;3050
2019-01-31 00:00:00.000;519,0;USV ;1;0,0;3067
2019-01-31 00:00:00.000;483,0;USX ;4;0,0;3082
2019-01-31 00:00:00.000;516,0;VRL ;3;0,0;3103
2019-01-05 00:00:00.000;354,0;USV ;4;31,0;2079
2019-02-02 00:00:00.000;423,0;USV ;3;98,0;3180
2019-01-15 00:00:00.000;549,0;USV ;4;42,0;2644
2019-01-26 00:00:00.000;367,0;USV ;1;0,0;2983
2019-01-02 00:00:00.000;348,0;USV ;3;49,0;1831
2019-01-02 00:00:00.000;719,0;USV ;1;45,0;1838
2019-01-02 00:00:00.000;643,0;VRL ;4;55,0;1846
2019-01-02 00:00:00.000;552,0;VRL ;4;33,0;1897
2019-01-03 00:00:00.000;635,0;VRP ;3;28,0;1990
2019-01-04 00:00:00.000;287,0;VRP ;3;102,0;2042
2019-01-04 00:00:00.000;131,0;VRP ;4;27,0;2052
2019-01-06 00:00:00.000;705,0;USV ;1;49,0;2173
2019-01-07 00:00:00.000;424,0;VRL ;3;92,0;2264
2019-01-10 00:00:00.000;254,0;USV ;4;98,0;2402
2019-01-10 00:00:00.000;609,0;USV ;1;66,0;2409
2019-01-11 00:00:00.000;510,0;USV ;1;63,0;2442
2019-01-12 00:00:00.000;592,0;USV ;1;75,0;2462
2019-01-12 00:00:00.000;234,0;VRL ;4;83,0;2513
2019-01-13 00:00:00.000;467,0;USV ;1;87,0;2576
2019-01-13 00:00:00.000;678,0;USV ;1;73,0;2578
2019-01-17 00:00:00.000;491,0;USV ;3;92,0;2696
2019-02-08 00:00:00.000;208,0;USV ;1;47,0;3377
2019-01-11 00:00:00.000;131,0;USV ;4;45,0;2450
2019-01-28 00:00:00.000;580,0;USV ;1;0,0;3043
2019-01-02 00:00:00.000;146,0;USV ;3;65,0;1832
2019-01-15 00:00:00.000;523,0;USV ;4;27,0;2634
2019-01-02 00:00:00.000;167,0;VRL ;4;84,0;1867
2019-01-02 00:00:00.000;98,0;VRL ;3;28,0;1870
2019-01-02 00:00:00.000;552,0;VRL ;3;23,0;1872
2019-01-02 00:00:00.000;117,0;VRL ;3;96,0;1885
2019-01-02 00:00:00.000;697,0;VRL ;3;25,0;1886
2019-01-02 00:00:00.000;397,0;USV ;1;33,0;1892
2019-01-02 00:00:00.000;209,0;VRL ;1;108,0;1901
2019-01-02 00:00:00.000;279,0;VRP ;4;77,0;1941
2019-01-02 00:00:00.000;649,0;VRP ;3;39,0;1969
2019-01-02 00:00:00.000;255,0;VRP ;3;46,0;1970
2019-01-02 00:00:00.000;520,0;VRP ;3;85,0;1981
2019-01-03 00:00:00.000;522,0;VRP ;4;44,0;2010
2019-01-04 00:00:00.000;287,0;VRP ;4;58,0;2028
2019-01-05 00:00:00.000;392,0;USV ;3;109,0;2069
2019-01-05 00:00:00.000;748,0;USV ;4;62,0;2087
2019-01-05 00:00:00.000;159,0;USV ;1;95,0;2092
2019-01-05 00:00:00.000;370,0;USV ;3;101,0;2103
2019-01-05 00:00:00.000;748,0;USV ;4;55,0;2127
2019-02-05 00:00:00.000;113,0;USV ;1;41,0;3313
2019-01-06 00:00:00.000;341,0;VRL ;1;47,0;2161
2019-01-06 00:00:00.000;650,0;USV ;1;80,0;2171
2019-02-06 00:00:00.000;325,0;USV ;4;49,0;3317
2019-01-07 00:00:00.000;256,0;VRL ;1;105,0;2212
2019-01-07 00:00:00.000;460,0;VRL ;1;100,0;2227
2019-01-07 00:00:00.000;502,0;VRL ;3;44,0;2265
2019-01-07 00:00:00.000;473,0;VRL ;4;100,0;2267
2019-01-07 00:00:00.000;727,0;VRL ;3;68,0;2281
2019-01-07 00:00:00.000;478,0;USV ;1;46,0;2314
2019-01-09 00:00:00.000;223,0;USV ;4;46,0;2355
2019-01-09 00:00:00.000;199,0;USV ;1;31,0;2363
2019-01-09 00:00:00.000;476,0;USV ;1;85,0;2374
2019-01-09 00:00:00.000;423,0;USV ;1;101,0;2375
2019-01-09 00:00:00.000;506,0;USV ;1;107,0;2376
2019-01-09 00:00:00.000;464,0;USV ;3;37,0;2385
2019-01-10 00:00:00.000;465,0;USV ;1;99,0;2413
2019-01-11 00:00:00.000;651,0;USV ;4;93,0;2432
2019-01-12 00:00:00.000;634,0;USV ;3;77,0;2494
2019-01-12 00:00:00.000;120,0;VRL ;3;36,0;2498
2019-01-12 00:00:00.000;393,0;USV ;4;50,0;2510
2019-01-12 00:00:00.000;486,0;USV ;1;30,0;2537
2019-01-13 00:00:00.000;388,0;USV ;1;107,0;2549
2019-01-14 00:00:00.000;267,0;USV ;3;62,0;2598
2019-01-14 00:00:00.000;196,0;USV ;1;66,0;2607
2019-01-14 00:00:00.000;730,0;USV ;1;32,0;2624
2019-01-14 00:00:00.000;652,0;USV ;1;29,0;2629
2019-01-15 00:00:00.000;716,0;USV ;4;100,0;2637
2019-01-15 00:00:00.000;138,0;USV ;3;76,0;2642
2019-01-17 00:00:00.000;679,0;USV ;1;30,0;2685
2019-01-23 00:00:00.000;727,0;USV ;4;0,0;2889
2019-01-24 00:00:00.000;525,0;USV ;3;0,0;2925
2019-01-24 00:00:00.000;276,0;USV ;4;0,0;2926
2019-01-31 00:00:00.000;305,0;USV ;4;0,0;3073
2019-01-31 00:00:00.000;199,0;USX ;4;0,0;3093
2019-01-13 00:00:00.000;357,0;USV ;4;47,0;2541
2019-01-13 00:00:00.000;505,0;USV ;4;24,0;2553
2019-01-21 00:00:00.000;706,0;USV ;4;0,0;2829
2019-01-02 00:00:00.000;242,0;VRP ;4;61,0;1942
2019-01-05 00:00:00.000;560,0;USV ;1;74,0;2083
2019-01-06 00:00:00.000;489,0;VRL ;1;21,0;2149
2019-01-07 00:00:00.000;471,0;VRL ;4;67,0;2294
2019-01-07 00:00:00.000;749,0;VRL ;4;109,0;2303
2019-01-09 00:00:00.000;322,0;USV ;4;49,0;2381
2019-01-10 00:00:00.000;268,0;USV ;3;32,0;2416
2019-01-11 00:00:00.000;181,0;USV ;1;63,0;2458
2019-01-12 00:00:00.000;195,0;VRL ;4;75,0;2471
2019-01-13 00:00:00.000;296,0;USV ;1;45,0;2570
2019-01-15 00:00:00.000;579,0;USV ;1;31,0;2655
2019-01-04 00:00:00.000;747,0;VRP ;1;65,0;2035
2019-02-08 00:00:00.000;574,0;USV ;1;43,0;3378
2019-01-18 00:00:00.000;213,0;USV ;4;43,0;2713
2019-01-26 00:00:00.000;738,0;USV ;4;0,0;2984
2019-01-13 00:00:00.000;368,0;USV ;3;99,0;2555
2019-01-18 00:00:00.000;301,0;USV ;1;45,0;2715
2019-01-25 00:00:00.000;577,0;USV ;4;0,0;2953
2019-02-01 00:00:00.000;479,0;USV ;3;49,0;3156
2019-01-02 00:00:00.000;311,0;USV ;1;95,0;1824
2019-01-02 00:00:00.000;674,0;VRL ;4;108,0;1864
2019-01-02 00:00:00.000;673,0;VRL ;1;53,0;1903
2019-01-02 00:00:00.000;733,0;VRL ;1;35,0;1923
2019-01-02 00:00:00.000;434,0;VRP ;4;80,0;1962
2019-02-02 00:00:00.000;380,0;USV ;4;71,0;3171
2019-02-02 00:00:00.000;446,0;USV ;1;78,0;3176
2019-02-02 00:00:00.000;193,0;USV ;3;25,0;3185
2019-02-03 00:00:00.000;732,0;USV ;3;60,0;3213
2019-02-03 00:00:00.000;526,0;USV ;1;86,0;3228
2019-02-03 00:00:00.000;256,0;USV ;3;31,0;3238
2019-02-03 00:00:00.000;503,0;USV ;4;58,0;3242
2019-02-04 00:00:00.000;95,0;USV ;4;80,0;3248
2019-02-04 00:00:00.000;692,0;USV ;4;100,0;3252
2019-02-04 00:00:00.000;745,0;USV ;4;44,0;3254
2019-02-04 00:00:00.000;330,0;USV ;3;54,0;3259
2019-02-04 00:00:00.000;98,0;USV ;4;59,0;3268
2019-02-04 00:00:00.000;377,0;USV ;1;67,0;3271
2019-02-04 00:00:00.000;486,0;USV ;3;83,0;3273
2019-02-04 00:00:00.000;502,0;USV ;4;70,0;3292
2019-02-05 00:00:00.000;425,0;USV ;1;75,0;3302
2019-02-05 00:00:00.000;133,0;USV ;1;63,0;3306
2019-02-05 00:00:00.000;714,0;USV ;4;46,0;3307
2019-02-06 00:00:00.000;217,0;USV ;3;109,0;3330
2019-02-06 00:00:00.000;373,0;USV ;3;106,0;3342
2019-01-07 00:00:00.000;316,0;VRL ;1;52,0;2221
2019-01-07 00:00:00.000;251,0;VRL ;4;63,0;2296
2019-01-07 00:00:00.000;157,0;USV ;3;42,0;2304
2019-02-07 00:00:00.000;121,0;USV ;1;32,0;3352
2019-02-07 00:00:00.000;732,0;USV ;1;47,0;3355
2019-02-07 00:00:00.000;399,0;USV ;4;88,0;3357
2019-02-07 00:00:00.000;666,0;USV ;3;48,0;3367
2019-02-07 00:00:00.000;378,0;USV ;1;24,0;3369
2019-02-08 00:00:00.000;689,0;USV ;4;34,0;3374
2019-02-08 00:00:00.000;477,0;USV ;1;58,0;3388
2019-02-08 00:00:00.000;181,0;USV ;3;35,0;3394
2019-02-08 00:00:00.000;395,0;USV ;1;101,0;3396
2019-02-08 00:00:00.000;112,0;USV ;1;108,0;3397
2019-02-08 00:00:00.000;572,0;USV ;3;59,0;3402
2019-02-09 00:00:00.000;611,0;USV ;4;54,0;3411
2019-01-10 00:00:00.000;645,0;USV ;3;67,0;2391
2019-01-10 00:00:00.000;157,0;USV ;1;57,0;2406
2019-01-12 00:00:00.000;615,0;USV ;4;104,0;2529
2019-01-13 00:00:00.000;348,0;USV ;3;32,0;2582
2019-01-20 00:00:00.000;329,0;USV ;4;90,0;2789
2019-01-20 00:00:00.000;365,0;USV ;4;86,0;2790
2019-01-20 00:00:00.000;299,0;USV ;3;48,0;2799
2019-01-20 00:00:00.000;685,0;USV ;1;70,0;2807
2019-01-20 00:00:00.000;342,0;USV ;1;84,0;2812
2019-01-21 00:00:00.000;275,0;USV ;3;0,0;2821
2019-01-22 00:00:00.000;327,0;USV ;4;0,0;2876
2019-01-23 00:00:00.000;581,0;USV ;4;0,0;2890
2019-01-24 00:00:00.000;125,0;USV ;3;0,0;2910
2019-01-25 00:00:00.000;339,0;USV ;4;0,0;2943
2019-01-25 00:00:00.000;350,0;USV ;4;0,0;2944
2019-01-25 00:00:00.000;233,0;USV ;3;0,0;2946
2019-01-25 00:00:00.000;527,0;USV ;1;0,0;2951
2019-01-25 00:00:00.000;395,0;USV ;1;0,0;2959
2019-01-26 00:00:00.000;293,0;USV ;4;0,0;2975
2019-01-26 00:00:00.000;331,0;USV ;4;0,0;2981
2019-01-26 00:00:00.000;660,0;USV ;1;0,0;2989
2019-01-27 00:00:00.000;289,0;USV ;4;0,0;2997
2019-01-28 00:00:00.000;212,0;USV ;1;0,0;3030
2019-01-28 00:00:00.000;596,0;USV ;4;0,0;3036
2019-01-28 00:00:00.000;560,0;USV ;4;0,0;3038
2019-01-28 00:00:00.000;267,0;USV ;4;0,0;3040
2019-01-28 00:00:00.000;236,0;USV ;4;0,0;3058
2019-01-31 00:00:00.000;208,0;USV ;4;0,0;3061
2019-01-31 00:00:00.000;105,0;USV ;4;0,0;3072
2019-01-31 00:00:00.000;603,0;VRL ;1;0,0;3109
2019-01-31 00:00:00.000;714,0;USV ;4;0,0;3121
2019-01-31 00:00:00.000;557,0;USV ;3;0,0;3125
2019-01-04 00:00:00.000;463,0;VRP ;3;82,0;2063
2019-02-05 00:00:00.000;409,0;USV ;3;24,0;3310
2019-01-31 00:00:00.000;625,0;VRL ;1;0,0;3108
2019-01-02 00:00:00.000;147,0;USV ;3;76,0;1820
2019-01-02 00:00:00.000;595,0;USV ;3;77,0;1895
2019-01-02 00:00:00.000;344,0;VRL ;1;93,0;1910
2019-01-02 00:00:00.000;361,0;VRL ;1;60,0;1924
2019-01-03 00:00:00.000;483,0;VRP ;4;52,0;2024
2019-01-05 00:00:00.000;190,0;USV ;4;105,0;2091
2019-01-07 00:00:00.000;274,0;USV ;1;27,0;2201
2019-01-07 00:00:00.000;223,0;VRL ;1;48,0;2225
2019-01-07 00:00:00.000;270,0;USV ;4;24,0;2290
2019-01-08 00:00:00.000;510,0;USV ;1;71,0;2317
2019-01-09 00:00:00.000;670,0;USV ;1;76,0;2372
2019-01-12 00:00:00.000;148,0;VRL ;4;64,0;2509
2019-01-24 00:00:00.000;710,0;USV ;4;0,0;2922
2019-01-28 00:00:00.000;233,0;USV ;1;0,0;3039
2019-02-06 00:00:00.000;559,0;USV ;1;66,0;3331
2019-01-31 00:00:00.000;626,0;VRL ;1;0,0;3106
2019-02-04 00:00:00.000;681,0;USV ;1;83,0;3285
2019-02-08 00:00:00.000;626,0;USV ;1;104,0;3401
2019-01-10 00:00:00.000;682,0;USV ;1;90,0;2405
2019-01-07 00:00:00.000;585,0;USV ;3;93,0;2266
2019-01-09 00:00:00.000;222,0;USV ;1;66,0;2370
2019-01-10 00:00:00.000;581,0;USV ;3;29,0;2420
2019-01-13 00:00:00.000;152,0;USV ;4;74,0;2562
2019-01-13 00:00:00.000;565,0;USV ;3;21,0;2572
2019-01-17 00:00:00.000;607,0;USV ;1;70,0;2699
2019-02-01 00:00:00.000;188,0;USV ;4;79,0;3165
2019-02-02 00:00:00.000;540,0;USV ;4;52,0;3195
2019-02-03 00:00:00.000;399,0;USV ;3;23,0;3202
2019-01-06 00:00:00.000;399,0;USV ;1;84,0;2138
2019-01-06 00:00:00.000;713,0;VRL ;1;28,0;2159
2019-01-23 00:00:00.000;594,0;USV ;1;0,0;2886
2019-01-02 00:00:00.000;201,0;VRL ;3;46,0;1869
2019-01-02 00:00:00.000;352,0;VRL ;3;37,0;1882
2019-01-02 00:00:00.000;155,0;VRL ;1;44,0;1908
2019-01-02 00:00:00.000;605,0;VRP ;4;106,0;1933
2019-01-02 00:00:00.000;718,0;VRP ;3;39,0;1971
2019-01-02 00:00:00.000;555,0;VRP ;4;24,0;1977
2019-01-02 00:00:00.000;607,0;VRP ;;87,0;1980
2019-01-03 00:00:00.000;653,0;VRP ;4;43,0;1999
2019-01-03 00:00:00.000;289,0;VRP ;4;81,0;2016
2019-02-04 00:00:00.000;239,0;USV ;3;81,0;3291
2019-01-05 00:00:00.000;602,0;USV ;3;40,0;2098
2019-01-05 00:00:00.000;674,0;USV ;1;59,0;2119
2019-01-06 00:00:00.000;441,0;USV ;1;40,0;2139
2019-01-06 00:00:00.000;713,0;VRL ;1;67,0;2150
2019-01-06 00:00:00.000;537,0;USV ;4;26,0;2176
2019-01-07 00:00:00.000;721,0;VRL ;4;50,0;2252
2019-01-07 00:00:00.000;418,0;VRL ;3;109,0;2282
2019-01-07 00:00:00.000;261,0;USV ;1;82,0;2288
2019-02-07 00:00:00.000;443,0;USV ;4;79,0;3346
2019-01-09 00:00:00.000;466,0;USV ;3;91,0;2378
2019-01-11 00:00:00.000;458,0;USV ;1;50,0;2431
2019-01-11 00:00:00.000;469,0;USV ;4;60,0;2441
2019-01-11 00:00:00.000;480,0;USV ;4;20,0;2451
2019-01-12 00:00:00.000;627,0;USV ;3;40,0;2492
2019-01-12 00:00:00.000;648,0;USV ;3;39,0;2530
2019-01-13 00:00:00.000;617,0;USV ;4;105,0;2544
2019-01-13 00:00:00.000;608,0;USV ;4;109,0;2551
2019-01-13 00:00:00.000;152,0;USV ;3;82,0;2563
2019-01-13 00:00:00.000;394,0;USV ;4;106,0;2580
2019-01-14 00:00:00.000;122,0;USV ;3;78,0;2594
2019-01-14 00:00:00.000;249,0;USV ;3;80,0;2606
2019-01-14 00:00:00.000;221,0;USV ;3;53,0;2612
2019-01-14 00:00:00.000;711,0;USV ;4;95,0;2615
2019-01-15 00:00:00.000;480,0;USV ;4;29,0;2632
2019-01-17 00:00:00.000;392,0;USV ;3;100,0;2697
2019-01-18 00:00:00.000;171,0;USV ;1;39,0;2720
2019-01-18 00:00:00.000;475,0;USV ;4;32,0;2728
2019-01-18 00:00:00.000;361,0;USV ;4;69,0;2744
2019-01-20 00:00:00.000;117,0;USV ;3;93,0;2809
2019-01-21 00:00:00.000;505,0;USV ;4;0,0;2857
2019-01-23 00:00:00.000;442,0;USV ;4;0,0;2900
2019-01-25 00:00:00.000;169,0;USV ;1;0,0;2934
2019-01-25 00:00:00.000;400,0;USV ;1;0,0;2952
2019-01-27 00:00:00.000;664,0;USV ;4;0,0;3002
2019-01-28 00:00:00.000;615,0;USV ;1;0,0;3028
2019-01-31 00:00:00.000;138,0;VRL ;3;0,0;3098
2019-02-03 00:00:00.000;92,0;USV ;4;47,0;3214
2019-01-11 00:00:00.000;482,0;USV ;3;66,0;2452
2019-01-02 00:00:00.000;383,0;USV ;3;29,0;1840
2019-01-08 00:00:00.000;488,0;USV ;1;94,0;2342
2019-01-11 00:00:00.000;334,0;USV ;3;20,0;2438
2019-01-23 00:00:00.000;596,0;USV ;1;0,0;2885
2019-01-31 00:00:00.000;262,0;USV ;1;0,0;3126
2019-01-07 00:00:00.000;103,0;USV ;1;25,0;2205
2019-01-31 00:00:00.000;707,0;USV ;3;0,0;3131
2019-02-01 00:00:00.000;158,0;USV ;3;91,0;3138
2019-01-02 00:00:00.000;522,0;USV ;1;24,0;1826
2019-01-02 00:00:00.000;384,0;USV ;3;103,0;1837
2019-01-02 00:00:00.000;550,0;VRL ;4;109,0;1868
2019-01-02 00:00:00.000;327,0;VRL ;3;30,0;1871
2019-01-02 00:00:00.000;713,0;VRL ;1;43,0;1900
2019-01-02 00:00:00.000;173,0;VRL ;1;39,0;1902
2019-01-02 00:00:00.000;746,0;VRL ;1;60,0;1925
2019-01-02 00:00:00.000;234,0;VRP ;4;64,0;1936
2019-01-02 00:00:00.000;238,0;VRP ;3;106,0;1952
2019-01-02 00:00:00.000;437,0;VRP ;3;53,0;1972
2019-02-02 00:00:00.000;402,0;USV ;1;72,0;3196
2019-02-02 00:00:00.000;243,0;USV ;3;39,0;3197
2019-01-03 00:00:00.000;186,0;VRP ;4;110,0;2018
2019-02-03 00:00:00.000;207,0;USV ;3;35,0;3217
2019-02-03 00:00:00.000;661,0;USV ;3;94,0;3233
2019-01-04 00:00:00.000;579,0;VRP ;4;41,0;2034
2019-01-04 00:00:00.000;419,0;VRP ;1;49,0;2038
2019-01-04 00:00:00.000;297,0;VRP ;4;102,0;2068
2019-02-04 00:00:00.000;507,0;USV ;4;71,0;3249
2019-02-04 00:00:00.000;107,0;USV ;4;55,0;3253
2019-01-05 00:00:00.000;200,0;USV ;3;64,0;2120
2019-01-05 00:00:00.000;617,0;USV ;1;32,0;2121
2019-01-05 00:00:00.000;299,0;USV ;4;45,0;2126
2019-02-05 00:00:00.000;324,0;USV ;3;53,0;3308
2019-02-06 00:00:00.000;348,0;USV ;1;92,0;3329
2019-01-07 00:00:00.000;664,0;USV ;4;27,0;2245
2019-01-07 00:00:00.000;158,0;VRL ;4;61,0;2254
2019-02-07 00:00:00.000;536,0;USV ;3;76,0;3348
2019-01-08 00:00:00.000;616,0;USV ;3;101,0;2318
2019-01-10 00:00:00.000;106,0;USV ;3;100,0;2415
2019-01-11 00:00:00.000;139,0;USV ;3;74,0;2439
2019-01-11 00:00:00.000;166,0;USV ;1;95,0;2457
2019-01-12 00:00:00.000;618,0;VRL ;4;92,0;2520
2019-01-13 00:00:00.000;603,0;USV ;1;42,0;2566
2019-01-14 00:00:00.000;475,0;USV ;3;67,0;2626
2019-01-15 00:00:00.000;701,0;USV ;1;40,0;2635
2019-01-17 00:00:00.000;149,0;USV ;3;50,0;2695
2019-01-18 00:00:00.000;502,0;USV ;4;74,0;2742
2019-01-19 00:00:00.000;417,0;USV ;3;91,0;2761
2019-01-19 00:00:00.000;328,0;USV ;4;64,0;2772
2019-01-21 00:00:00.000;315,0;USV ;1;0,0;2844
2019-01-21 00:00:00.000;161,0;USV ;4;0,0;2848
2019-01-24 00:00:00.000;270,0;USV ;3;0,0;2911
2019-01-24 00:00:00.000;239,0;USV ;1;0,0;2914
2019-01-25 00:00:00.000;113,0;USV ;4;0,0;2937
2019-01-26 00:00:00.000;358,0;USV ;3;0,0;2993
2019-01-27 00:00:00.000;254,0;USV ;4;0,0;2996
2019-01-27 00:00:00.000;444,0;USV ;4;0,0;3008
2019-01-31 00:00:00.000;146,0;USV ;4;0,0;3069
2019-01-31 00:00:00.000;154,0;USX ;1;0,0;3079
2019-01-31 00:00:00.000;221,0;USX ;3;0,0;3092
2019-01-31 00:00:00.000;460,0;USV ;1;0,0;3122
2019-01-02 00:00:00.000;705,0;VRL ;4;60,0;1847
2019-01-05 00:00:00.000;635,0;USV ;1;58,0;2071
2019-01-05 00:00:00.000;107,0;USV ;1;92,0;2125
2019-01-06 00:00:00.000;328,0;USV ;3;108,0;2136
2019-01-10 00:00:00.000;599,0;USV ;;86,0;2419
2019-01-19 00:00:00.000;174,0;USV ;1;91,0;2764
2019-01-26 00:00:00.000;579,0;USV ;1;0,0;2987
2019-01-28 00:00:00.000;600,0;USV ;3;0,0;3029
2019-02-03 00:00:00.000;556,0;USV ;4;101,0;3200
2019-01-09 00:00:00.000;575,0;USV ;4;44,0;2360
2019-01-11 00:00:00.000;742,0;USV ;1;78,0;2436
2019-01-02 00:00:00.000;685,0;VRP ;4;72,0;1940
2019-01-02 00:00:00.000;575,0;VRP ;4;55,0;1945
2019-01-03 00:00:00.000;324,0;VRP ;;81,0;2006
2019-01-04 00:00:00.000;560,0;VRP ;4;65,0;2056
2019-01-04 00:00:00.000;353,0;VRP ;4;71,0;2060
2019-01-05 00:00:00.000;595,0;USV ;4;81,0;2081
2019-01-05 00:00:00.000;214,0;USV ;4;34,0;2122
2019-01-05 00:00:00.000;297,0;USV ;4;53,0;2124
2019-01-06 00:00:00.000;592,0;USV ;3;54,0;2134
2019-01-06 00:00:00.000;260,0;VRL ;1;97,0;2167
2019-01-07 00:00:00.000;463,0;USV ;4;63,0;2208
2019-01-07 00:00:00.000;746,0;USV ;4;31,0;2239
2019-01-08 00:00:00.000;393,0;USV ;1;72,0;2319
2019-01-09 00:00:00.000;623,0;USV ;4;103,0;2367
2019-01-12 00:00:00.000;417,0;USV ;4;78,0;2483
2019-01-13 00:00:00.000;515,0;USV ;1;92,0;2540
2019-01-13 00:00:00.000;101,0;USV ;4;64,0;2542
2019-01-13 00:00:00.000;594,0;USV ;3;33,0;2556
2019-01-14 00:00:00.000;616,0;USV ;4;60,0;2590
2019-01-14 00:00:00.000;439,0;USV ;4;94,0;2599
2019-01-14 00:00:00.000;439,0;USV ;1;28,0;2620
2019-01-15 00:00:00.000;670,0;USV ;4;22,0;2633
2019-01-16 00:00:00.000;526,0;USV ;3;103,0;2664
2019-01-03 00:00:00.000;550,0;VRP ;4;32,0;1995
2019-01-07 00:00:00.000;579,0;VRL ;1;28,0;2231
2019-01-18 00:00:00.000;311,0;USV ;3;98,0;2736
2019-01-02 00:00:00.000;140,0;VRL ;4;33,0;1866
2019-02-02 00:00:00.000;191,0;USV ;4;55,0;3198
2019-02-04 00:00:00.000;423,0;USV ;3;72,0;3255
2019-02-04 00:00:00.000;728,0;USV ;1;48,0;3263
2019-01-05 00:00:00.000;145,0;USV ;4;53,0;2073
2019-02-05 00:00:00.000;234,0;USV ;3;80,0;3312
2019-02-07 00:00:00.000;347,0;USV ;4;75,0;3351
2019-02-08 00:00:00.000;307,0;USV ;3;32,0;3385
2019-02-09 00:00:00.000;203,0;USV ;1;85,0;3413
2019-01-13 00:00:00.000;191,0;USV ;4;29,0;2550
2019-01-20 00:00:00.000;262,0;USV ;4;80,0;2781
2019-01-24 00:00:00.000;314,0;USV ;4;0,0;2909
2019-01-28 00:00:00.000;457,0;USV ;1;0,0;3041
2019-01-31 00:00:00.000;375,0;USV ;1;0,0;3065
2019-01-31 00:00:00.000;375,0;USV ;4;0,0;3068
2019-02-08 00:00:00.000;724,0;USV ;;60,0;3386
2019-01-02 00:00:00.000;628,0;USV ;1;87,0;1823
2019-01-02 00:00:00.000;287,0;VRL ;4;84,0;1845
2019-01-02 00:00:00.000;336,0;VRL ;1;23,0;1913
2019-01-02 00:00:00.000;510,0;VRP ;3;104,0;1953
2019-01-02 00:00:00.000;518,0;VRP ;3;38,0;1955
2019-01-02 00:00:00.000;230,0;VRP ;3;48,0;1984
2019-02-02 00:00:00.000;413,0;USV ;4;80,0;3182
2019-02-02 00:00:00.000;669,0;USV ;1;31,0;3192
2019-02-03 00:00:00.000;271,0;USV ;1;49,0;3216
2019-02-04 00:00:00.000;611,0;USV ;1;70,0;3276
2019-02-04 00:00:00.000;645,0;USV ;4;58,0;3281
2019-02-04 00:00:00.000;521,0;USV ;3;20,0;3287
2019-01-05 00:00:00.000;292,0;USV ;3;82,0;2089
2019-01-06 00:00:00.000;723,0;VRL ;1;99,0;2166
2019-02-06 00:00:00.000;478,0;USV ;1;29,0;3334
2019-01-07 00:00:00.000;249,0;VRL ;1;75,0;2219
2019-01-07 00:00:00.000;468,0;VRL ;4;52,0;2293
2019-01-07 00:00:00.000;573,0;VRL ;4;59,0;2298
2019-02-07 00:00:00.000;649,0;USV ;4;92,0;3362
2019-01-08 00:00:00.000;638,0;USV ;1;110,0;2324
2019-01-08 00:00:00.000;632,0;USV ;3;79,0;2326
2019-01-09 00:00:00.000;411,0;USV ;3;38,0;2357
2019-01-09 00:00:00.000;383,0;USV ;1;61,0;2368
2019-01-09 00:00:00.000;565,0;USV ;3;75,0;2373
2019-01-09 00:00:00.000;345,0;USV ;4;86,0;2379
2019-01-11 00:00:00.000;528,0;USV ;4;76,0;2429
2019-01-12 00:00:00.000;407,0;USV ;1;68,0;2464
2019-01-12 00:00:00.000;196,0;VRL ;3;62,0;2496
2019-01-12 00:00:00.000;229,0;VRL ;4;45,0;2504
2019-01-13 00:00:00.000;262,0;USV ;4;35,0;2543
2019-01-13 00:00:00.000;515,0;USV ;3;46,0;2545
2019-01-14 00:00:00.000;149,0;USV ;4;69,0;2625
2019-01-15 00:00:00.000;394,0;USV ;4;88,0;2649
2019-01-16 00:00:00.000;688,0;USV ;3;97,0;2659
2019-01-16 00:00:00.000;206,0;USV ;4;46,0;2661
2019-01-18 00:00:00.000;716,0;USV ;3;70,0;2735
2019-01-20 00:00:00.000;738,0;USV ;1;48,0;2793
2019-01-20 00:00:00.000;599,0;USV ;3;22,0;2800
2019-01-21 00:00:00.000;285,0;USV ;3;0,0;2817
2019-01-21 00:00:00.000;107,0;USV ;1;0,0;2836
2019-01-21 00:00:00.000;223,0;USV ;4;0,0;2850
2019-01-24 00:00:00.000;731,0;USV ;1;0,0;2927
2019-01-25 00:00:00.000;737,0;USV ;4;0,0;2936
2019-01-25 00:00:00.000;624,0;USV ;3;0,0;2938
2019-01-25 00:00:00.000;117,0;USV ;3;0,0;2950
2019-01-26 00:00:00.000;244,0;USV ;4;0,0;2962
2019-01-26 00:00:00.000;547,0;USV ;4;0,0;2964
2019-01-26 00:00:00.000;732,0;USV ;1;0,0;2974
2019-01-26 00:00:00.000;565,0;USV ;4;0,0;2979
2019-01-27 00:00:00.000;482,0;USV ;1;0,0;3022
2019-01-28 00:00:00.000;98,0;USV ;3;0,0;3044
2019-01-31 00:00:00.000;408,0;USX ;3;0,0;3088
2019-01-31 00:00:00.000;671,0;USX ;4;0,0;3091
2019-01-02 00:00:00.000;206,0;VRL ;1;103,0;1909
2019-01-06 00:00:00.000;719,0;USV ;3;58,0;2188
2019-01-13 00:00:00.000;570,0;USV ;3;27,0;2559
2019-01-17 00:00:00.000;399,0;USV ;4;27,0;2682
2019-01-13 00:00:00.000;697,0;USV ;3;41,0;2571
2019-01-10 00:00:00.000;532,0;USV ;3;58,0;2417
2019-01-02 00:00:00.000;331,0;VRP ;3;59,0;1951
2019-02-04 00:00:00.000;697,0;USV ;1;93,0;3280
2019-02-04 00:00:00.000;695,0;USV ;1;41,0;3295
2019-01-05 00:00:00.000;275,0;USV ;4;27,0;2070
2019-02-06 00:00:00.000;616,0;USV ;4;77,0;3340
2019-01-07 00:00:00.000;485,0;VRL ;4;83,0;2272
2019-01-14 00:00:00.000;739,0;USV ;1;80,0;2628
2019-01-24 00:00:00.000;431,0;USV ;1;0,0;2917
2019-01-31 00:00:00.000;622,0;USX ;4;0,0;3083
2019-01-31 00:00:00.000;161,0;VRL ;1;0,0;3105
2019-01-31 00:00:00.000;704,0;VRL ;1;0,0;3107
2019-01-04 00:00:00.000;95,0;VRP ;1;55,0;2053
2019-01-02 00:00:00.000;230,0;VRL ;4;45,0;1859
2019-01-02 00:00:00.000;243,0;VRL ;1;50,0;1914
2019-01-02 00:00:00.000;239,0;VRL ;1;52,0;1916
2019-01-02 00:00:00.000;564,0;VRL ;;27,0;1917
2019-01-02 00:00:00.000;370,0;VRP ;3;20,0;1983
2019-01-03 00:00:00.000;680,0;VRP ;1;98,0;2003
2019-01-03 00:00:00.000;720,0;VRP ;4;109,0;2013
2019-01-04 00:00:00.000;114,0;VRP ;1;106,0;2036
2019-01-05 00:00:00.000;164,0;USV ;4;96,0;2110
2019-01-06 00:00:00.000;454,0;USV ;4;103,0;2140
2019-01-07 00:00:00.000;734,0;VRL ;4;108,0;2275
2019-01-08 00:00:00.000;335,0;USV ;1;97,0;2335
2019-01-08 00:00:00.000;326,0;USV ;4;64,0;2340
2019-01-10 00:00:00.000;330,0;USV ;3;102,0;2411
2019-01-12 00:00:00.000;155,0;VRL ;3;106,0;2491
2019-01-13 00:00:00.000;684,0;USV ;1;68,0;2579
2019-01-14 00:00:00.000;393,0;USV ;3;79,0;2617
2019-01-12 00:00:00.000;635,0;USV ;4;78,0;2485
2019-01-14 00:00:00.000;181,0;USV ;1;110,0;2630
2019-01-21 00:00:00.000;691,0;USV ;1;0,0;2833
2019-01-07 00:00:00.000;226,0;VRL ;1;85,0;2229
2019-01-07 00:00:00.000;700,0;USV ;4;62,0;2260
2019-01-12 00:00:00.000;603,0;USV ;4;21,0;2528
2019-01-26 00:00:00.000;625,0;USV ;1;0,0;2990
2019-02-02 00:00:00.000;305,0;USV ;4;21,0;3184
2019-01-20 00:00:00.000;435,0;USV ;3;66,0;2802
2019-01-21 00:00:00.000;249,0;USV ;4;0,0;2859
2019-01-23 00:00:00.000;414,0;USV ;3;0,0;2888
2019-01-27 00:00:00.000;396,0;USV ;1;0,0;2998
2019-02-06 00:00:00.000;400,0;USV ;4;104,0;3339
2019-01-18 00:00:00.000;398,0;USV ;1;94,0;2743
2019-02-02 00:00:00.000;710,0;USV ;4;32,0;3178
2019-02-03 00:00:00.000;427,0;USV ;4;84,0;3205
2019-01-06 00:00:00.000;322,0;USV ;4;35,0;2133
2019-01-10 00:00:00.000;394,0;USV ;4;21,0;2389
2019-01-19 00:00:00.000;214,0;USV ;3;35,0;2758
2019-01-20 00:00:00.000;426,0;USV ;1;73,0;2806
2019-02-02 00:00:00.000;208,0;USV ;4;99,0;3188
2019-01-07 00:00:00.000;282,0;USV ;1;96,0;2199
2019-02-01 00:00:00.000;658,0;USV ;1;54,0;3157
2019-01-02 00:00:00.000;533,0;VRL ;4;91,0;1889
2019-01-02 00:00:00.000;685,0;VRP ;3;25,0;1954
2019-02-02 00:00:00.000;194,0;USV ;1;45,0;3194
2019-02-03 00:00:00.000;439,0;USV ;1;94,0;3230
2019-02-03 00:00:00.000;584,0;USV ;4;66,0;3235
2019-01-17 00:00:00.000;668,0;USV ;1;28,0;2677
2019-02-02 00:00:00.000;174,0;USV ;1;92,0;3193
2019-02-03 00:00:00.000;460,0;USV ;1;52,0;3226
2019-02-06 00:00:00.000;715,0;USV ;1;98,0;3335
2019-01-18 00:00:00.000;700,0;USV ;4;69,0;2739
2019-01-26 00:00:00.000;535,0;USV ;1;0,0;2986
2019-01-05 00:00:00.000;560,0;USV ;4;91,0;2093
2019-02-08 00:00:00.000;699,0;USV ;4;32,0;3391
2019-01-02 00:00:00.000;611,0;VRP ;4;46,0;1963
2019-01-10 00:00:00.000;562,0;USV ;3;61,0;2394
2019-01-12 00:00:00.000;520,0;USV ;3;77,0;2527
2019-01-28 00:00:00.000;100,0;USV ;4;0,0;3051
2019-01-02 00:00:00.000;238,0;VRL ;3;99,0;1875
2019-02-03 00:00:00.000;666,0;USV ;3;38,0;3204
2019-01-11 00:00:00.000;547,0;USV ;3;110,0;2425
2019-01-10 00:00:00.000;620,0;USV ;4;64,0;2398
2019-02-03 00:00:00.000;690,0;USV ;4;89,0;3211
2019-01-04 00:00:00.000;489,0;VRP ;3;110,0;2047
2019-01-04 00:00:00.000;314,0;VRP ;1;30,0;2062
2019-01-05 00:00:00.000;714,0;USV ;4;72,0;2095
2019-01-05 00:00:00.000;532,0;USV ;3;59,0;2096
2019-01-11 00:00:00.000;628,0;USV ;1;80,0;2435
2019-01-12 00:00:00.000;156,0;USV ;4;69,0;2460
2019-01-13 00:00:00.000;240,0;USV ;4;98,0;2577
2019-01-14 00:00:00.000;429,0;USV ;1;22,0;2622
2019-01-17 00:00:00.000;400,0;USV ;1;37,0;2690
2019-01-20 00:00:00.000;227,0;USV ;3;65,0;2792
2019-01-23 00:00:00.000;465,0;USV ;3;0,0;2878
2019-01-02 00:00:00.000;361,0;VRL ;4;94,0;1898
2019-01-12 00:00:00.000;265,0;VRL ;3;31,0;2499
2019-01-23 00:00:00.000;738,0;USV ;3;0,0;2891
2019-01-28 00:00:00.000;322,0;USV ;;0,0;3026
2019-01-13 00:00:00.000;288,0;USV ;3;86,0;2561
2019-02-03 00:00:00.000;212,0;USV ;3;40,0;3239
2019-01-08 00:00:00.000;335,0;USV ;4;49,0;2333
2019-01-09 00:00:00.000;340,0;USV ;3;97,0;2365
2019-01-25 00:00:00.000;650,0;USV ;4;0,0;2942
2019-01-02 00:00:00.000;613,0;VRL ;4;64,0;1890
2019-01-04 00:00:00.000;528,0;VRP ;4;74,0;2027
2019-01-06 00:00:00.000;473,0;USV ;3;28,0;2197
2019-02-08 00:00:00.000;235,0;USV ;1;36,0;3381
2019-01-11 00:00:00.000;359,0;USV ;4;40,0;2430
2019-01-12 00:00:00.000;362,0;VRL ;3;79,0;2475
2019-01-20 00:00:00.000;652,0;USV ;;71,0;2805
2019-01-03 00:00:00.000;524,0;VRP ;1;34,0;2015
2019-02-03 00:00:00.000;107,0;USV ;;62,0;3244
2019-01-07 00:00:00.000;599,0;VRL ;1;25,0;2216
2019-01-07 00:00:00.000;667,0;VRL ;3;71,0;2259
2019-01-09 00:00:00.000;105,0;USV ;4;110,0;2364
2019-01-14 00:00:00.000;107,0;USV ;3;43,0;2588
2019-01-19 00:00:00.000;235,0;USV ;4;52,0;2751
2019-01-21 00:00:00.000;697,0;USV ;4;0,0;2849
2019-01-31 00:00:00.000;743,0;USV ;4;0,0;3133
2019-01-07 00:00:00.000;440,0;USV ;;93,0;2311
2019-01-28 00:00:00.000;219,0;USV ;3;0,0;3037
2019-02-03 00:00:00.000;636,0;USV ;3;41,0;3212
2019-01-05 00:00:00.000;495,0;USV ;3;34,0;2109
2019-01-21 00:00:00.000;672,0;USV ;3;0,0;2858
2019-01-26 00:00:00.000;297,0;USV ;4;0,0;2991
2019-01-13 00:00:00.000;396,0;USV ;3;47,0;2581
2019-02-02 00:00:00.000;281,0;USV ;4;29,0;3170
2019-02-03 00:00:00.000;441,0;USV ;1;30,0;3245
2019-02-04 00:00:00.000;393,0;USV ;1;76,0;3279
2019-02-05 00:00:00.000;173,0;USV ;1;27,0;3299
2019-02-05 00:00:00.000;479,0;USV ;4;59,0;3315
2019-02-05 00:00:00.000;295,0;USV ;1;106,0;3316
2019-02-06 00:00:00.000;587,0;USV ;1;107,0;3326
2019-02-07 00:00:00.000;122,0;USV ;3;50,0;3349
2019-02-09 00:00:00.000;197,0;USV ;1;74,0;3408
2019-01-18 00:00:00.000;491,0;USV ;4;25,0;2729
2019-01-19 00:00:00.000;713,0;USV ;3;90,0;2759
2019-01-20 00:00:00.000;400,0;USV ;3;44,0;2776
2019-01-23 00:00:00.000;746,0;USV ;1;0,0;2881
2019-01-24 00:00:00.000;359,0;USV ;4;0,0;2908
2019-01-27 00:00:00.000;571,0;USV ;1;0,0;3017
2019-01-31 00:00:00.000;107,0;USX ;4;0,0;3089
2019-01-31 00:00:00.000;176,0;USV ;4;0,0;3130
2019-01-13 00:00:00.000;482,0;USV ;4;38,0;2569
2019-01-24 00:00:00.000;292,0;USV ;1;0,0;2916
2019-01-09 00:00:00.000;169,0;USV ;3;22,0;2361
2019-01-15 00:00:00.000;459,0;USV ;1;38,0;2656
2019-01-17 00:00:00.000;154,0;USV ;3;104,0;2688
2019-01-07 00:00:00.000;498,0;USV ;3;57,0;2204
2019-01-10 00:00:00.000;151,0;USV ;3;63,0;2407
2019-01-15 00:00:00.000;688,0;USV ;4;54,0;2639
2019-01-02 00:00:00.000;140,0;USV ;3;99,0;1856
2019-01-06 00:00:00.000;98,0;USV ;4;54,0;2169
2019-01-06 00:00:00.000;749,0;USV ;1;95,0;2177
2019-01-13 00:00:00.000;542,0;USV ;3;44,0;2539
2019-02-04 00:00:00.000;650,0;USV ;1;106,0;3258
2019-02-02 00:00:00.000;463,0;USV ;1;61,0;3169
2019-02-03 00:00:00.000;725,0;USV ;4;53,0;3223
2019-02-07 00:00:00.000;625,0;USV ;4;110,0;3366
2019-02-08 00:00:00.000;122,0;USV ;3;106,0;3387
2019-01-15 00:00:00.000;687,0;USV ;3;29,0;2646
2019-01-18 00:00:00.000;476,0;USV ;1;102,0;2727
2019-01-23 00:00:00.000;519,0;USV ;3;0,0;2879
2019-01-26 00:00:00.000;742,0;USV ;4;0,0;2982
2019-01-31 00:00:00.000;694,0;USV ;3;0,0;3127
2019-01-02 00:00:00.000;162,0;VRL ;4;88,0;1851
2019-01-02 00:00:00.000;656,0;VRL ;3;47,0;1888
2019-01-02 00:00:00.000;97,0;VRL ;1;84,0;1919
2019-01-02 00:00:00.000;181,0;VRL ;1;48,0;1922
2019-01-02 00:00:00.000;413,0;USV ;3;102,0;1931
2019-01-02 00:00:00.000;699,0;VRP ;4;32,0;1944
2019-01-02 00:00:00.000;515,0;VRP ;3;24,0;1949
2019-01-02 00:00:00.000;674,0;VRP ;3;108,0;1959
2019-01-05 00:00:00.000;92,0;USV ;4;22,0;2118
2019-01-06 00:00:00.000;94,0;VRL ;1;72,0;2148
2019-01-07 00:00:00.000;657,0;USV ;4;51,0;2209
2019-01-07 00:00:00.000;575,0;VRL ;1;46,0;2214
2019-01-07 00:00:00.000;684,0;VRL ;4;31,0;2250
2019-01-07 00:00:00.000;627,0;VRL ;4;98,0;2251
2019-01-07 00:00:00.000;690,0;USV ;1;62,0;2306
2019-01-08 00:00:00.000;352,0;USV ;1;93,0;2315
2019-01-12 00:00:00.000;690,0;VRL ;3;100,0;2488
2019-01-12 00:00:00.000;693,0;VRL ;4;26,0;2503
2019-01-12 00:00:00.000;149,0;VRL ;4;100,0;2508
2019-01-14 00:00:00.000;191,0;USV ;3;62,0;2603
2019-01-14 00:00:00.000;201,0;USV ;3;76,0;2631
2019-01-16 00:00:00.000;395,0;USV ;1;25,0;2666
2019-01-16 00:00:00.000;196,0;USV ;3;26,0;2675
2019-01-18 00:00:00.000;145,0;USV ;4;32,0;2712
2019-01-06 00:00:00.000;205,0;USV ;4;75,0;2130
2019-02-07 00:00:00.000;697,0;USV ;;37,0;3372
2019-01-10 00:00:00.000;505,0;USV ;4;30,0;2396
2019-01-11 00:00:00.000;334,0;USV ;3;20,0;2443
2019-01-18 00:00:00.000;655,0;USV ;;83,0;2746
2019-01-20 00:00:00.000;338,0;USV ;3;91,0;2774
2019-01-20 00:00:00.000;628,0;USV ;1;37,0;2782
2019-02-08 00:00:00.000;302,0;USV ;4;53,0;3375
2019-01-02 00:00:00.000;174,0;VRP ;4;97,0;1943
2019-01-02 00:00:00.000;250,0;VRP ;4;38,0;1975
2019-01-04 00:00:00.000;329,0;VRP ;3;65,0;2043
2019-01-05 00:00:00.000;725,0;USV ;3;89,0;2114
2019-01-06 00:00:00.000;270,0;USV ;3;58,0;2128
2019-01-06 00:00:00.000;433,0;USV ;3;53,0;2191
2019-01-10 00:00:00.000;632,0;USV ;4;85,0;2421
2019-01-02 00:00:00.000;444,0;VRP ;4;36,0;1939
2019-01-04 00:00:00.000;495,0;VRP ;1;74,0;2037
2019-01-06 00:00:00.000;317,0;USV ;3;54,0;2129
2019-01-07 00:00:00.000;533,0;VRL ;4;22,0;2285
2019-01-09 00:00:00.000;266,0;USV ;1;40,0;2356
2019-01-14 00:00:00.000;667,0;USV ;4;21,0;2591
2019-01-25 00:00:00.000;182,0;USV ;4;0,0;2928
2019-01-08 00:00:00.000;736,0;USV ;1;94,0;2337
2019-01-10 00:00:00.000;217,0;USV ;4;69,0;2387
2019-01-02 00:00:00.000;380,0;USV ;1;106,0;1835
2019-01-03 00:00:00.000;458,0;VRP ;3;66,0;2007
2019-01-04 00:00:00.000;617,0;VRP ;1;62,0;2026
2019-01-04 00:00:00.000;560,0;VRP ;4;77,0;2048
2019-01-07 00:00:00.000;478,0;VRL ;4;72,0;2268
2019-01-07 00:00:00.000;674,0;VRL ;4;63,0;2295
2019-01-07 00:00:00.000;139,0;VRL ;4;71,0;2299
2019-01-07 00:00:00.000;487,0;VRL ;4;41,0;2300
2019-01-07 00:00:00.000;594,0;USV ;4;46,0;2307
2019-01-12 00:00:00.000;609,0;VRL ;3;109,0;2476
2019-01-14 00:00:00.000;206,0;USV ;4;52,0;2589
2019-01-14 00:00:00.000;538,0;USV ;1;31,0;2601
2019-01-14 00:00:00.000;704,0;USV ;4;48,0;2619
2019-01-16 00:00:00.000;370,0;USV ;3;33,0;2662
2019-01-16 00:00:00.000;293,0;USV ;4;30,0;2663
2019-01-16 00:00:00.000;726,0;USV ;4;108,0;2665
2019-01-16 00:00:00.000;116,0;USV ;1;101,0;2670
2019-01-16 00:00:00.000;199,0;USV ;3;27,0;2674
2019-02-06 00:00:00.000;201,0;USV ;4;75,0;3318
2019-02-06 00:00:00.000;287,0;USV ;4;84,0;3322
2019-01-12 00:00:00.000;335,0;USV ;3;75,0;2526
2019-01-15 00:00:00.000;117,0;USV ;4;20,0;2641
2019-01-20 00:00:00.000;100,0;USV ;3;74,0;2787
2019-02-03 00:00:00.000;170,0;USV ;;73,0;3206
2019-01-18 00:00:00.000;568,0;USV ;4;77,0;2722
2019-01-19 00:00:00.000;233,0;USV ;4;94,0;2765
2019-01-20 00:00:00.000;477,0;USV ;1;100,0;2783
2019-01-20 00:00:00.000;190,0;USV ;3;22,0;2794
2019-01-21 00:00:00.000;326,0;USV ;3;0,0;2856
2019-01-25 00:00:00.000;353,0;USV ;4;0,0;2929
2019-01-27 00:00:00.000;476,0;USV ;1;0,0;3010
2019-01-31 00:00:00.000;674,0;USV ;4;0,0;3129
2019-01-03 00:00:00.000;692,0;VRP ;1;104,0;2021
2019-01-09 00:00:00.000;635,0;USV ;3;63,0;2371
2019-01-18 00:00:00.000;287,0;USV ;3;82,0;2737
2019-01-21 00:00:00.000;747,0;USV ;1;0,0;2825
2019-01-21 00:00:00.000;642,0;USV ;4;0,0;2831
2019-01-27 00:00:00.000;728,0;USV ;3;0,0;3005
2019-01-27 00:00:00.000;567,0;USV ;3;0,0;3014
2019-01-07 00:00:00.000;350,0;VRL ;1;77,0;2222
2019-01-07 00:00:00.000;552,0;VRL ;4;110,0;2255
2019-01-07 00:00:00.000;658,0;VRL ;3;65,0;2283
2019-01-08 00:00:00.000;187,0;USV ;1;100,0;2350
2019-01-15 00:00:00.000;421,0;USV ;1;95,0;2651
2019-02-05 00:00:00.000;650,0;USV ;3;54,0;3301
2019-02-02 00:00:00.000;133,0;USV ;4;48,0;3190
2019-02-03 00:00:00.000;460,0;USV ;1;72,0;3221
2019-02-07 00:00:00.000;426,0;USV ;3;103,0;3353
2019-01-12 00:00:00.000;574,0;VRL ;3;67,0;2480
2019-01-12 00:00:00.000;185,0;USV ;;28,0;2538
2019-01-18 00:00:00.000;521,0;USV ;1;108,0;2707
2019-01-23 00:00:00.000;549,0;USV ;4;0,0;2894
2019-01-02 00:00:00.000;367,0;VRP ;3;70,0;1947
2019-01-04 00:00:00.000;271,0;VRP ;1;101,0;2067
2019-01-05 00:00:00.000;409,0;USV ;1;83,0;2084
2019-01-11 00:00:00.000;134,0;USV ;4;65,0;2455
2019-01-26 00:00:00.000;669,0;USV ;1;0,0;2977
2019-02-01 00:00:00.000;335,0;USV ;4;27,0;3141
2019-02-02 00:00:00.000;705,0;USV ;4;40,0;3174
2019-02-03 00:00:00.000;500,0;USV ;4;75,0;3246
2019-01-21 00:00:00.000;557,0;USV ;3;0,0;2855
2019-01-31 00:00:00.000;220,0;USV ;3;0,0;3120
2019-01-16 00:00:00.000;692,0;USV ;1;35,0;2657
2019-01-02 00:00:00.000;262,0;VRL ;1;95,0;1918
2019-01-03 00:00:00.000;219,0;VRP ;3;25,0;1998
2019-01-06 00:00:00.000;442,0;VRL ;1;50,0;2153
2019-01-07 00:00:00.000;647,0;USV ;3;45,0;2297
2019-01-03 00:00:00.000;681,0;VRP ;4;38,0;2001
2019-01-06 00:00:00.000;383,0;USV ;3;38,0;2190
2019-01-18 00:00:00.000;460,0;USV ;4;29,0;2723
2019-01-20 00:00:00.000;234,0;USV ;4;105,0;2808
2019-01-17 00:00:00.000;409,0;USV ;1;60,0;2678
2019-01-22 00:00:00.000;632,0;USV ;;0,0;2869
2019-02-06 00:00:00.000;298,0;USV ;4;32,0;3328
2019-02-07 00:00:00.000;107,0;USV ;3;62,0;3359
2019-01-14 00:00:00.000;248,0;USV ;1;54,0;2627
2019-01-20 00:00:00.000;290,0;USV ;1;46,0;2796
2019-01-26 00:00:00.000;355,0;USV ;1;0,0;2992
2019-02-01 00:00:00.000;310,0;USV ;4;82,0;3152
2019-01-14 00:00:00.000;127,0;USV ;3;53,0;2604
2019-01-14 00:00:00.000;107,0;USV ;3;43,0;2609
2019-02-02 00:00:00.000;496,0;USV ;3;74,0;3172
2019-01-12 00:00:00.000;562,0;USV ;;57,0;2461
2019-01-02 00:00:00.000;666,0;VRP ;4;47,0;1973
2019-01-05 00:00:00.000;613,0;USV ;3;64,0;2105
2019-01-11 00:00:00.000;118,0;USV ;1;88,0;2423
2019-01-04 00:00:00.000;620,0;VRP ;4;84,0;2046
2019-01-05 00:00:00.000;252,0;USV ;;37,0;2100
2019-01-06 00:00:00.000;611,0;USV ;3;30,0;2195
2019-01-14 00:00:00.000;651,0;USV ;1;100,0;2595
2019-01-15 00:00:00.000;177,0;USV ;4;21,0;2636
2019-01-16 00:00:00.000;439,0;USV ;3;44,0;2668
2019-01-31 00:00:00.000;400,0;USX ;1;0,0;3078
2019-01-02 00:00:00.000;604,0;VRP ;4;94,0;1967
2019-01-10 00:00:00.000;583,0;USV ;3;50,0;2410
2019-02-07 00:00:00.000;466,0;USV ;4;94,0;3368
2019-01-12 00:00:00.000;259,0;VRL ;3;75,0;2502
2019-01-27 00:00:00.000;670,0;USV ;1;0,0;3007
2019-01-28 00:00:00.000;249,0;USV ;3;0,0;3060
2019-01-04 00:00:00.000;417,0;VRP ;1;83,0;2057
2019-01-06 00:00:00.000;259,0;USV ;4;24,0;2182
2019-01-10 00:00:00.000;337,0;USV ;1;86,0;2418
2019-01-15 00:00:00.000;321,0;USV ;3;72,0;2652
2019-01-16 00:00:00.000;407,0;USV ;3;39,0;2673
2019-01-20 00:00:00.000;726,0;USV ;1;62,0;2780
2019-01-21 00:00:00.000;164,0;USV ;;0,0;2828
2019-01-02 00:00:00.000;514,0;VRL ;4;64,0;1860
2019-01-15 00:00:00.000;506,0;USV ;3;66,0;2654
2019-01-12 00:00:00.000;290,0;VRL ;;26,0;2500
2019-01-21 00:00:00.000;667,0;USV ;3;0,0;2839
2019-01-31 00:00:00.000;188,0;VRL ;;0,0;3116
2019-01-02 00:00:00.000;295,0;VRL ;3;96,0;1873
2019-01-02 00:00:00.000;625,0;VRL ;;87,0;1874
2019-01-12 00:00:00.000;209,0;USV ;;100,0;2535
2019-01-27 00:00:00.000;296,0;USV ;3;0,0;3023
2019-01-02 00:00:00.000;99,0;USV ;3;100,0;1839
2019-01-03 00:00:00.000;347,0;VRP ;;25,0;1997
2019-02-06 00:00:00.000;521,0;USV ;3;91,0;3324
2019-01-07 00:00:00.000;109,0;USV ;4;57,0;2241
2019-01-07 00:00:00.000;236,0;USV ;1;24,0;2246
2019-01-07 00:00:00.000;300,0;VRL ;4;84,0;2270
2019-01-10 00:00:00.000;276,0;USV ;4;75,0;2390
2019-01-12 00:00:00.000;570,0;VRL ;4;41,0;2469
2019-01-28 00:00:00.000;302,0;USV ;1;0,0;3027
2019-01-07 00:00:00.000;401,0;USV ;4;82,0;2292
2019-01-07 00:00:00.000;673,0;VRL ;1;74,0;2232
2019-01-25 00:00:00.000;490,0;USV ;4;0,0;2957
2019-01-14 00:00:00.000;324,0;USV ;3;59,0;2600
2019-01-19 00:00:00.000;714,0;USV ;3;57,0;2768
2019-01-31 00:00:00.000;486,0;USV ;1;0,0;3124
2019-01-07 00:00:00.000;585,0;USV ;3;68,0;2200
2019-01-12 00:00:00.000;229,0;USV ;1;64,0;2495
2019-01-17 00:00:00.000;452,0;USV ;4;25,0;2692
2019-02-01 00:00:00.000;652,0;USV ;4;38,0;3142
2019-01-12 00:00:00.000;307,0;VRL ;4;87,0;2518
2019-01-31 00:00:00.000;696,0;VRL ;1;0,0;3113
2019-02-04 00:00:00.000;133,0;USV ;3;73,0;3256
2019-02-04 00:00:00.000;357,0;USV ;3;53,0;3261
2019-01-26 00:00:00.000;421,0;USV ;1;0,0;2963
2019-02-06 00:00:00.000;632,0;USV ;;36,0;3320
2019-02-04 00:00:00.000;166,0;USV ;3;59,0;3265
2019-02-06 00:00:00.000;407,0;USV ;3;26,0;3336
2019-01-08 00:00:00.000;744,0;USV ;1;73,0;2323
2019-01-08 00:00:00.000;346,0;USV ;1;64,0;2347
2019-01-12 00:00:00.000;648,0;VRL ;4;97,0;2517
2019-01-12 00:00:00.000;537,0;USV ;1;80,0;2531
2019-01-18 00:00:00.000;633,0;USV ;3;79,0;2733
2019-01-20 00:00:00.000;524,0;USV ;1;60,0;2795
2019-01-22 00:00:00.000;197,0;USV ;3;0,0;2865
2019-01-25 00:00:00.000;620,0;USV ;3;0,0;2933
2019-01-31 00:00:00.000;404,0;USX ;4;0,0;3087
2019-01-31 00:00:00.000;266,0;VRL ;;0,0;3123
2019-01-03 00:00:00.000;521,0;VRP ;4;88,0;2000
2019-02-03 00:00:00.000;231,0;USV ;4;67,0;3210
2019-01-05 00:00:00.000;612,0;USV ;;50,0;2080
2019-01-06 00:00:00.000;569,0;VRL ;1;94,0;2152
2019-02-08 00:00:00.000;187,0;USV ;3;89,0;3384
2019-01-21 00:00:00.000;332,0;USV ;3;0,0;2841
2019-01-02 00:00:00.000;202,0;VRL ;1;53,0;1906
2019-01-08 00:00:00.000;172,0;USV ;;77,0;2349
2019-01-12 00:00:00.000;622,0;USV ;4;108,0;2536
2019-01-06 00:00:00.000;468,0;USV ;1;70,0;2196
2019-01-12 00:00:00.000;691,0;USV ;3;70,0;2533
2019-01-02 00:00:00.000;144,0;USV ;4;51,0;1821
2019-02-03 00:00:00.000;229,0;USV ;;40,0;3207
2019-01-12 00:00:00.000;474,0;VRL ;3;81,0;2477
2019-02-05 00:00:00.000;674,0;USV ;4;62,0;3303
2019-02-02 00:00:00.000;672,0;USV ;1;61,0;3181
2019-01-04 00:00:00.000;139,0;VRP ;3;98,0;2059
2019-02-09 00:00:00.000;405,0;USV ;4;42,0;3414
2019-01-17 00:00:00.000;669,0;USV ;;22,0;2702
2019-01-25 00:00:00.000;598,0;USV ;4;0,0;2949
2019-01-31 00:00:00.000;578,0;USV ;4;0,0;3132
2019-02-08 00:00:00.000;576,0;USV ;3;77,0;3395
2019-02-08 00:00:00.000;445,0;USV ;4;44,0;3399
2019-01-25 00:00:00.000;499,0;USV ;4;0,0;2935
2019-01-31 00:00:00.000;104,0;USV ;4;0,0;3071
2019-02-01 00:00:00.000;116,0;USV ;1;99,0;3155
2019-01-07 00:00:00.000;341,0;USV ;;22,0;2309
2019-01-27 00:00:00.000;239,0;USV ;3;0,0;3018
2019-01-02 00:00:00.000;648,0;VRL ;1;104,0;1915
2019-01-12 00:00:00.000;203,0;VRL ;3;39,0;2474
2019-01-17 00:00:00.000;316,0;USV ;4;54,0;2681
2019-01-17 00:00:00.000;145,0;USV ;3;37,0;2700
2019-01-27 00:00:00.000;348,0;USV ;4;0,0;3024
2019-01-31 00:00:00.000;634,0;USV ;3;0,0;3062
2019-02-03 00:00:00.000;183,0;USV ;1;110,0;3231
2019-01-18 00:00:00.000;463,0;USV ;;47,0;2711
2019-01-25 00:00:00.000;260,0;USV ;;0,0;2955
2019-01-18 00:00:00.000;251,0;USV ;1;106,0;2709
2019-01-08 00:00:00.000;665,0;USV ;3;37,0;2330
2019-02-03 00:00:00.000;620,0;USV ;3;107,0;3229
2019-01-07 00:00:00.000;171,0;VRL ;4;102,0;2301
2019-01-14 00:00:00.000;480,0;USV ;1;60,0;2618
2019-02-03 00:00:00.000;643,0;USV ;4;105,0;3237
2019-01-23 00:00:00.000;141,0;USV ;;0,0;2893
2019-02-04 00:00:00.000;431,0;USV ;;83,0;3262
2019-01-11 00:00:00.000;273,0;USV ;3;85,0;2448
2019-02-01 00:00:00.000;230,0;USV ;;72,0;3163
2019-01-02 00:00:00.000;670,0;USV ;1;33,0;1829
2019-02-04 00:00:00.000;685,0;USV ;;87,0;3293
2019-01-06 00:00:00.000;718,0;USV ;3;80,0;2181
2019-01-07 00:00:00.000;688,0;USV ;4;32,0;2286
2019-01-08 00:00:00.000;208,0;USV ;1;73,0;2325
2019-01-08 00:00:00.000;655,0;USV ;4;68,0;2344
2019-01-15 00:00:00.000;220,0;USV ;3;31,0;2653
2019-01-19 00:00:00.000;509,0;USV ;3;61,0;2770
2019-01-27 00:00:00.000;467,0;USV ;4;0,0;3015
2019-01-31 00:00:00.000;286,0;VRL ;3;0,0;3101
2019-02-07 00:00:00.000;170,0;USV ;3;92,0;3370
2019-02-01 00:00:00.000;164,0;USV ;1;31,0;3159
2019-01-07 00:00:00.000;704,0;VRL ;1;86,0;2215
2019-01-31 00:00:00.000;372,0;VRL ;4;0,0;3094
2019-02-06 00:00:00.000;492,0;USV ;;79,0;3321
2019-01-11 00:00:00.000;363,0;USV ;3;106,0;2422
2019-01-18 00:00:00.000;106,0;USV ;;31,0;2741
2019-01-21 00:00:00.000;665,0;USV ;4;0,0;2814
2019-01-26 00:00:00.000;727,0;USV ;4;0,0;2980
2019-01-31 00:00:00.000;207,0;USV ;;0,0;3074
2019-02-03 00:00:00.000;671,0;USV ;3;83,0;3227
2019-02-04 00:00:00.000;748,0;USV ;3;100,0;3269
2019-01-26 00:00:00.000;680,0;USV ;1;0,0;2971
2019-01-26 00:00:00.000;611,0;USV ;3;0,0;2973
2019-01-02 00:00:00.000;137,0;USV ;;103,0;1830
2019-01-17 00:00:00.000;404,0;USV ;1;65,0;2693
2019-01-17 00:00:00.000;359,0;USV ;4;24,0;2694
2019-01-18 00:00:00.000;523,0;USV ;1;82,0;2716
2019-01-12 00:00:00.000;144,0;VRL ;4;70,0;2505
2019-01-14 00:00:00.000;578,0;USV ;3;94,0;2610
2019-01-22 00:00:00.000;591,0;USV ;3;0,0;2875
2019-01-03 00:00:00.000;588,0;VRP ;1;70,0;2019
2019-01-21 00:00:00.000;337,0;USV ;3;0,0;2823
2019-01-31 00:00:00.000;542,0;USX ;3;0,0;3085
2019-01-15 00:00:00.000;283,0;USV ;1;41,0;2643
2019-01-03 00:00:00.000;535,0;VRP ;1;104,0;2008
2019-02-04 00:00:00.000;607,0;USV ;;97,0;3283
2019-01-06 00:00:00.000;92,0;USV ;3;89,0;2189
2019-01-21 00:00:00.000;325,0;USV ;3;0,0;2835
2019-01-24 00:00:00.000;592,0;USV ;4;0,0;2915
2019-01-31 00:00:00.000;357,0;USV ;1;0,0;3128
2019-01-03 00:00:00.000;677,0;VRP ;4;106,0;2005
2019-01-08 00:00:00.000;713,0;USV ;3;22,0;2320
2019-01-18 00:00:00.000;457,0;USV ;4;79,0;2730
2019-01-18 00:00:00.000;128,0;USV ;1;93,0;2731
2019-01-25 00:00:00.000;174,0;USV ;3;0,0;2940
2019-01-06 00:00:00.000;571,0;VRL ;1;92,0;2146
2019-02-08 00:00:00.000;142,0;USV ;3;82,0;3398
2019-01-28 00:00:00.000;284,0;USV ;1;0,0;3034
2019-01-10 00:00:00.000;462,0;USV ;;82,0;2408
2019-02-03 00:00:00.000;459,0;USV ;;49,0;3222
2019-01-02 00:00:00.000;446,0;VRL ;4;71,0;1865
2019-01-10 00:00:00.000;264,0;USV ;4;36,0;2403
2019-01-25 00:00:00.000;703,0;USV ;4;0,0;2948
2019-01-07 00:00:00.000;514,0;USV ;3;27,0;2202
2019-02-03 00:00:00.000;285,0;USV ;1;81,0;3234
2019-01-06 00:00:00.000;548,0;USV ;3;70,0;2183
2019-02-09 00:00:00.000;125,0;USV ;4;94,0;3409
2019-01-18 00:00:00.000;653,0;USV ;;102,0;2718
2019-01-02 00:00:00.000;286,0;VRL ;3;76,0;1843
2019-01-02 00:00:00.000;613,0;USV ;3;101,0;1904
2019-01-02 00:00:00.000;323,0;VRP ;4;26,0;1946
2019-01-04 00:00:00.000;667,0;VRP ;1;30,0;2064
2019-01-06 00:00:00.000;546,0;VRL ;1;53,0;2154
2019-01-07 00:00:00.000;306,0;USV ;3;42,0;2235
2019-02-08 00:00:00.000;678,0;USV ;3;20,0;3404
2019-01-10 00:00:00.000;651,0;USV ;3;49,0;2388
2019-01-10 00:00:00.000;242,0;USV ;1;57,0;2399
2019-01-11 00:00:00.000;434,0;USV ;4;23,0;2449
2019-01-13 00:00:00.000;283,0;USV ;3;91,0;2565
2019-01-13 00:00:00.000;371,0;USV ;1;25,0;2575
2019-01-14 00:00:00.000;733,0;USV ;3;109,0;2616
2019-01-18 00:00:00.000;594,0;USV ;3;52,0;2747
2019-01-19 00:00:00.000;263,0;USV ;4;48,0;2755
2019-01-20 00:00:00.000;729,0;USV ;1;51,0;2785
2019-01-20 00:00:00.000;715,0;USV ;3;25,0;2810
2019-01-21 00:00:00.000;353,0;USV ;4;0,0;2842
2019-01-21 00:00:00.000;252,0;USV ;3;0,0;2852
2019-01-23 00:00:00.000;359,0;USV ;1;0,0;2898
2019-01-27 00:00:00.000;316,0;USV ;3;0,0;3009
2019-01-27 00:00:00.000;565,0;USV ;3;0,0;3011
2019-01-28 00:00:00.000;346,0;USV ;3;0,0;3025
2019-01-31 00:00:00.000;318,0;USX ;3;0,0;3077
2019-01-31 00:00:00.000;157,0;VRL ;3;0,0;3099
2019-01-23 00:00:00.000;645,0;USV ;3;0,0;2887
2019-01-12 00:00:00.000;338,0;VRL ;4;88,0;2512
2019-01-02 00:00:00.000;489,0;USV ;1;40,0;1879
2019-01-16 00:00:00.000;743,0;USV ;3;35,0;2672
2019-01-02 00:00:00.000;526,0;VRL ;1;35,0;1926
2019-01-06 00:00:00.000;299,0;USV ;3;67,0;2198
2019-01-08 00:00:00.000;472,0;USV ;;46,0;2341
2019-01-23 00:00:00.000;130,0;USV ;3;0,0;2903
2019-02-02 00:00:00.000;359,0;USV ;1;69,0;3175
2019-02-03 00:00:00.000;413,0;USV ;3;58,0;3219
2019-01-06 00:00:00.000;286,0;VRL ;;94,0;2156
2019-01-02 00:00:00.000;400,0;VRP ;;99,0;1932
2019-02-04 00:00:00.000;648,0;USV ;1;109,0;3278
2019-01-02 00:00:00.000;265,0;VRL ;3;89,0;1877
2019-01-07 00:00:00.000;211,0;VRL ;4;107,0;2269
2019-01-21 00:00:00.000;95,0;USV ;3;0,0;2832
2019-01-11 00:00:00.000;470,0;USV ;1;60,0;2453
2019-01-23 00:00:00.000;297,0;USV ;;0,0;2906
2019-01-06 00:00:00.000;610,0;USV ;1;94,0;2178
2019-01-18 00:00:00.000;679,0;USV ;1;105,0;2738
2019-01-11 00:00:00.000;184,0;USV ;;46,0;2444
2019-01-04 00:00:00.000;443,0;VRP ;4;70,0;2044
2019-01-12 00:00:00.000;490,0;VRL ;3;43,0;2489
2019-01-10 00:00:00.000;163,0;USV ;4;67,0;2397
2019-02-04 00:00:00.000;634,0;USV ;3;56,0;3275
2019-01-21 00:00:00.000;732,0;USV ;3;0,0;2816
2019-01-22 00:00:00.000;558,0;USV ;;0,0;2862
2019-01-22 00:00:00.000;320,0;USV ;;0,0;2864
2019-02-02 00:00:00.000;562,0;USV ;4;102,0;3177
2019-01-07 00:00:00.000;227,0;USV ;1;28,0;2211
2019-01-10 00:00:00.000;748,0;USV ;;104,0;2395
2019-01-04 00:00:00.000;430,0;VRP ;1;23,0;2025
2019-01-23 00:00:00.000;706,0;USV ;4;0,0;2892
2019-01-18 00:00:00.000;378,0;USV ;3;90,0;2721
2019-01-05 00:00:00.000;496,0;USV ;4;72,0;2107
2019-02-06 00:00:00.000;669,0;USV ;1;107,0;3337
2019-01-07 00:00:00.000;341,0;VRL ;1;20,0;2213
2019-01-06 00:00:00.000;421,0;VRL ;1;64,0;2165
2019-01-12 00:00:00.000;487,0;VRL ;4;31,0;2516
2019-01-31 00:00:00.000;386,0;USX ;3;0,0;3090
2019-01-02 00:00:00.000;394,0;VRP ;4;45,0;1961
2019-01-12 00:00:00.000;289,0;VRL ;3;40,0;2501
2019-01-03 00:00:00.000;363,0;VRP ;4;33,0;2020
2019-02-01 00:00:00.000;493,0;USV ;4;53,0;3149
2019-02-01 00:00:00.000;280,0;USV ;3;27,0;3150
2019-01-02 00:00:00.000;328,0;USV ;4;84,0;1854
2019-01-02 00:00:00.000;723,0;VRL ;4;49,0;1862
2019-02-02 00:00:00.000;294,0;USV ;1;85,0;3189
2019-02-03 00:00:00.000;651,0;USV ;3;64,0;3201
2019-01-04 00:00:00.000;677,0;VRP ;4;74,0;2033
2019-01-06 00:00:00.000;172,0;VRL ;1;88,0;2164
2019-01-07 00:00:00.000;192,0;VRL ;4;46,0;2249
2019-01-12 00:00:00.000;684,0;VRL ;4;31,0;2470
2019-01-12 00:00:00.000;269,0;VRL ;3;91,0;2478
2019-01-12 00:00:00.000;489,0;USV ;4;69,0;2514
2019-01-14 00:00:00.000;538,0;USV ;3;67,0;2602
2019-01-16 00:00:00.000;600,0;USV ;4;80,0;2667
2019-01-19 00:00:00.000;278,0;USV ;3;85,0;2752
2019-01-28 00:00:00.000;709,0;USV ;4;0,0;3054
2019-01-02 00:00:00.000;106,0;USV ;3;28,0;1825
2019-01-14 00:00:00.000;685,0;USV ;3;58,0;2605
2019-01-13 00:00:00.000;282,0;USV ;3;106,0;2554
2019-02-01 00:00:00.000;332,0;USV ;1;74,0;3160
2019-01-12 00:00:00.000;526,0;USV ;3;59,0;2507
2019-01-23 00:00:00.000;436,0;USV ;1;0,0;2904
2019-01-18 00:00:00.000;342,0;USV ;1;96,0;2719
2019-01-21 00:00:00.000;242,0;USV ;1;0,0;2847
2019-01-23 00:00:00.000;714,0;USV ;4;0,0;2899
2019-01-28 00:00:00.000;242,0;USV ;4;0,0;3055
2019-01-04 00:00:00.000;122,0;VRP ;1;66,0;2054
2019-02-03 00:00:00.000;351,0;USV ;1;37,0;3203
2019-02-06 00:00:00.000;427,0;USV ;1;67,0;3343
2019-01-13 00:00:00.000;638,0;USV ;3;89,0;2548
2019-01-31 00:00:00.000;274,0;USX ;;0,0;3119
2019-01-03 00:00:00.000;612,0;VRP ;3;33,0;1992
2019-01-26 00:00:00.000;173,0;USV ;1;0,0;2968
2019-01-18 00:00:00.000;664,0;USV ;3;43,0;2708
2019-01-05 00:00:00.000;730,0;USV ;4;26,0;2094
2019-01-06 00:00:00.000;256,0;USV ;3;67,0;2187
2019-01-11 00:00:00.000;193,0;USV ;3;45,0;2456
2019-01-26 00:00:00.000;428,0;USV ;1;0,0;2966
2019-01-05 00:00:00.000;320,0;USV ;;21,0;2072
2019-01-10 00:00:00.000;670,0;USV ;1;74,0;2414
2019-01-20 00:00:00.000;312,0;USV ;1;51,0;2811
2019-01-31 00:00:00.000;352,0;USX ;;0,0;3076
2019-02-02 00:00:00.000;730,0;USV ;4;87,0;3179
2019-02-01 00:00:00.000;152,0;USV ;3;64,0;3162
2019-02-03 00:00:00.000;151,0;USV ;4;27,0;3236
2019-01-21 00:00:00.000;584,0;USV ;4;0,0;2813
2019-01-02 00:00:00.000;247,0;VRP ;3;96,0;1985
2019-02-04 00:00:00.000;276,0;USV ;;48,0;3274
2019-01-05 00:00:00.000;739,0;USV ;1;94,0;2097
2019-01-08 00:00:00.000;653,0;USV ;4;108,0;2331
2019-01-14 00:00:00.000;279,0;USV ;3;61,0;2621
2019-01-31 00:00:00.000;179,0;USV ;1;0,0;3066
2019-01-19 00:00:00.000;287,0;USV ;4;100,0;2757
2019-01-08 00:00:00.000;484,0;USV ;3;72,0;2343
2019-01-25 00:00:00.000;329,0;USV ;4;0,0;2958
2019-01-06 00:00:00.000;620,0;USV ;3;47,0;2180
2019-02-06 00:00:00.000;444,0;USV ;3;69,0;3341
2019-01-02 00:00:00.000;354,0;VRL ;3;41,0;1844
2019-01-15 00:00:00.000;537,0;USV ;4;77,0;2638
2019-01-31 00:00:00.000;415,0;VRL ;4;0,0;3096
2019-01-02 00:00:00.000;192,0;VRL ;3;65,0;1878
2019-01-31 00:00:00.000;292,0;VRL ;1;0,0;3112
2019-02-01 00:00:00.000;553,0;USV ;4;47,0;3144
2019-01-07 00:00:00.000;396,0;VRL ;4;83,0;2253
2019-01-07 00:00:00.000;236,0;USV ;1;57,0;2273
2019-01-19 00:00:00.000;654,0;USV ;;99,0;2769
2019-01-31 00:00:00.000;470,0;USV ;1;0,0;3063
2019-01-31 00:00:00.000;486,0;VRL ;3;0,0;3102
2019-01-02 00:00:00.000;215,0;VRL ;4;99,0;1848
2019-01-02 00:00:00.000;377,0;VRL ;3;90,0;1880
2019-01-03 00:00:00.000;309,0;VRP ;3;98,0;2004
2019-01-04 00:00:00.000;285,0;VRP ;1;30,0;2045
2019-01-04 00:00:00.000;548,0;VRP ;3;20,0;2066
2019-01-07 00:00:00.000;538,0;VRL ;1;67,0;2220
2019-01-07 00:00:00.000;357,0;VRL ;3;34,0;2258
2019-01-07 00:00:00.000;199,0;VRL ;4;36,0;2284
2019-01-08 00:00:00.000;293,0;USV ;4;50,0;2339
2019-01-09 00:00:00.000;420,0;USV ;3;65,0;2359
2019-01-12 00:00:00.000;713,0;VRL ;3;72,0;2479
2019-01-12 00:00:00.000;549,0;USV ;1;96,0;2481
2019-01-13 00:00:00.000;709,0;USV ;4;108,0;2564
2019-03-29 00:00:00.000;563,0;VRO ;1;0,0;3422
2019-01-09 00:00:00.000;508,0;USV ;;42,0;2377
2019-01-02 00:00:00.000;554,0;VRP ;;72,0;1930
2019-01-02 00:00:00.000;203,0;VRL ;3;78,0;1887
2019-01-02 00:00:00.000;621,0;VRL ;1;50,0;1921
2019-01-07 00:00:00.000;264,0;USV ;4;22,0;2240
2019-01-07 00:00:00.000;584,0;VRL ;3;27,0;2256
2019-01-23 00:00:00.000;542,0;USV ;3;0,0;2883
2019-01-14 00:00:00.000;611,0;USV ;1;96,0;2614
2019-01-11 00:00:00.000;257,0;USV ;1;71,0;2446
2019-01-23 00:00:00.000;195,0;USV ;;0,0;2884
2019-01-06 00:00:00.000;572,0;USV ;4;109,0;2175
2019-02-01 00:00:00.000;359,0;USV ;4;53,0;3137
2019-01-02 00:00:00.000;286,0;VRP ;3;26,0;1986
2019-01-17 00:00:00.000;336,0;USV ;4;32,0;2698
2019-01-21 00:00:00.000;144,0;USV ;3;0,0;2834
2019-01-12 00:00:00.000;471,0;USV ;1;94,0;2532
2019-01-06 00:00:00.000;746,0;VRL ;1;65,0;2160
2019-01-09 00:00:00.000;247,0;USV ;4;105,0;2383
2019-01-07 00:00:00.000;218,0;USV ;3;64,0;2313
2019-01-08 00:00:00.000;111,0;USV ;;37,0;2346
2019-01-14 00:00:00.000;482,0;USV ;4;36,0;2623
2019-01-19 00:00:00.000;350,0;USV ;;106,0;2767
2019-01-20 00:00:00.000;395,0;USV ;;26,0;2777
2019-01-22 00:00:00.000;646,0;USV ;;0,0;2870
2019-01-03 00:00:00.000;176,0;VRP ;;52,0;2012
2019-01-14 00:00:00.000;546,0;USV ;;89,0;2611
2019-01-07 00:00:00.000;668,0;VRL ;4;53,0;2302
2019-01-21 00:00:00.000;167,0;USV ;3;0,0;2820
2019-02-01 00:00:00.000;316,0;USV ;1;40,0;3158
2019-02-01 00:00:00.000;689,0;USV ;1;98,0;3161
2019-02-03 00:00:00.000;743,0;USV ;4;107,0;3240
2019-02-04 00:00:00.000;707,0;USV ;1;107,0;3289
2019-02-06 00:00:00.000;336,0;USV ;4;43,0;3344
2019-02-08 00:00:00.000;475,0;USV ;4;91,0;3376
2019-01-23 00:00:00.000;635,0;USV ;3;0,0;2901
2019-01-24 00:00:00.000;733,0;USV ;4;0,0;2923
2019-01-06 00:00:00.000;585,0;USV ;;101,0;2132
2019-02-03 00:00:00.000;587,0;USV ;3;95,0;3232
2019-01-27 00:00:00.000;676,0;USV ;3;0,0;3012
2019-02-03 00:00:00.000;207,0;USV ;4;63,0;3243
2019-01-12 00:00:00.000;719,0;USV ;1;66,0;2534
2019-01-11 00:00:00.000;726,0;USV ;1;69,0;2437
2019-01-31 00:00:00.000;688,0;USX ;3;0,0;3086
2019-01-02 00:00:00.000;183,0;VRP ;4;108,0;1937
2019-01-19 00:00:00.000;136,0;USV ;1;47,0;2756
2019-01-25 00:00:00.000;564,0;USV ;1;0,0;2954
2019-02-09 00:00:00.000;332,0;USV ;4;37,0;3416
2019-01-31 00:00:00.000;406,0;VRL ;3;0,0;3100
2019-01-12 00:00:00.000;446,0;USV ;1;83,0;2466
2019-01-22 00:00:00.000;748,0;USV ;3;0,0;2863
2019-01-04 00:00:00.000;341,0;VRP ;4;60,0;2040
2019-01-20 00:00:00.000;186,0;USV ;;51,0;2786
2019-02-07 00:00:00.000;194,0;USV ;;106,0;3358
2019-01-10 00:00:00.000;670,0;USV ;4;24,0;2404
2019-01-07 00:00:00.000;680,0;USV ;1;56,0;2310
2019-02-03 00:00:00.000;371,0;USV ;3;78,0;3209
2019-01-19 00:00:00.000;179,0;USV ;1;46,0;2754
2019-01-26 00:00:00.000;315,0;USV ;4;0,0;2995
2019-01-28 00:00:00.000;746,0;USV ;3;0,0;3032
2019-01-28 00:00:00.000;603,0;USV ;3;0,0;3047
2019-01-05 00:00:00.000;742,0;USV ;3;64,0;2117
2019-01-09 00:00:00.000;174,0;USV ;1;99,0;2354
2019-02-09 00:00:00.000;697,0;USV ;;102,0;3410
2019-01-23 00:00:00.000;128,0;USV ;4;0,0;2882
2019-01-05 00:00:00.000;507,0;USV ;3;77,0;2111
2019-01-07 00:00:00.000;246,0;VRL ;3;81,0;2279
2019-01-31 00:00:00.000;431,0;VRL ;4;0,0;3095
2019-01-03 00:00:00.000;731,0;VRP ;;107,0;2022
2019-01-20 00:00:00.000;149,0;USV ;3;93,0;2803
2019-02-03 00:00:00.000;299,0;USV ;3;45,0;3225
2019-02-07 00:00:00.000;617,0;USV ;3;86,0;3360
2019-01-13 00:00:00.000;112,0;USV ;1;92,0;2586
2019-01-06 00:00:00.000;727,0;USV ;3;80,0;2174
2019-01-05 00:00:00.000;598,0;USV ;4;107,0;2101
2019-01-13 00:00:00.000;631,0;USV ;;62,0;2585
2019-01-07 00:00:00.000;594,0;USV ;4;64,0;2308
2019-01-04 00:00:00.000;470,0;VRP ;4;94,0;2065
2019-01-19 00:00:00.000;729,0;USV ;4;110,0;2762
2019-02-04 00:00:00.000;584,0;USV ;;109,0;3251
2019-01-12 00:00:00.000;173,0;USV ;4;95,0;2463
2019-01-02 00:00:00.000;153,0;USV ;4;37,0;1855
2019-02-01 00:00:00.000;418,0;USV ;4;25,0;3153
2019-02-01 00:00:00.000;577,0;USV ;1;34,0;3147
2019-01-08 00:00:00.000;633,0;USV ;4;78,0;2334
2019-01-08 00:00:00.000;694,0;USV ;1;22,0;2348
2019-01-28 00:00:00.000;391,0;USV ;;0,0;3052
2019-02-04 00:00:00.000;487,0;USV ;3;62,0;3267
2019-01-18 00:00:00.000;271,0;USV ;4;77,0;2732
2019-01-14 00:00:00.000;673,0;USV ;3;56,0;2592
2019-01-04 00:00:00.000;332,0;VRP ;4;42,0;2051
2019-01-06 00:00:00.000;108,0;USV ;1;95,0;2192
2019-01-02 00:00:00.000;459,0;USV ;1;88,0;1827
2019-02-08 00:00:00.000;637,0;USV ;4;79,0;3405
2019-02-01 00:00:00.000;243,0;USV ;;59,0;3166
2019-01-02 00:00:00.000;646,0;VRL ;4;53,0;1927
2019-01-17 00:00:00.000;367,0;USV ;3;80,0;2680
2019-01-02 00:00:00.000;97,0;USV ;4;76,0;1896
2019-01-26 00:00:00.000;662,0;USV ;1;0,0;2988
2019-01-18 00:00:00.000;462,0;USV ;;79,0;2726
2019-01-06 00:00:00.000;253,0;USV ;3;47,0;2172
2019-01-09 00:00:00.000;458,0;USV ;3;41,0;2380
2019-01-02 00:00:00.000;108,0;USV ;3;90,0;1834
2019-02-05 00:00:00.000;440,0;USV ;3;59,0;3298
2019-01-02 00:00:00.000;417,0;VRP ;4;107,0;1976
2019-01-22 00:00:00.000;328,0;USV ;;0,0;2860
2019-01-31 00:00:00.000;680,0;USX ;4;0,0;3084
2019-01-04 00:00:00.000;116,0;VRP ;4;104,0;2031
2019-01-09 00:00:00.000;172,0;USV ;4;53,0;2358
2019-01-07 00:00:00.000;431,0;VRL ;4;67,0;2247
2019-01-28 00:00:00.000;154,0;USV ;;0,0;3053
2019-02-05 00:00:00.000;443,0;USV ;1;57,0;3305
2019-01-19 00:00:00.000;97,0;USV ;;50,0;2750
2019-01-31 00:00:00.000;746,0;USV ;1;0,0;3064
2019-01-11 00:00:00.000;695,0;USV ;;64,0;2433
2019-02-03 00:00:00.000;683,0;USV ;3;34,0;3218
2019-02-08 00:00:00.000;209,0;USV ;4;71,0;3380
2019-01-31 00:00:00.000;639,0;USV ;4;0,0;3070
2019-01-03 00:00:00.000;388,0;VRP ;4;52,0;1991
2019-01-02 00:00:00.000;194,0;VRL ;3;24,0;1929
2019-01-31 00:00:00.000;517,0;VRL ;3;0,0;3097
2019-01-08 00:00:00.000;707,0;USV ;4;25,0;2322
2019-01-08 00:00:00.000;622,0;USV ;4;100,0;2327
2019-01-03 00:00:00.000;423,0;VRP ;3;56,0;1993
2019-01-12 00:00:00.000;589,0;USV ;3;62,0;2467
2019-01-07 00:00:00.000;158,0;VRL ;3;27,0;2276
2019-01-13 00:00:00.000;166,0;USV ;;38,0;2558
2019-02-08 00:00:00.000;481,0;USV ;;43,0;3400
2019-01-27 00:00:00.000;134,0;USV ;3;0,0;2999
2019-01-24 00:00:00.000;520,0;USV ;;0,0;2921
2019-01-02 00:00:00.000;172,0;VRL ;4;91,0;1849
2019-01-07 00:00:00.000;244,0;VRL ;1;46,0;2218
2019-01-07 00:00:00.000;747,0;VRL ;3;104,0;2257
2019-01-23 00:00:00.000;186,0;USV ;4;0,0;2902
2019-01-18 00:00:00.000;369,0;USV ;3;22,0;2725
2019-01-27 00:00:00.000;168,0;USV ;4;0,0;3004
2019-02-05 00:00:00.000;224,0;USV ;4;73,0;3311
2019-01-25 00:00:00.000;658,0;USV ;3;0,0;2941
2019-01-27 00:00:00.000;677,0;USV ;3;0,0;3001
2019-01-08 00:00:00.000;400,0;USV ;3;44,0;2328
2019-01-22 00:00:00.000;733,0;USV ;3;0,0;2861
2019-01-31 00:00:00.000;368,0;VRL ;;0,0;3117
2019-02-03 00:00:00.000;622,0;USV ;4;87,0;3220
2019-01-21 00:00:00.000;142,0;USV ;3;0,0;2846
2019-01-22 00:00:00.000;463,0;USV ;3;0,0;2874
2019-01-25 00:00:00.000;386,0;USV ;1;0,0;2961
2019-01-06 00:00:00.000;226,0;USV ;;50,0;2162
2019-01-09 00:00:00.000;437,0;USV ;4;38,0;2384
2019-01-21 00:00:00.000;363,0;USV ;;0,0;2826
2019-01-04 00:00:00.000;427,0;VRP ;4;21,0;2050
2019-01-07 00:00:00.000;111,0;USV ;4;97,0;2261
2019-01-22 00:00:00.000;256,0;USV ;4;0,0;2872
2019-01-07 00:00:00.000;254,0;VRL ;4;38,0;2271
2019-01-02 00:00:00.000;671,0;USV ;1;106,0;1842
2019-02-02 00:00:00.000;138,0;USV ;3;81,0;3183
2019-01-31 00:00:00.000;100,0;USX ;3;0,0;3080
2019-01-28 00:00:00.000;516,0;USV ;4;0,0;3045
2019-01-02 00:00:00.000;296,0;VRP ;3;101,0;1979
2019-01-05 00:00:00.000;712,0;USV ;4;96,0;2102
2019-01-12 00:00:00.000;649,0;VRL ;4;52,0;2522
2019-01-21 00:00:00.000;626,0;USV ;1;0,0;2837
2019-02-01 00:00:00.000;738,0;USV ;1;35,0;3145
2019-02-03 00:00:00.000;259,0;USV ;3;92,0;3215
2019-01-02 00:00:00.000;179,0;VRP ;;46,0;1978
2019-02-08 00:00:00.000;750,0;USV ;4;20,0;3379
2019-01-27 00:00:00.000;310,0;USV ;4;0,0;3000
2019-01-07 00:00:00.000;709,0;USV ;4;38,0;2206
2019-02-01 00:00:00.000;589,0;USV ;4;65,0;3139
2019-01-24 00:00:00.000;417,0;USV ;4;0,0;2912
2019-01-07 00:00:00.000;231,0;VRL ;4;100,0;2248
2019-01-07 00:00:00.000;691,0;USV ;3;102,0;2210
2019-01-13 00:00:00.000;250,0;USV ;1;23,0;2584
2019-01-02 00:00:00.000;384,0;VRL ;3;32,0;1881
2019-01-28 00:00:00.000;214,0;USV ;3;0,0;3042
2019-01-20 00:00:00.000;157,0;USV ;1;105,0;2797
2019-01-02 00:00:00.000;620,0;VRL ;1;38,0;1912
2019-01-12 00:00:00.000;492,0;VRL ;;42,0;2473
2019-01-25 00:00:00.000;127,0;USV ;3;0,0;2960
2019-01-02 00:00:00.000;188,0;VRP ;3;73,0;1958
2019-01-02 00:00:00.000;227,0;VRP ;3;34,0;1948
2019-01-07 00:00:00.000;284,0;VRL ;3;25,0;2278
2019-01-26 00:00:00.000;378,0;USV ;1;0,0;2970
2019-01-22 00:00:00.000;692,0;USV ;;0,0;2868
2019-01-31 00:00:00.000;435,0;VRL ;;0,0;3115
2019-01-05 00:00:00.000;495,0;USV ;4;50,0;2082
2019-02-07 00:00:00.000;338,0;USV ;4;54,0;3345
2019-01-02 00:00:00.000;592,0;VRP ;4;52,0;1960
2019-01-12 00:00:00.000;214,0;VRL ;4;20,0;2515
2019-01-07 00:00:00.000;128,0;VRL ;1;28,0;2226
2019-01-20 00:00:00.000;160,0;USV ;1;72,0;2779
2019-01-23 00:00:00.000;633,0;USV ;3;0,0;2880
2019-01-02 00:00:00.000;167,0;VRP ;3;34,0;1968
2019-01-18 00:00:00.000;286,0;USV ;3;70,0;2717
2019-01-24 00:00:00.000;693,0;USV ;;0,0;2913
2019-01-28 00:00:00.000;144,0;USV ;3;0,0;3059
2019-02-07 00:00:00.000;306,0;USV ;3;52,0;3354
2019-01-28 00:00:00.000;728,0;USV ;1;0,0;3056
2019-01-19 00:00:00.000;741,0;USV ;;22,0;2763
2019-02-04 00:00:00.000;497,0;USV ;4;43,0;3260
2019-01-07 00:00:00.000;272,0;USV ;4;74,0;2236
2019-01-22 00:00:00.000;245,0;USV ;;0,0;2873
2019-01-02 00:00:00.000;184,0;VRL ;3;28,0;1876
2019-01-09 00:00:00.000;132,0;USV ;;37,0;2353
2019-01-21 00:00:00.000;329,0;USV ;;0,0;2845
2019-01-31 00:00:00.000;218,0;VRL ;4;73,8;3118
2019-01-24 00:00:00.000;396,0;USV ;;0,0;2919
2019-01-07 00:00:00.000;484,0;VRL ;3;95,0;2277
2019-01-22 00:00:00.000;326,0;USV ;1;89,9;2866
2019-01-13 00:00:00.000;575,0;USV ;1;34,0;2547
2019-01-16 00:00:00.000;330,0;USV ;3;99,0;2671
2019-01-06 00:00:00.000;193,0;USV ;1;26,0;2194
2019-02-04 00:00:00.000;551,0;USV ;1;77,0;3264
2019-01-10 00:00:00.000;129,0;USV ;1;93,0;2400
2019-01-06 00:00:00.000;552,0;VRL ;1;79,0;2142
2019-01-17 00:00:00.000;231,0;USV ;1;74,0;2686
2019-01-12 00:00:00.000;159,0;VRL ;3;20,0;2524
2019-01-02 00:00:00.000;196,0;VRP ;1;81,0;1989
2019-01-20 00:00:00.000;384,0;USV ;1;86,0;2784
2019-01-07 00:00:00.000;599,0;VRL ;4;23,0;2287
2019-02-06 00:00:00.000;586,0;USV ;3;29,0;3319
2019-01-05 00:00:00.000;124,0;USV ;1;51,0;2113
2019-01-05 00:00:00.000;572,0;USV ;4;44,0;2090
2019-01-26 00:00:00.000;321,0;USV ;1;0,0;2994
2019-01-07 00:00:00.000;553,0;VRL ;1;80,0;2243
2019-01-21 00:00:00.000;247,0;USV ;1;0,0;2824
2019-01-13 00:00:00.000;241,0;USV ;4;91,0;2583
2019-01-21 00:00:00.000;674,0;USV ;1;0,0;2854
2019-01-20 00:00:00.000;127,0;USV ;1;76,0;2788
2019-01-03 00:00:00.000;170,0;VRP ;;76,0;2023
2019-01-08 00:00:00.000;574,0;USV ;1;100,0;2345
2019-01-14 00:00:00.000;630,0;USV ;1;94,0;2597
2019-02-01 00:00:00.000;318,0;USV ;;76,0;3140
2019-01-08 00:00:00.000;378,0;USV ;1;34,0;2316
2019-02-01 00:00:00.000;318,0;USV ;4;107,0;3134
2019-01-31 00:00:00.000;281,0;VRL ;3;208,1;3114
2019-01-07 00:00:00.000;669,0;VRL ;1;63,0;2244
2019-01-07 00:00:00.000;711,0;USV ;1;103,0;2207
2019-02-04 00:00:00.000;659,0;USV ;3;104,0;3250
2019-03-29 00:00:00.000;210,0;VRO ;1;32,9;3421
2019-12-08 00:00:00.000;643,0;309;1;60,0;3425
2019-03-29 00:00:00.000;698,0;VRO ;1;109,9;3423
2019-02-02 00:00:00.000;107,0;USV ;1;62,0;3191
2019-01-02 00:00:00.000;633,0;USV ;4;97,0;1966
2019-02-08 00:00:00.000;317,0;USV ;4;64,0;3403
2019-01-12 00:00:00.000;450,0;USV ;1;80,0;2465
2019-01-18 00:00:00.000;181,0;USV ;1;43,0;2714
2019-01-10 00:00:00.000;730,0;USV ;1;76,0;2392
2019-01-24 00:00:00.000;264,0;USV ;;96,6;2920
2019-01-25 00:00:00.000;366,0;USV ;1;0,0;2931
2019-01-22 00:00:00.000;545,0;USV ;3;89,9;2867
2019-01-09 00:00:00.000;606,0;USV ;3;60,0;2382
2019-01-27 00:00:00.000;170,0;USV ;1;0,0;3019
2019-03-29 00:00:00.000;164,0;VRO ;1;14,9;3419
2019-01-02 00:00:00.000;298,0;VRL ;3;98,0;1883
2019-01-12 00:00:00.000;490,0;USV ;3;95,0;2493
2019-01-20 00:00:00.000;305,0;USV ;1;78,0;2778
2019-01-05 00:00:00.000;448,0;USV ;1;88,0;2085
2019-03-29 00:00:00.000;583,0;VRO ;1;32,9;3420
2019-01-12 00:00:00.000;333,0;VRL ;1;107,0;2523
2019-01-28 00:00:00.000;134,0;USV ;3;0,0;3057
2019-01-11 00:00:00.000;518,0;USV ;4;40,0;2428
2019-01-27 00:00:00.000;569,0;USV ;4;0,0;3003
2019-02-06 00:00:00.000;463,0;USV ;;89,0;3338
2019-01-23 00:00:00.000;673,0;USV ;1;57,7;2905
2019-01-03 00:00:00.000;702,0;VRP ;4;27,0;2011
2019-01-18 00:00:00.000;207,0;USV ;4;86,0;2740
2019-02-07 00:00:00.000;546,0;USV ;1;62,0;3347
2019-01-31 00:00:00.000;210,0;VRL ;1;17,9;3110
2019-01-02 00:00:00.000;290,0;VRP ;1;73,0;1988
2019-01-19 00:00:00.000;611,0;USV ;3;21,0;2749
2019-01-25 00:00:00.000;614,0;USV ;1;0,0;2956
2019-01-06 00:00:00.000;555,0;VRL ;1;69,0;2141
2019-01-17 00:00:00.000;290,0;USV ;1;43,0;2683
2019-02-01 00:00:00.000;637,0;USV ;4;79,0;3136
2019-01-02 00:00:00.000;668,0;VRP ;1;22,0;1964
2019-01-15 00:00:00.000;607,0;USV ;1;59,0;2647
2019-01-20 00:00:00.000;224,0;USV ;;80,0;2804
2019-02-04 00:00:00.000;631,0;USV ;3;75,0;3286
2019-01-11 00:00:00.000;621,0;USV ;1;28,0;2445
2019-01-02 00:00:00.000;624,0;VRL ;1;93,0;1928
2019-01-12 00:00:00.000;438,0;USV ;1;77,0;2511
2019-01-26 00:00:00.000;130,0;USV ;1;66,8;2967
2019-01-07 00:00:00.000;728,0;VRL ;1;101,0;2238
2019-01-02 00:00:00.000;737,0;USV ;4;101,0;1894
2019-01-04 00:00:00.000;126,0;VRP ;1;27,0;2058
2019-02-06 00:00:00.000;557,0;USV ;1;92,0;3327
2019-01-05 00:00:00.000;209,0;USV ;1;50,0;2078
2019-01-07 00:00:00.000;257,0;USV ;3;35,0;2291
2019-02-09 00:00:00.000;354,0;USV ;1;25,0;3417
2019-01-02 00:00:00.000;411,0;USV ;4;60,0;1893
2019-01-26 00:00:00.000;99,0;USV ;1;0,0;2969
2019-01-04 00:00:00.000;342,0;VRP ;1;107,0;2055
2019-02-04 00:00:00.000;395,0;USV ;1;77,0;3257
2019-01-11 00:00:00.000;612,0;USV ;1;92,0;2447
2019-02-01 00:00:00.000;722,0;USV ;1;61,0;3167
2019-02-05 00:00:00.000;672,0;USV ;1;51,0;3304
2019-01-06 00:00:00.000;128,0;VRL ;1;104,0;2145
2019-01-07 00:00:00.000;303,0;VRL ;1;97,0;2234
2019-01-23 00:00:00.000;534,0;USV ;1;0,0;2896
2019-01-05 00:00:00.000;564,0;USV ;1;87,0;2106
2019-01-18 00:00:00.000;202,0;USV ;1;66,0;2704
2019-02-01 00:00:00.000;519,0;USV ;3;37,0;3148
2019-02-05 00:00:00.000;193,0;USV ;3;48,0;3296
2019-02-06 00:00:00.000;223,0;USV ;1;99,0;3332
2019-01-19 00:00:00.000;300,0;USV ;1;72,0;2753
2019-01-31 00:00:00.000;341,0;USX ;3;103,5;3081
2019-01-26 00:00:00.000;233,0;USV ;1;0,0;2976
2019-02-01 00:00:00.000;537,0;USV ;;87,0;3168
2019-01-12 00:00:00.000;531,0;USV ;3;30,0;2487
2019-01-07 00:00:00.000;629,0;USV ;1;91,0;2242
2019-03-29 00:00:00.000;737,0;VRO ;1;14,9;3418
2019-01-02 00:00:00.000;487,0;VRL ;3;43,0;1891
2019-02-04 00:00:00.000;138,0;USV ;1;82,0;3277
2019-01-06 00:00:00.000;479,0;VRL ;$$;103,0;2143
2019-01-21 00:00:00.000;510,0;USV ;1;0,0;2840
2019-02-01 00:00:00.000;327,0;USV ;;101,0;3135
2019-01-04 00:00:00.000;214,0;VRP ;;22,0;2041
2019-01-02 00:00:00.000;660,0;VRP ;1;37,0;1987
2019-01-09 00:00:00.000;167,0;USV ;4;97,0;2352
2019-01-10 00:00:00.000;130,0;USV ;1;83,0;2393
2019-01-17 00:00:00.000;540,0;USV ;;44,0;2701
2019-01-13 00:00:00.000;561,0;USV ;3;43,0;2557
2019-01-21 00:00:00.000;428,0;USV ;1;34,9;2827
2019-02-09 00:00:00.000;367,0;USV ;1;28,0;3412
2019-01-24 00:00:00.000;576,0;USV ;1;0,0;2924
2019-01-18 00:00:00.000;563,0;USV ;;31,0;2724
